ts_et,mark,open_d,prev_close,sigma,ub,lb,close,vwap,position,action,detail,chain
2026-06-11T10:30:00-04:00,10:30,29030.25,28804.75,0.003925,29144.19,28690.81,29147.75,29127.83,0,NONE,,11e6a67c6a7b3bfe
2026-06-11T11:00:00-04:00,11:00,28753.50,28528.75,0.004468,28881.98,28400.27,28649.25,28835.77,0,NONE,,829de44d43e3f1dc
2026-06-11T11:30:00-04:00,11:30,28753.50,28528.75,0.006129,28929.73,28352.52,28757.25,28818.64,0,NONE,,b662233d71f3aedc
2026-06-11T12:00:00-04:00,12:00,28753.50,28528.75,0.006565,28942.26,28339.99,28858.00,28819.85,0,NONE,,811fe0386a6c61ff
2026-06-11T12:30:00-04:00,12:30,28753.50,28528.75,0.007709,28975.15,28307.10,28845.50,28827.88,0,NONE,,8ba80b622bfca805
2026-06-11T13:00:00-04:00,13:00,28753.50,28528.75,0.008147,28987.74,28294.51,28769.25,28830.90,0,NONE,,6c28db5e7db0436e
2026-06-11T13:30:00-04:00,13:30,28753.50,28528.75,0.008388,28994.69,28287.56,29087.00,28828.24,1,ENTER_LONG,,a09e94f167e766b6
2026-06-11T14:00:00-04:00,14:00,28753.50,28528.75,0.008133,28987.35,28294.90,29214.75,28869.28,1,NONE,,d0bf258a70ea5708
2026-06-11T14:30:00-04:00,14:30,28753.50,28528.75,0.008128,28987.21,28295.04,29188.00,28890.33,1,NONE,,3710be1fac7aec2e
2026-06-11T15:00:00-04:00,15:00,28753.50,28528.75,0.007824,28978.47,28303.78,29268.75,28905.77,1,NONE,,be01846750ec0281
2026-06-11T15:30:00-04:00,15:30,28753.50,28528.75,0.008839,29007.65,28274.60,29424.00,28928.50,1,NONE,,f5f5ce294f3bc39c
2026-06-11T16:00:00-04:00,16:00,28753.50,28528.75,0.008586,29000.37,28281.88,29457.25,28961.20,0,EOD_EXIT,,ca7d83746c719e14
2026-06-12T10:00:00-04:00,10:00,29496.25,28528.75,0.003623,29603.13,28421.87,29351.00,29344.13,0,NONE,,b91886cb0f17223e
2026-06-12T10:30:00-04:00,10:30,29496.25,28528.75,0.003779,29607.72,28417.28,29510.00,29425.55,0,NONE,,f7679f3cdfafa5da
2026-06-12T11:00:00-04:00,11:00,29496.25,28528.75,0.004468,29628.05,28396.95,29632.50,29450.47,1,ENTER_LONG,,317ab7021d4c4e45
2026-06-12T11:30:00-04:00,11:30,29496.25,28528.75,0.006129,29677.03,28347.97,29744.75,29488.01,1,NONE,,63bb7f7024593600
2026-06-12T12:00:00-04:00,12:00,29496.25,28528.75,0.006565,29689.89,28335.11,29439.75,29504.33,1,NONE,,cbcafa977b71167a
2026-06-12T12:30:00-04:00,12:30,29496.25,28528.75,0.007709,29723.62,28301.38,29594.00,29509.23,1,NONE,,a9b0a2ba71fb1e2d
2026-06-12T13:00:00-04:00,13:00,29496.25,28528.75,0.008147,29736.54,28288.46,29673.75,29516.04,1,NONE,,8d201225da9e2447
2026-06-12T13:30:00-04:00,13:30,29496.25,28528.75,0.008388,29743.67,28281.33,29719.75,29526.78,1,NONE,,4a1f0eebc5e2143a
2026-06-12T14:00:00-04:00,14:00,29496.25,28528.75,0.008133,29736.14,28288.86,29683.00,29534.34,1,NONE,,7e42dc91e2d7eddf
2026-06-12T14:30:00-04:00,14:30,29496.25,28528.75,0.008128,29736.00,28289.00,29664.50,29540.49,1,NONE,,78af248e778ffbd4
2026-06-12T15:00:00-04:00,15:00,29496.25,28528.75,0.007824,29727.04,28297.96,29644.50,29546.07,1,NONE,,c8adb597ccb74f46
2026-06-12T15:30:00-04:00,15:30,29496.25,28528.75,0.008839,29756.96,28268.04,29660.25,29550.64,1,NONE,,2d5bc95fad7379d5
2026-06-12T16:00:00-04:00,16:00,29496.25,28528.75,0.008586,29749.50,28275.50,29656.00,29554.85,0,EOD_EXIT,,571ab99ed5c94f63
2026-06-15T10:00:00-04:00,10:00,30332.25,29656.00,0.003805,30447.67,29540.58,30403.00,30412.27,0,NONE,,e81a592e6698d158
2026-06-15T10:30:00-04:00,10:30,30332.25,29656.00,0.003743,30445.78,29542.47,30457.75,30416.77,0,NONE,,714760bbd4ca4ee4
2026-06-15T11:00:00-04:00,11:00,30332.25,29656.00,0.004759,30476.61,29511.64,30474.75,30421.57,0,NONE,,ff3f7b37ab542174
2026-06-15T11:30:00-04:00,11:30,30332.25,29656.00,0.006689,30535.13,29453.12,30546.25,30436.36,0,NONE,,175dc3e608fd0b22
2026-06-15T12:00:00-04:00,12:00,30332.25,29656.00,0.006583,30531.93,29456.32,30579.00,30449.42,0,NONE,,d8a68e6610246fdb
2026-06-15T12:30:00-04:00,12:30,30332.25,29656.00,0.007874,30571.10,29417.15,30599.50,30460.18,0,NONE,,368a114708825d64
2026-06-15T13:00:00-04:00,13:00,30332.25,29656.00,0.008481,30589.50,29398.75,30566.25,30467.50,0,NONE,,d4304d0ceca11c15
2026-06-15T13:30:00-04:00,13:30,30332.25,29656.00,0.008455,30588.70,29399.55,30579.25,30473.66,0,NONE,,508b54221111e195
2026-06-15T14:00:00-04:00,14:00,30332.25,29656.00,0.007904,30571.99,29416.26,30555.00,30477.09,0,NONE,,478a368ee148248b
2026-06-15T14:30:00-04:00,14:30,30332.25,29656.00,0.007948,30573.32,29414.93,30538.50,30480.75,0,NONE,,152cc3c16c4fc1fc
2026-06-15T15:00:00-04:00,15:00,30332.25,29656.00,0.007893,30571.66,29416.59,30560.75,30483.96,0,NONE,,4cb55c5f7b55bbd9
2026-06-15T15:30:00-04:00,15:30,30332.25,29656.00,0.008726,30596.92,29391.33,30530.00,30486.30,0,NONE,,371ded50cc2f9695
2026-06-15T16:00:00-04:00,16:00,30332.25,29656.00,0.008416,30587.54,29400.71,30567.00,30490.28,0,NONE,,9ac9de2ca2fd23a9
2026-06-16T10:00:00-04:00,10:00,30503.75,30567.00,0.003823,30683.61,30387.14,30500.50,30517.85,0,NONE,,f8ed76db8c09d2c2
2026-06-16T10:30:00-04:00,10:30,30503.75,30567.00,0.004000,30689.03,30381.72,30374.25,30491.70,0,NONE,,359d4ec27c1b6dcd
2026-06-16T11:00:00-04:00,11:00,30503.75,30567.00,0.004931,30717.40,30353.35,30293.75,30443.92,0,NONE,,49a9746c59c1ede4
2026-06-16T11:30:00-04:00,11:30,30503.75,30567.00,0.006884,30776.97,30293.78,30230.75,30417.86,0,NONE,,d67548a96b7d1a8f
2026-06-16T12:00:00-04:00,12:00,30503.75,30567.00,0.006905,30777.63,30293.12,30160.75,30384.72,0,NONE,,9229c698c1dff1f5
2026-06-16T12:30:00-04:00,12:30,30503.75,30567.00,0.008294,30820.01,30250.74,30229.75,30372.83,0,NONE,,69707df57df5e010
2026-06-16T13:00:00-04:00,13:00,30503.75,30567.00,0.008811,30835.75,30235.00,30185.75,30358.85,0,NONE,,8f0fac4f502d9647
2026-06-16T13:30:00-04:00,13:30,30503.75,30567.00,0.008659,30831.15,30239.60,30145.00,30348.84,0,NONE,,1a8ba19a7686dbe5
2026-06-16T14:00:00-04:00,14:00,30503.75,30567.00,0.008189,30816.80,30253.95,30165.00,30337.12,0,NONE,,32a14d01a61257d7
2026-06-16T14:30:00-04:00,14:30,30503.75,30567.00,0.008238,30818.30,30252.45,30156.75,30331.91,0,NONE,,c0b395a4e69da390
2026-06-16T15:00:00-04:00,15:00,30503.75,30567.00,0.008263,30819.06,30251.69,30129.75,30326.95,0,NONE,,8dbc733137721452
2026-06-16T15:30:00-04:00,15:30,30503.75,30567.00,0.009121,30845.24,30225.51,30127.75,30313.89,0,NONE,,2745ca1d27c97e9b
2026-06-16T16:00:00-04:00,16:00,30503.75,30567.00,0.008902,30838.55,30232.20,29991.25,30299.44,0,NONE,,d62eb53b26e06e60
2026-06-17T10:00:00-04:00,10:00,30527.25,30310.75,0.003666,30639.15,30198.85,30347.75,30451.38,0,NONE,,3e067572f6736b2f
2026-06-17T10:30:00-04:00,10:30,30527.25,30310.75,0.003702,30640.25,30197.75,30509.25,30441.62,0,NONE,,d21745291752adc0
2026-06-17T11:00:00-04:00,11:00,30527.25,30310.75,0.004844,30675.13,30162.87,30358.25,30432.89,0,NONE,,6500e647716ea6da
2026-06-17T11:30:00-04:00,11:30,30527.25,30310.75,0.006750,30733.29,30104.71,30417.25,30427.78,0,NONE,,3a0024781106fe70
2026-06-17T12:00:00-04:00,12:00,30527.25,30310.75,0.007412,30753.51,30084.49,30450.00,30427.97,0,NONE,,4bba28cccdde2b8a
2026-06-17T12:30:00-04:00,12:30,30527.25,30310.75,0.008506,30786.92,30051.08,30457.50,30429.13,0,NONE,,785da430c3190f66
2026-06-17T13:00:00-04:00,13:00,30527.25,30310.75,0.008979,30801.35,30036.65,30408.50,30429.00,0,NONE,,e3d9c403e6ce7645
2026-06-17T13:30:00-04:00,13:30,30527.25,30310.75,0.009584,30819.82,30018.18,30418.00,30426.67,0,NONE,,ca1d7d8f61afd58b
2026-06-17T14:00:00-04:00,14:00,30527.25,30310.75,0.009406,30814.38,30023.62,30464.75,30426.24,0,NONE,,04d09f7fccf1430e
2026-06-17T14:30:00-04:00,14:30,30527.25,30310.75,0.009469,30816.30,30021.70,30241.75,30393.64,0,NONE,,d90af343caf63851
2026-06-17T15:00:00-04:00,15:00,30527.25,30310.75,0.009800,30826.42,30011.58,30274.00,30390.31,0,NONE,,971c7f5753e7e7d1
2026-06-17T15:30:00-04:00,15:30,30527.25,30310.75,0.010902,30860.04,29977.96,30128.75,30373.28,0,NONE,,cd54ebd68d1b6d5a
2026-06-17T16:00:00-04:00,16:00,30527.25,30310.75,0.011035,30864.13,29973.87,29994.75,30338.34,0,NONE,,3cdc829b050d5151
2026-06-18T10:00:00-04:00,10:00,30594.50,29994.75,0.003926,30714.60,29874.65,30468.25,30471.45,0,NONE,,31801b99bd0e6ca6
2026-06-18T10:30:00-04:00,10:30,30594.50,29994.75,0.003530,30702.49,29886.76,30520.75,30507.69,0,NONE,,ba4776094666cb46
2026-06-18T11:00:00-04:00,11:00,30594.50,29994.75,0.004930,30745.32,29843.93,30624.25,30525.08,0,NONE,,5ffb079cb2ea39a0
2026-06-18T11:30:00-04:00,11:30,30594.50,29994.75,0.006512,30793.73,29795.52,30582.75,30540.39,0,NONE,,45cd2263bfdf22eb
2026-06-18T12:00:00-04:00,12:00,30594.50,29994.75,0.007092,30811.48,29777.77,30640.50,30544.32,0,NONE,,e7f4537892d9ee2e
2026-06-18T12:30:00-04:00,12:30,30594.50,29994.75,0.008072,30841.45,29747.80,30682.50,30553.32,0,NONE,,d1b85608606610c1
2026-06-18T13:00:00-04:00,13:00,30594.50,29994.75,0.008606,30857.79,29731.46,30685.00,30560.53,0,NONE,,60166155dff9f081
2026-06-18T13:30:00-04:00,13:30,30594.50,29994.75,0.009258,30877.74,29711.51,30709.25,30567.43,0,NONE,,195990a4b6c880a1
2026-06-18T14:00:00-04:00,14:00,30594.50,29994.75,0.008920,30867.41,29721.84,30708.75,30572.55,0,NONE,,5d6aa06f6b5b0ba1
2026-06-18T14:30:00-04:00,14:30,30594.50,29994.75,0.009510,30885.47,29703.78,30693.00,30577.80,0,NONE,,90e201b03f0057d0
2026-06-18T15:00:00-04:00,15:00,30594.50,29994.75,0.009816,30894.83,29694.42,30690.25,30582.20,0,NONE,,116a8e868a7144a1
2026-06-18T15:30:00-04:00,15:30,30594.50,29994.75,0.011224,30937.88,29651.37,30688.00,30586.04,0,NONE,,280b982cc7281be8
2026-06-18T16:00:00-04:00,16:00,30594.50,29994.75,0.011686,30952.04,29637.21,30693.00,30595.24,0,NONE,,ae63882bf04366c9
2026-06-19T10:00:00-04:00,10:00,30644.75,29994.75,0.003926,30765.05,29874.45,30681.25,30666.62,0,NONE,,ce434bc9457afd46
2026-06-19T10:30:00-04:00,10:30,30644.75,29994.75,0.003530,30752.91,29886.59,30668.50,30666.73,0,NONE,,65b7e353d81eb7dd
2026-06-19T11:00:00-04:00,11:00,30644.75,29994.75,0.004930,30795.82,29843.68,30690.00,30668.68,0,NONE,,82498ceeff6fc5b1
2026-06-19T11:30:00-04:00,11:30,30644.75,29994.75,0.006512,30844.31,29795.19,30697.75,30672.14,0,NONE,,a0a7aed49775c686
2026-06-19T12:00:00-04:00,12:00,30644.75,29994.75,0.007092,30862.09,29777.41,30683.75,30672.57,0,NONE,,41f39937f030f4a1
2026-06-19T12:30:00-04:00,12:30,30644.75,29994.75,0.008072,30892.11,29747.39,30684.00,30672.66,0,NONE,,5817b56aeaf9cb54
2026-06-19T13:00:00-04:00,13:00,30644.75,29994.75,0.008606,30908.47,29731.03,30651.00,30673.20,0,NONE,,1931bf4a874665c6
2026-06-22T10:00:00-04:00,10:00,30822.50,30693.00,0.003900,30942.71,30572.79,30936.00,30853.53,0,NONE,,5876d92d278c2d34
2026-06-22T10:30:00-04:00,10:30,30822.50,30693.00,0.003645,30934.86,30580.64,30757.50,30860.36,0,NONE,,8b35e92a9d7afdb4
2026-06-22T11:00:00-04:00,11:00,30822.50,30693.00,0.004933,30974.54,30540.96,30639.75,30791.18,0,NONE,,6b79a8d462af0438
2026-06-22T11:30:00-04:00,11:30,30822.50,30693.00,0.006468,31021.85,30493.65,30597.00,30765.54,0,NONE,,577e2323810348c6
2026-06-22T12:00:00-04:00,12:00,30822.50,30693.00,0.007144,31042.69,30472.81,30557.00,30745.78,0,NONE,,6efc0f26bca379ee
2026-06-22T12:30:00-04:00,12:30,30822.50,30693.00,0.008232,31076.23,30439.27,30589.25,30728.62,0,NONE,,0064e138db2ae598
2026-06-22T13:00:00-04:00,13:00,30822.50,30693.00,0.008787,31093.35,30422.15,30589.00,30719.67,0,NONE,,568184004d0c09e6
2026-06-22T13:30:00-04:00,13:30,30822.50,30693.00,0.009491,31115.04,30400.46,30596.00,30713.30,0,NONE,,b4014668a06681ff
2026-06-22T14:00:00-04:00,14:00,30822.50,30693.00,0.008990,31099.61,30415.89,30615.00,30708.89,0,NONE,,5ca2fe840a7210af
2026-06-22T14:30:00-04:00,14:30,30822.50,30693.00,0.009727,31122.31,30393.19,30627.25,30706.16,0,NONE,,63b36c84d34d3f5e
2026-06-22T15:00:00-04:00,15:00,30822.50,30693.00,0.009903,31127.72,30387.78,30559.50,30701.87,0,NONE,,47e0e3cd631b9dcd
2026-06-22T15:30:00-04:00,15:30,30822.50,30693.00,0.011430,31174.81,30340.69,30552.25,30696.71,0,NONE,,33ca87746828906e
2026-06-22T16:00:00-04:00,16:00,30822.50,30693.00,0.011864,31188.19,30327.31,30654.25,30692.90,0,NONE,,6d1fcf07b6eb30aa
2026-06-23T10:00:00-04:00,10:00,29719.50,30693.00,0.003900,30808.91,29603.59,29926.75,29793.27,0,NONE,,81995383fddc8769
2026-06-23T10:30:00-04:00,10:30,29719.50,30693.00,0.003645,30801.34,29611.16,29983.25,29877.29,0,NONE,,d510798e711fe599
2026-06-23T11:00:00-04:00,11:00,29719.50,30693.00,0.004933,30839.60,29572.90,29854.50,29883.34,0,NONE,,6d33553bee27f560
2026-06-23T11:30:00-04:00,11:30,29719.50,30693.00,0.006468,30885.22,29527.28,29727.00,29868.62,0,NONE,,23aea9472e19fc63
2026-06-23T12:00:00-04:00,12:00,29719.50,30693.00,0.007144,30905.31,29507.19,29798.25,29854.75,0,NONE,,f8df6d330fb8eec6
2026-06-23T12:30:00-04:00,12:30,29719.50,30693.00,0.008232,30937.65,29474.85,29876.50,29856.11,0,NONE,,cd6631069ae9c16f
2026-06-23T13:00:00-04:00,13:00,29719.50,30693.00,0.008787,30954.16,29458.34,29863.25,29856.54,0,NONE,,0535dd7af4775f14
2026-06-23T13:30:00-04:00,13:30,29719.50,30693.00,0.009491,30975.07,29437.43,29866.00,29855.83,0,NONE,,67992b1cc7d0bc52
2026-06-23T14:00:00-04:00,14:00,29719.50,30693.00,0.008990,30960.19,29452.31,29733.50,29853.76,0,NONE,,b8a5ce3680569983
2026-06-23T14:30:00-04:00,14:30,29719.50,30693.00,0.009727,30982.08,29430.42,29734.25,29848.60,0,NONE,,df7b043d8f3a1927
2026-06-23T15:00:00-04:00,15:00,29719.50,30693.00,0.009903,30987.30,29425.20,29628.75,29836.09,0,NONE,,a9e76e015732c959
2026-06-23T15:30:00-04:00,15:30,29719.50,30693.00,0.011430,31032.70,29379.80,29710.75,29824.17,0,NONE,,ac98840eda4a1d9a
2026-06-23T16:00:00-04:00,16:00,29719.50,30693.00,0.011864,31045.60,29366.90,29650.00,29816.81,0,NONE,,5f6fa1b659a48c36
2026-06-24T10:00:00-04:00,10:00,29711.50,29650.00,0.004316,29839.74,29521.76,29687.75,29708.69,0,NONE,,a1a768f07f5774e5
2026-06-24T10:30:00-04:00,10:30,29711.50,29650.00,0.004188,29835.92,29525.58,29706.00,29683.99,0,NONE,,9bdde25cbdbbd537
2026-06-24T11:00:00-04:00,11:00,29711.50,29650.00,0.005039,29861.20,29500.30,29892.00,29713.54,1,ENTER_LONG,,1c4bbfcbad7f522f
2026-06-24T11:30:00-04:00,11:30,29711.50,29650.00,0.006163,29894.62,29466.88,29800.25,29728.77,1,NONE,,3a9016fff0112086
2026-06-24T12:00:00-04:00,12:00,29711.50,29650.00,0.006976,29918.78,29442.72,29756.25,29733.78,1,NONE,,b61967f65d1844c7
2026-06-24T12:30:00-04:00,12:30,29711.50,29650.00,0.008218,29955.67,29405.83,29753.75,29736.51,1,NONE,,9a63ac7f22d1f721
2026-06-24T13:00:00-04:00,13:00,29711.50,29650.00,0.008579,29966.38,29395.12,29606.75,29729.10,1,NONE,,074e638410cfed7b
2026-06-24T13:30:00-04:00,13:30,29711.50,29650.00,0.009260,29986.63,29374.87,29410.50,29707.83,1,NONE,,d619bfd2f5cb9a2d
2026-06-24T14:00:00-04:00,14:00,29711.50,29650.00,0.008255,29956.75,29404.75,29389.25,29682.55,0,CAT_STOP_DETECTED,,193036c23aae6995
2026-06-24T14:30:00-04:00,14:30,29711.50,29650.00,0.009045,29980.25,29381.25,29539.75,29667.66,0,NONE,,462b8286c851feba
2026-06-24T15:00:00-04:00,15:00,29711.50,29650.00,0.009454,29992.39,29369.11,29346.00,29651.12,0,NONE,,4cd95e3f31ffbaf3
2026-06-24T16:00:00-04:00,16:00,29711.50,29650.00,0.011535,30054.22,29307.28,29513.75,29617.86,0,NONE,,cda4a5dc4dcf3cb5
2026-06-25T10:00:00-04:00,10:00,30152.75,29513.75,0.004077,30275.68,29390.82,29318.50,29743.93,-1,ENTER_SHORT,,21950575300bfdaf
2026-06-25T10:30:00-04:00,10:30,30152.75,29513.75,0.004212,30279.75,29386.75,29586.75,29672.29,-1,NONE,,272b8151ebfaa21a
2026-06-25T11:00:00-04:00,11:00,30152.75,29513.75,0.005416,30316.06,29350.44,29635.50,29669.95,-1,NONE,,8e1d50ea8838e7fe
2026-06-25T11:30:00-04:00,11:30,30152.75,29513.75,0.006423,30346.42,29320.08,29613.50,29658.54,-1,NONE,,87eca1d0b6a4f41d
2026-06-25T12:00:00-04:00,12:00,30152.75,29513.75,0.006996,30363.71,29302.79,29658.75,29660.15,-1,NONE,,7fcc7cb95731c20b
2026-06-29T10:00:00-04:00,10:00,29644.25,29317.50,0.005646,29811.62,29150.13,29619.00,29722.20,0,NONE,,31e431b18bd995a2
2026-06-29T10:30:00-04:00,10:30,29644.25,29317.50,0.005441,29805.53,29156.22,29544.75,29593.38,0,NONE,,9c4134f5a51d478c
2026-06-29T11:00:00-04:00,11:00,29644.25,29317.50,0.006368,29833.02,29128.73,29714.75,29595.83,0,NONE,,2b1900a5d8754514
2026-06-29T11:30:00-04:00,11:30,29644.25,29317.50,0.007129,29855.60,29106.15,29770.00,29613.70,0,NONE,,8bf6e1da2d792083
2026-06-29T12:00:00-04:00,12:00,29644.25,29317.50,0.007568,29868.61,29093.14,29839.50,29630.21,0,NONE,,e6b8cc1a3b635884
2026-06-29T12:30:00-04:00,12:30,29644.25,29317.50,0.007859,29877.24,29084.51,29871.00,29646.01,0,NONE,,94ea48c8f9c1d55b
2026-06-29T13:00:00-04:00,13:00,29644.25,29317.50,0.008627,29899.98,29061.77,29916.00,29659.13,1,ENTER_LONG,,6397ae6c9c21ebb5
2026-06-29T13:30:00-04:00,13:30,29644.25,29317.50,0.009470,29924.99,29036.76,30011.50,29674.58,1,NONE,,0499b5c748958080
2026-06-29T14:00:00-04:00,14:00,29644.25,29317.50,0.008350,29891.79,29069.96,30003.75,29686.47,1,NONE,,82a4285a70fdaf08
2026-06-29T14:30:00-04:00,14:30,29644.25,29317.50,0.007818,29876.00,29085.75,29992.00,29695.30,1,NONE,,442e0532a9a4c35d
2026-06-29T15:00:00-04:00,15:00,29644.25,29317.50,0.008841,29906.34,29055.41,30032.75,29707.18,1,NONE,,51cd3d3fe3334206
2026-06-29T15:30:00-04:00,15:30,29644.25,29317.50,0.010139,29944.83,29016.92,30026.00,29718.46,1,NONE,,30cbdeb849a61ddb
2026-06-29T16:00:00-04:00,16:00,29644.25,29317.50,0.009854,29936.37,29025.38,30046.25,29731.98,0,EOD_EXIT,,a3c04caafa262795
2026-06-30T10:00:00-04:00,10:00,30047.25,30046.25,0.005308,30206.73,29886.77,30366.00,30224.75,1,ENTER_LONG,,ecf71e35c25b4938
2026-06-30T10:30:00-04:00,10:30,30047.25,30046.25,0.005666,30217.49,29876.01,30410.50,30282.85,1,NONE,,a52819935cf342f7
2026-06-30T11:00:00-04:00,11:00,30047.25,30046.25,0.006157,30232.24,29861.26,30305.25,30305.54,1,NONE,,4e049ca55e669ffe
2026-06-30T11:30:00-04:00,11:30,30047.25,30046.25,0.007163,30262.49,29831.01,30410.00,30316.97,1,NONE,,060c175eed669f8b
2026-06-30T12:00:00-04:00,12:00,30047.25,30046.25,0.007820,30282.21,29811.29,30460.25,30329.74,1,NONE,,de0d041f5c3c3acd
2026-06-30T12:30:00-04:00,12:30,30047.25,30046.25,0.008245,30295.00,29798.50,30494.50,30340.90,1,NONE,,bf7e03bea78d990e
2026-06-30T13:00:00-04:00,13:00,30047.25,30046.25,0.009116,30321.16,29772.34,30528.00,30350.81,1,NONE,,f749ef2bc7f05b3a
2026-06-30T13:30:00-04:00,13:30,30047.25,30046.25,0.010153,30352.31,29741.19,30530.25,30360.77,1,NONE,,3c1bf0584f1c1722
2026-06-30T14:00:00-04:00,14:00,30047.25,30046.25,0.009127,30321.50,29772.00,30524.50,30368.94,1,NONE,,49dc590d04f87eb5
2026-06-30T14:30:00-04:00,14:30,30047.25,30046.25,0.008463,30301.53,29791.97,30534.00,30376.36,1,NONE,,34d93579ab14e365
2026-06-30T15:00:00-04:00,15:00,30047.25,30046.25,0.009718,30339.23,29754.27,30554.00,30383.78,1,NONE,,603ac0df63874712
2026-06-30T15:30:00-04:00,15:30,30047.25,30046.25,0.010854,30373.40,29720.10,30575.75,30393.82,1,NONE,,4da107b2d726af09
2026-06-30T16:00:00-04:00,16:00,30047.25,30046.25,0.010675,30368.02,29725.48,30513.50,30406.63,0,EOD_EXIT,,3ea39aedd5d0a224
2026-07-01T10:00:00-04:00,10:00,30233.75,30513.50,0.005894,30691.69,30055.56,30282.50,30180.16,0,NONE,,b51eeee868014d2b
2026-07-01T10:30:00-04:00,10:30,30233.75,30513.50,0.005808,30689.08,30058.17,30285.00,30221.02,0,NONE,,3d028c7e9355b6ab
2026-07-01T11:00:00-04:00,11:00,30233.75,30513.50,0.005561,30681.62,30065.63,30193.25,30218.35,0,NONE,,d81a3291d99f71a0
2026-07-01T11:30:00-04:00,11:30,30233.75,30513.50,0.005917,30692.39,30054.86,30342.25,30227.74,0,NONE,,dbf49c0ca560bcb4
2026-07-01T12:00:00-04:00,12:00,30233.75,30513.50,0.006284,30703.49,30043.76,30255.00,30234.71,0,NONE,,d0305bec8f2266db
2026-07-01T12:30:00-04:00,12:30,30233.75,30513.50,0.006391,30706.74,30040.51,30245.50,30236.09,0,NONE,,05b29c9bb9dee8a0
2026-07-01T13:00:00-04:00,13:00,30233.75,30513.50,0.007223,30731.87,30015.38,30189.50,30235.04,0,NONE,,a3f250598706dbdb
2026-07-01T13:30:00-04:00,13:30,30233.75,30513.50,0.008903,30782.67,29964.58,30209.75,30232.62,0,NONE,,6b0d6223e70a0f38
2026-07-01T14:00:00-04:00,14:00,30233.75,30513.50,0.008067,30757.38,29989.87,30163.50,30230.78,0,NONE,,090f77dfdc07b7b4
2026-07-01T14:30:00-04:00,14:30,30233.75,30513.50,0.007764,30748.22,29999.03,30158.75,30228.16,0,NONE,,48a19b1692c71180
2026-07-01T15:00:00-04:00,15:00,30233.75,30513.50,0.009297,30794.59,29952.66,30132.25,30224.21,0,NONE,,e4174ecd55f36ab3
2026-07-01T15:30:00-04:00,15:30,30233.75,30513.50,0.010203,30821.99,29925.26,30190.25,30221.94,0,NONE,,8ca9add293f8da6c
2026-07-01T16:00:00-04:00,16:00,30233.75,30513.50,0.010277,30824.20,29923.05,30080.75,30216.02,0,NONE,,24dcefd165f7bd24
2026-07-02T10:00:00-04:00,10:00,30076.75,30080.75,0.005542,30247.42,29910.08,30258.00,30143.32,1,ENTER_LONG,,8becf79260b6a48a
2026-07-02T10:30:00-04:00,10:30,30076.75,30080.75,0.005073,30233.34,29924.16,29935.75,30142.27,0,CAT_STOP_DETECTED,,a785e3e89e7faa80
2026-07-02T11:00:00-04:00,11:00,30076.75,30080.75,0.005495,30246.02,29911.48,29840.00,30044.12,0,NONE,,fde2c0c9f6a1c8c3
2026-07-02T11:30:00-04:00,11:30,30076.75,30080.75,0.006065,30263.17,29894.33,29671.50,29972.84,0,NONE,,9fa54034564f0cca
2026-07-02T12:00:00-04:00,12:00,30076.75,30080.75,0.006279,30269.60,29887.90,29676.25,29941.07,0,NONE,,4a077bb145b8249d
2026-07-02T12:30:00-04:00,12:30,30076.75,30080.75,0.006166,30266.20,29891.30,29559.00,29907.44,0,NONE,,118c6c0097ccd284
2026-07-02T13:00:00-04:00,13:00,30076.75,30080.75,0.007014,30291.71,29865.79,29461.50,29870.59,0,NONE,,5d53ff9c538e5c26
2026-07-02T13:30:00-04:00,13:30,30076.75,30080.75,0.008564,30338.33,29819.17,29448.00,29840.10,0,NONE,,81b817c7ddaf00b6
2026-07-02T14:00:00-04:00,14:00,30076.75,30080.75,0.008070,30323.47,29834.03,29339.25,29812.63,0,NONE,,f0cd6e98d368b580
2026-07-02T14:30:00-04:00,14:30,30076.75,30080.75,0.007635,30310.38,29847.12,29487.75,29787.79,0,NONE,,84ccde32e99d53e7
2026-07-02T15:00:00-04:00,15:00,30076.75,30080.75,0.008967,30350.44,29807.06,29488.25,29771.65,0,NONE,,50d9847e3b4c9be2
2026-07-02T15:30:00-04:00,15:30,30076.75,30080.75,0.009581,30368.91,29788.59,29422.25,29753.34,0,NONE,,40ea6facc3a4706e
2026-07-02T16:00:00-04:00,16:00,30076.75,30080.75,0.009865,30377.45,29780.05,29538.50,29738.58,0,NONE,,e51dd10d03bf985a
2026-07-03T10:00:00-04:00,10:00,29921.75,29538.50,0.005595,30089.16,29371.09,29939.75,29930.63,0,NONE,,276290eab2172555
2026-07-03T10:30:00-04:00,10:30,29921.75,29538.50,0.005119,30074.92,29385.33,29907.50,29924.33,0,NONE,,6de35b17f42f3b75
2026-07-03T11:00:00-04:00,11:00,29921.75,29538.50,0.005807,30095.50,29364.75,29918.25,29922.14,0,NONE,,107a86f421e23048
2026-07-03T11:30:00-04:00,11:30,29921.75,29538.50,0.007006,30131.38,29328.87,29899.00,29920.85,0,NONE,,0c25ae51548a9ff8
2026-07-03T12:00:00-04:00,12:00,29921.75,29538.50,0.006965,30130.15,29330.10,29906.25,29918.41,0,NONE,,8eee04b76bdc3271
2026-07-03T12:30:00-04:00,12:30,29921.75,29538.50,0.007158,30135.93,29324.32,29900.75,29917.33,0,NONE,,ea066acfca876930
2026-07-03T13:00:00-04:00,13:00,29921.75,29538.50,0.008425,30173.85,29286.40,29903.75,29916.68,0,NONE,,93fa0c84ca47b04f
2026-07-06T10:00:00-04:00,10:00,29832.75,29538.50,0.005294,29990.68,29380.57,29935.75,29907.26,0,NONE,,ac2e74207c6c7fad
2026-07-06T10:30:00-04:00,10:30,29832.75,29538.50,0.005111,29985.23,29386.02,30012.25,29940.00,1,ENTER_LONG,,af479458c0538494
2026-07-06T11:00:00-04:00,11:00,29832.75,29538.50,0.005484,29996.34,29374.91,30025.50,29960.88,1,NONE,,83cb33bf01e7d089
2026-07-06T11:30:00-04:00,11:30,29832.75,29538.50,0.006459,30025.44,29345.81,30061.25,29968.20,1,NONE,,5e1ce6f5e3963a39
2026-07-06T12:00:00-04:00,12:00,29832.75,29538.50,0.006867,30037.61,29333.64,30074.00,29977.21,1,NONE,,46439112c33a7705
2026-07-06T12:30:00-04:00,12:30,29832.75,29538.50,0.006970,30040.69,29330.56,30033.00,29983.26,1,NONE,,5f4cdc25ae4ef7b3
2026-07-06T13:00:00-04:00,13:00,29832.75,29538.50,0.008043,30072.69,29298.56,29989.25,29985.65,1,NONE,,d24c97dacd8f0edd
2026-07-06T13:30:00-04:00,13:30,29832.75,29538.50,0.009234,30108.22,29263.03,29955.25,29986.57,1,NONE,,dce3425f2d0e2cf2
2026-07-06T14:00:00-04:00,14:00,29832.75,29538.50,0.008674,30091.51,29279.74,29896.75,29980.70,0,CAT_STOP_DETECTED,,f09f88fd33ed3728
2026-07-06T14:30:00-04:00,14:30,29832.75,29538.50,0.007953,30070.02,29301.23,29971.75,29979.32,0,NONE,,eade201d255c2f51
2026-07-06T15:00:00-04:00,15:00,29832.75,29538.50,0.009085,30103.79,29267.46,29990.75,29979.28,0,NONE,,4226188435f6ad70
2026-07-06T15:30:00-04:00,15:30,29832.75,29538.50,0.009470,30115.26,29255.99,30035.75,29981.08,0,NONE,,0696ef82f3f8323c
2026-07-06T16:00:00-04:00,16:00,29832.75,29538.50,0.009379,30112.55,29258.70,29951.75,29981.79,0,NONE,,be67bfd60417278b
2026-07-07T10:00:00-04:00,10:00,29591.75,29951.75,0.005377,30110.85,29432.65,29469.50,29531.80,0,NONE,,719702d16d28fc56
2026-07-07T10:30:00-04:00,10:30,29591.75,29951.75,0.005247,30107.02,29436.48,29303.75,29456.94,-1,ENTER_SHORT,,4089ab66277a7dcc
2026-07-07T11:00:00-04:00,11:00,29591.75,29951.75,0.005612,30117.83,29425.67,29302.50,29410.07,-1,NONE,,5e8df9763758dbd1
2026-07-07T11:30:00-04:00,11:30,29591.75,29951.75,0.006508,30144.33,29399.17,29315.25,29393.41,-1,NONE,,07b1d581f18b27f0
2026-07-07T12:00:00-04:00,12:00,29591.75,29951.75,0.006871,30155.06,29388.44,29387.75,29385.98,-1,NONE,,1d54d0c21722682f
2026-07-07T12:30:00-04:00,12:30,29591.75,29951.75,0.006826,30153.74,29389.76,29532.75,29394.43,-1,NONE,,06fcc708152eb4a6
2026-07-07T13:00:00-04:00,13:00,29591.75,29951.75,0.007869,30184.62,29358.88,29539.25,29404.41,0,CAT_STOP_DETECTED,,fe0a50cebefbb3dc
2026-07-07T13:30:00-04:00,13:30,29591.75,29951.75,0.008985,30217.64,29325.86,29533.75,29413.21,0,NONE,,6af2d5da257c04a4
2026-07-07T14:00:00-04:00,14:00,29591.75,29951.75,0.008374,30199.54,29343.96,29567.25,29418.92,0,NONE,,7c6e8a329e6e8b0c
2026-07-07T14:30:00-04:00,14:30,29591.75,29951.75,0.007875,30184.78,29358.72,29517.50,29423.80,0,NONE,,42fc695869a8420f
2026-07-07T15:00:00-04:00,15:00,29591.75,29951.75,0.009103,30221.12,29322.38,29390.75,29425.83,0,NONE,,449f82e236933b1f
2026-07-07T15:30:00-04:00,15:30,29591.75,29951.75,0.009561,30234.67,29308.83,29321.00,29418.54,0,NONE,,fc08d0f317c36df6
2026-07-07T16:00:00-04:00,16:00,29591.75,29951.75,0.009289,30226.63,29316.87,29395.25,29413.93,0,NONE,,31a6f6e7c6c7cf02
2026-07-08T10:00:00-04:00,10:00,29205.75,29951.75,0.005490,30112.08,29045.42,29366.25,29328.70,0,NONE,,72094ef2cb4d964f
2026-07-08T10:30:00-04:00,10:30,29205.75,29951.75,0.005491,30112.13,29045.37,29292.00,29319.28,0,NONE,,2b07ccf988942ee7
2026-07-08T11:00:00-04:00,11:00,29205.75,29951.75,0.005933,30125.03,29032.47,29212.25,29296.69,0,NONE,,0dbead704db3a974
2026-07-08T11:30:00-04:00,11:30,29205.75,29951.75,0.006941,30154.45,29003.05,29057.50,29266.68,0,NONE,,b77e8ed8aed432ee
2026-07-08T12:00:00-04:00,12:00,29205.75,29951.75,0.007393,30167.68,28989.82,29096.50,29243.80,0,NONE,,ad77117eda8b308a
2026-07-08T12:30:00-04:00,12:30,29205.75,29951.75,0.007386,30167.48,28990.02,29276.00,29240.04,0,NONE,,a5bde0cb4226ce65
2026-07-08T13:00:00-04:00,13:00,29205.75,29951.75,0.008371,30196.23,28961.27,29372.50,29246.91,0,NONE,,b0580701b7a0f969
2026-07-08T13:30:00-04:00,13:30,29205.75,29951.75,0.008983,30214.10,28943.40,29440.75,29254.52,0,NONE,,4fa2f1c02ec15722
2026-07-08T14:00:00-04:00,14:00,29205.75,29951.75,0.008371,30196.24,28961.26,29352.75,29261.06,0,NONE,,17517d278870cdfc
2026-07-08T14:30:00-04:00,14:30,29205.75,29951.75,0.007869,30181.58,28975.92,29372.00,29267.42,0,NONE,,4e340207188d26fd
2026-07-08T15:00:00-04:00,15:00,29205.75,29951.75,0.009099,30217.50,28940.00,29406.00,29272.64,0,NONE,,d85fd6186098afad
2026-07-08T15:30:00-04:00,15:30,29205.75,29951.75,0.009557,30230.88,28926.62,29425.50,29277.29,0,NONE,,d19ad857b9feb1e2
2026-07-08T16:00:00-04:00,16:00,29205.75,29951.75,0.009285,30222.94,28934.56,29457.25,29284.91,0,NONE,,24b90e08cd5d405b
2026-07-09T10:00:00-04:00,10:00,29748.75,29395.25,0.005623,29916.02,29227.98,29911.25,29830.53,0,NONE,,6dc3ec2305c7ef81
2026-07-09T10:30:00-04:00,10:30,29748.75,29395.25,0.005896,29924.16,29219.84,29763.75,29792.66,0,NONE,,34fa194d79349405
2026-07-09T11:00:00-04:00,11:00,29748.75,29395.25,0.006307,29936.37,29207.63,29787.25,29785.58,0,NONE,,ea2d65191d4f6420
2026-07-09T11:30:00-04:00,11:30,29748.75,29395.25,0.007114,29960.38,29183.62,29875.25,29793.80,0,NONE,,eb834dde4524c571
2026-07-09T12:00:00-04:00,12:00,29748.75,29395.25,0.007315,29966.37,29177.63,29886.50,29799.94,0,NONE,,a548a38c5965eee0
2026-07-09T12:30:00-04:00,12:30,29748.75,29395.25,0.006908,29954.24,29189.76,29890.25,29806.07,0,NONE,,02bb75f40fd84aad
2026-07-09T13:00:00-04:00,13:00,29748.75,29395.25,0.007953,29985.33,29158.67,29897.25,29811.29,0,NONE,,fbacba3cc6ba5530
2026-07-09T13:30:00-04:00,13:30,29748.75,29395.25,0.008544,30002.92,29141.08,29988.50,29819.53,0,NONE,,f8ec2bacab18fa5c
2026-07-09T14:00:00-04:00,14:00,29748.75,29395.25,0.007908,29983.99,29160.01,29974.50,29826.42,0,NONE,,2a1e532de3511cf8
2026-07-09T14:30:00-04:00,14:30,29748.75,29395.25,0.007569,29973.92,29170.08,29957.50,29832.10,0,NONE,,23725eb574aef23c
2026-07-09T15:00:00-04:00,15:00,29748.75,29395.25,0.009056,30018.15,29125.85,29939.00,29836.75,0,NONE,,083ab84989d7bcda
2026-07-09T15:30:00-04:00,15:30,29748.75,29395.25,0.009751,30038.83,29105.17,29931.50,29841.50,0,NONE,,0b36e03cf2ae9352
2026-07-09T16:00:00-04:00,16:00,29748.75,29395.25,0.009203,30022.53,29121.47,29948.50,29846.28,0,NONE,,0fb3139e9ca6465e
2026-07-10T10:00:00-04:00,10:00,29837.50,29948.50,0.006004,30127.65,29658.35,29922.50,29896.08,0,NONE,,e6102dc8bcae1906
2026-07-10T10:30:00-04:00,10:30,29837.50,29948.50,0.005630,30116.49,29669.51,29907.25,29906.63,0,NONE,,cee64e47a658bc53
2026-07-10T11:00:00-04:00,11:00,29837.50,29948.50,0.005911,30124.88,29661.12,29817.75,29891.17,0,NONE,,c3295fe1d948a73c
2026-07-10T11:30:00-04:00,11:30,29837.50,29948.50,0.006780,30150.80,29635.20,29979.75,29890.63,0,NONE,,3d159b11153b8f16
2026-07-10T12:00:00-04:00,12:00,29837.50,29948.50,0.006848,30152.83,29633.17,29944.50,29894.07,0,NONE,,9ce7a27f9a708808
2026-07-10T12:30:00-04:00,12:30,29837.50,29948.50,0.006610,30145.72,29640.28,30013.50,29902.28,0,NONE,,2c225a68e58d84eb
2026-07-10T13:00:00-04:00,13:00,29837.50,29948.50,0.007577,30174.58,29611.42,30026.75,29907.96,0,NONE,,3b5847dc1ebbfd30
2026-07-10T13:30:00-04:00,13:30,29837.50,29948.50,0.008301,30196.17,29589.83,30050.00,29912.75,0,NONE,,c47461e88142ed8c
2026-07-10T14:00:00-04:00,14:00,29837.50,29948.50,0.007674,30177.48,29608.52,30038.75,29918.24,0,NONE,,b45e9adffb7ca378
2026-07-10T14:30:00-04:00,14:30,29837.50,29948.50,0.007281,30165.74,29620.26,30045.50,29923.95,0,NONE,,5f73966f764d7950
2026-07-10T15:00:00-04:00,15:00,29837.50,29948.50,0.008657,30206.81,29579.19,30037.75,29926.85,0,NONE,,7b58e7a1ded94ebd
2026-07-10T15:30:00-04:00,15:30,29837.50,29948.50,0.009338,30227.13,29558.87,30047.00,29931.01,0,NONE,,7b3075c7e74a16a6
2026-07-10T16:00:00-04:00,16:00,29837.50,29948.50,0.008522,30202.77,29583.23,30037.25,29935.41,0,NONE,,4b7188f54131b39a
2026-07-13T10:00:00-04:00,10:00,29709.75,30037.25,0.005787,30209.18,29537.82,29631.00,29605.94,0,NONE,,0a0c15a1f46e1654
2026-07-13T10:30:00-04:00,10:30,29709.75,30037.25,0.005755,30208.22,29538.78,29701.25,29610.28,0,NONE,,5321d12271e1d007
2026-07-13T11:00:00-04:00,11:00,29709.75,30037.25,0.005563,30202.51,29544.49,29717.75,29624.38,0,NONE,,ecb785eafbfe2949
2026-07-13T15:00:00-04:00,15:00,29710.50,30037.25,0.008826,30299.48,29448.27,29492.75,29598.15,0,NONE,,1927e94dcb814744
2026-07-13T15:30:00-04:00,15:30,29710.50,30037.25,0.009242,30311.83,29435.92,29420.25,29590.91,-1,ENTER_SHORT,,aea886d85974de01
2026-07-13T16:00:00-04:00,16:00,29710.50,30037.25,0.008157,30279.60,29468.15,29466.75,29582.49,0,EOD_EXIT,,60710dc27a20b0bc
2026-07-14T10:00:00-04:00,10:00,29811.75,29466.75,0.005826,29985.45,29293.05,29780.50,29752.90,0,NONE,,93464ff48e94eee4
2026-07-14T10:30:00-04:00,10:30,29811.75,29466.75,0.005682,29981.14,29297.36,29684.25,29713.22,0,NONE,,3a693621ecad4456
2026-07-14T11:00:00-04:00,11:00,29811.75,29466.75,0.005117,29964.30,29314.20,29774.00,29721.31,0,NONE,,98c898d580969545
2026-07-14T11:30:00-04:00,11:30,29811.75,29466.75,0.006670,30010.58,29267.92,29884.50,29738.42,0,NONE,,a5335a8d8c7f09e4
2026-07-14T12:00:00-04:00,12:00,29811.75,29466.75,0.006704,30011.61,29266.89,29785.75,29748.97,0,NONE,,cd2ce3b2dbc95baa
2026-07-14T12:30:00-04:00,12:30,29811.75,29466.75,0.006679,30010.87,29267.63,29779.00,29748.27,0,NONE,,78f3de09f79cd49d
2026-07-14T13:00:00-04:00,13:00,29811.75,29466.75,0.007869,30046.34,29232.16,29826.75,29751.26,0,NONE,,a5cd76211a06e194
2026-07-14T13:30:00-04:00,13:30,29811.75,29466.75,0.008817,30074.59,29203.91,29850.00,29755.30,0,NONE,,412d93dd871fa267
2026-07-14T14:00:00-04:00,14:00,29811.75,29466.75,0.008194,30056.03,29222.47,29862.50,29758.45,0,NONE,,f8333d55ad2a2dc0
2026-07-14T14:30:00-04:00,14:30,29811.75,29466.75,0.007420,30032.95,29245.55,29853.75,29761.67,0,NONE,,5496304814623756
2026-07-14T15:00:00-04:00,15:00,29811.75,29466.75,0.008737,30072.22,29206.28,29824.25,29764.92,0,NONE,,8b2d05fd6491341d
2026-07-14T15:30:00-04:00,15:30,29811.75,29466.75,0.009312,30089.37,29189.13,29797.75,29766.83,0,NONE,,5208f9301b6d2c45
2026-07-14T16:00:00-04:00,16:00,29811.75,29466.75,0.008353,30060.77,29217.73,29786.00,29768.60,0,NONE,,699ca55fe963c20b
2026-07-15T10:00:00-04:00,10:00,29956.00,29786.00,0.005403,30117.86,29624.14,29823.75,29849.18,0,NONE,,57a50f5632f307fa
2026-07-15T10:30:00-04:00,10:30,29956.00,29786.00,0.005354,30116.37,29625.63,29722.75,29815.89,0,NONE,,e39d0b6bff333c22
2026-07-15T11:00:00-04:00,11:00,29956.00,29786.00,0.004884,30102.29,29639.71,29631.25,29754.27,-1,ENTER_SHORT,,cdccb3f6513cb450
2026-07-15T11:30:00-04:00,11:30,29956.00,29786.00,0.006826,30160.48,29581.52,29640.00,29730.79,-1,NONE,,b296f9cf2e47ffd3
2026-07-15T12:00:00-04:00,12:00,29956.00,29786.00,0.006577,30153.02,29588.98,29580.75,29718.70,-1,NONE,,9ad3d4a8023aca69
2026-07-15T12:30:00-04:00,12:30,29956.00,29786.00,0.006379,30147.08,29594.92,29461.25,29694.31,-1,NONE,,28c4065dfb6363a7
2026-07-15T13:00:00-04:00,13:00,29956.00,29786.00,0.007559,30182.45,29559.55,29513.00,29673.29,-1,NONE,,8f2fca9cc9dca6f8
2026-07-15T13:30:00-04:00,13:30,29956.00,29786.00,0.008556,30212.31,29529.69,29603.75,29666.62,-1,NONE,,b2945b6447f40936
2026-07-15T14:00:00-04:00,14:00,29956.00,29786.00,0.008282,30204.09,29537.91,29686.25,29666.03,-1,NONE,,2cb0eee83ba67636
2026-07-15T14:30:00-04:00,14:30,29956.00,29786.00,0.007485,30180.21,29561.79,29725.25,29668.29,-1,NONE,,7f1ce51b6de02b73
2026-07-15T15:00:00-04:00,15:00,29956.00,29786.00,0.008550,30212.11,29529.89,29612.50,29667.72,-1,NONE,,f91dc3f2774f15ed
2026-07-15T15:30:00-04:00,15:30,29956.00,29786.00,0.009325,30235.33,29506.67,29643.75,29665.98,-1,NONE,,6d3ddc7b66eec730
2026-07-15T16:00:00-04:00,16:00,29956.00,29786.00,0.008248,30203.07,29538.93,29700.75,29665.85,0,EOD_EXIT,,0c2856bf22c35ad7
2026-07-16T10:00:00-04:00,10:00,29468.50,29700.75,0.005661,29867.58,29301.67,29346.50,29367.25,0,NONE,,f11bad1c782e1748
2026-07-16T10:30:00-04:00,10:30,29468.50,29700.75,0.005895,29874.46,29294.79,29482.75,29399.54,0,NONE,,2edcad787454c565
2026-07-16T11:00:00-04:00,11:00,29468.50,29700.75,0.005227,29854.78,29314.47,29435.50,29408.16,0,NONE,,dcae24838b79a2d5
2026-07-16T11:30:00-04:00,11:30,29468.50,29700.75,0.007366,29917.82,29251.43,29406.75,29405.32,0,NONE,,d4db19dae3c5ce7e
2026-07-16T12:00:00-04:00,12:00,29468.50,29700.75,0.007364,29917.76,29251.49,29392.50,29405.43,0,NONE,,a260a40efc8baeaf
2026-07-16T12:30:00-04:00,12:30,29468.50,29700.75,0.007457,29920.49,29248.76,29299.75,29395.00,0,NONE,,f0b4ed726fe6fcdd
2026-07-16T13:00:00-04:00,13:00,29468.50,29700.75,0.008364,29947.22,29222.03,29338.50,29388.61,0,NONE,,56591d9106fb80eb
2026-07-16T13:30:00-04:00,13:30,29468.50,29700.75,0.008673,29956.34,29212.91,29333.25,29383.72,0,NONE,,dc6eaa67f10aa41a
2026-07-16T14:00:00-04:00,14:00,29468.50,29700.75,0.008151,29940.95,29228.30,29243.50,29375.95,0,NONE,,f2d764adea47e4b6
2026-07-16T14:30:00-04:00,14:30,29468.50,29700.75,0.007622,29925.36,29243.89,29269.25,29368.78,0,NONE,,4fe2da42c2538a60
2026-07-16T15:00:00-04:00,15:00,29468.50,29700.75,0.008490,29950.94,29218.31,29210.50,29361.91,-1,ENTER_SHORT,,e0668f472288b0a9
2026-07-16T15:30:00-04:00,15:30,29468.50,29700.75,0.009283,29974.31,29194.94,29147.75,29351.87,-1,NONE,,4a167f686834fc16
2026-07-16T16:00:00-04:00,16:00,29468.50,29700.75,0.008381,29947.72,29221.53,29217.25,29337.45,0,EOD_EXIT,,42b2b88395fa728c
2026-07-17T10:00:00-04:00,10:00,28607.25,29217.25,0.003981,29331.13,28493.37,28678.00,28533.29,0,NONE,,16ad00de6746c111
2026-07-17T10:30:00-04:00,10:30,28607.25,29217.25,0.004589,29348.53,28475.97,28831.75,28660.99,0,NONE,,dd92d509fb0d0c9a
2026-07-17T11:00:00-04:00,11:00,28607.25,29217.25,0.004080,29333.96,28490.54,28726.50,28700.45,0,NONE,,456fa31cf2564d1e
2026-07-17T11:30:00-04:00,11:30,28607.25,29217.25,0.006238,29395.71,28428.79,28753.00,28702.32,0,NONE,,c2bd584c1112309b
2026-07-17T12:00:00-04:00,12:00,28607.25,29217.25,0.006379,29399.73,28424.77,28935.00,28718.45,0,NONE,,5c681b02c5462e97
2026-07-17T12:30:00-04:00,12:30,28607.25,29217.25,0.006946,29415.96,28408.54,28914.25,28738.13,0,NONE,,e5b8f1f537934373
2026-07-17T13:00:00-04:00,13:00,28607.25,29217.25,0.007563,29433.61,28390.89,28975.25,28753.46,0,NONE,,64b91e0470e39bad
2026-07-17T13:30:00-04:00,13:30,28607.25,29217.25,0.008084,29448.52,28375.98,29035.50,28769.25,0,NONE,,642dfd494eee5501
2026-07-17T14:00:00-04:00,14:00,28607.25,29217.25,0.007847,29441.74,28382.76,28896.00,28778.40,0,NONE,,4ea14ae24fb731d3
2026-07-17T14:30:00-04:00,14:30,28607.25,29217.25,0.007453,29430.47,28394.03,28851.75,28782.84,0,NONE,,316321f4c8fba004
2026-07-17T15:00:00-04:00,15:00,28607.25,29217.25,0.008218,29452.33,28372.17,28861.00,28785.79,0,NONE,,740f16674be8c820
2026-07-17T15:30:00-04:00,15:30,28607.25,29217.25,0.008946,29473.16,28351.34,28795.75,28785.63,0,NONE,,0fbba9c127df8851
2026-07-17T16:00:00-04:00,16:00,28607.25,29217.25,0.008033,29447.05,28377.45,28765.50,28786.89,0,NONE,,43074e75e42016ca
2026-07-20T10:00:00-04:00,10:00,29044.50,28765.50,0.003957,29159.44,28650.56,28996.25,29100.16,0,NONE,,6cb89b6fc4651022
2026-07-20T10:30:00-04:00,10:30,29044.50,28765.50,0.004583,29177.61,28632.39,29030.75,29042.53,0,NONE,,31deffbcff1b8f71
2026-07-20T11:00:00-04:00,11:00,29044.50,28765.50,0.004032,29161.59,28648.41,28892.25,29019.52,0,NONE,,8bd58499b1a4c57c
2026-07-20T11:30:00-04:00,11:30,29044.50,28765.50,0.006037,29219.85,28590.15,29015.25,29008.83,0,NONE,,233729f59c8e405f
2026-07-20T12:00:00-04:00,12:00,29044.50,28765.50,0.006563,29235.13,28574.87,29051.00,29009.99,0,NONE,,1f8f4ea3ca0967f5
2026-07-20T12:30:00-04:00,12:30,29044.50,28765.50,0.007230,29254.48,28555.52,29084.75,29016.20,0,NONE,,18d17e4da9986a8a
2026-07-20T13:00:00-04:00,13:00,29044.50,28765.50,0.007868,29273.02,28536.98,28983.00,29016.61,0,NONE,,438f0de3716021ed
2026-07-20T13:30:00-04:00,13:30,29044.50,28765.50,0.008485,29290.95,28519.05,28957.25,29012.27,0,NONE,,f0df7d7729440239
2026-07-20T14:00:00-04:00,14:00,29044.50,28765.50,0.008117,29280.27,28529.73,28957.00,29008.72,0,NONE,,53957a1bd9284c21
2026-07-20T14:30:00-04:00,14:30,29044.50,28765.50,0.007815,29271.47,28538.53,28948.50,29006.91,0,NONE,,cd95a1fd948de076
2026-07-20T15:00:00-04:00,15:00,29044.50,28765.50,0.008714,29297.60,28512.40,28870.50,29000.06,0,NONE,,a3f54283c2d48d72
2026-07-20T15:30:00-04:00,15:30,29044.50,28765.50,0.009189,29311.40,28498.60,28855.75,28989.59,0,NONE,,39e6cc4fb4ba64e8
2026-07-20T16:00:00-04:00,16:00,29044.50,28765.50,0.008326,29286.32,28523.68,28785.00,28979.86,0,NONE,,6e550300ff54943a
2026-07-21T10:00:00-04:00,10:00,29222.50,28785.00,0.004011,29339.71,28667.79,29154.00,29153.41,0,NONE,,ecb2f7f081f19d8f
2026-07-21T10:30:00-04:00,10:30,29222.50,28785.00,0.004379,29350.46,28657.04,29206.75,29143.65,0,NONE,,9163e6ff18b86d92
2026-07-21T11:00:00-04:00,11:00,29222.50,28785.00,0.004238,29346.36,28661.14,29237.75,29159.26,0,NONE,,246ef940d136c7d1
2026-07-21T11:30:00-04:00,11:30,29222.50,28785.00,0.005805,29392.13,28615.37,29307.25,29174.48,0,NONE,,099b7ab800144ca3
2026-07-21T12:00:00-04:00,12:00,29222.50,28785.00,0.006109,29401.02,28606.48,29259.25,29183.99,0,NONE,,bad391d5f8127b5a
2026-07-21T12:30:00-04:00,12:30,29222.50,28785.00,0.006783,29420.71,28586.79,29312.75,29192.58,0,NONE,,cd522894c1ce6a1e
2026-07-21T13:00:00-04:00,13:00,29222.50,28785.00,0.007364,29437.70,28569.80,29331.75,29199.33,0,NONE,,122188eeb4b3a384
2026-07-21T13:30:00-04:00,13:30,29222.50,28785.00,0.007815,29450.87,28556.63,29333.00,29205.31,0,NONE,,75f5f148ce4b091c
2026-07-21T14:00:00-04:00,14:00,29222.50,28785.00,0.007466,29440.69,28566.81,29341.75,29211.05,0,NONE,,837f91653db05c53
2026-07-21T14:30:00-04:00,14:30,29222.50,28785.00,0.007213,29433.27,28574.23,29325.25,29216.09,0,NONE,,a7cfa33f28c47d84
2026-07-21T15:00:00-04:00,15:00,29222.50,28785.00,0.008206,29462.30,28545.20,29328.00,29220.99,0,NONE,,1e4468672cd37aee
2026-07-21T15:30:00-04:00,15:30,29222.50,28785.00,0.008734,29477.72,28529.78,29293.75,29224.77,0,NONE,,2906438e0ec98180
2026-07-21T16:00:00-04:00,16:00,29222.50,28785.00,0.007995,29456.14,28551.36,29310.50,29230.86,0,NONE,,3208a536f0c496d2
2026-07-22T10:00:00-04:00,10:00,29090.75,29310.75,0.003414,29410.07,28991.43,29276.25,29178.08,0,NONE,,2dc086392741c1ba
2026-07-22T10:30:00-04:00,10:30,29090.75,29310.75,0.003565,29414.45,28987.05,29219.00,29204.56,0,NONE,,90bf0c4584eb8680
2026-07-22T11:00:00-04:00,11:00,29090.75,29310.75,0.003657,29417.13,28984.37,29241.00,29207.63,0,NONE,,1dbd2e673a186de8
2026-07-22T11:30:00-04:00,11:30,29090.75,29310.75,0.005148,29460.51,28940.99,29324.50,29221.25,0,NONE,,be5edf281b9b2d19
2026-07-22T12:00:00-04:00,12:00,29090.75,29310.75,0.005206,29462.20,28939.30,29330.00,29230.86,0,NONE,,6b42d319a953840d
2026-07-22T12:30:00-04:00,12:30,29090.75,29310.75,0.005935,29483.41,28918.09,29311.25,29236.44,0,NONE,,13268c2f571eda03
2026-07-22T13:00:00-04:00,13:00,29090.75,29310.75,0.006489,29499.51,28901.99,29311.00,29240.46,0,NONE,,c4f376aaad64fbe2
2026-07-22T13:30:00-04:00,13:30,29090.75,29310.75,0.006938,29512.59,28888.91,29305.75,29244.32,0,NONE,,8b3e704d4da4ab67
2026-07-22T14:00:00-04:00,14:00,29090.75,29310.75,0.006625,29503.49,28898.01,29244.00,29246.37,0,NONE,,b7a91c11a37748f6
2026-07-22T14:30:00-04:00,14:30,29090.75,29310.75,0.006310,29494.31,28907.19,29239.25,29246.10,0,NONE,,db502b1315ffcf12
2026-07-22T15:00:00-04:00,15:00,29090.75,29310.75,0.007263,29522.02,28879.48,29246.50,29245.45,0,NONE,,2ce2814b2766f225
2026-07-22T15:30:00-04:00,15:30,29090.75,29310.75,0.007654,29533.40,28868.10,29253.50,29245.19,0,NONE,,4373bd41bc1ad0af
2026-07-22T16:00:00-04:00,16:00,29090.75,29310.75,0.007098,29517.24,28884.26,29161.00,29242.59,0,NONE,,d0d2d6cc9b6857af
2026-07-23T10:00:00-04:00,10:00,28718.25,29161.00,0.003759,29268.96,28610.29,28707.50,28777.23,0,NONE,,08a28b03e46be15f
2026-07-23T10:30:00-04:00,10:30,28718.25,29161.00,0.003765,29269.11,28610.14,28732.25,28758.07,0,NONE,,5c070b3de77409fc
2026-07-23T11:00:00-04:00,11:00,28718.25,29161.00,0.003925,29273.73,28605.52,28598.75,28730.11,-1,ENTER_SHORT,,366a0490d4c6524b
2026-07-23T11:30:00-04:00,11:30,28718.25,29161.00,0.005469,29318.05,28561.20,28467.25,28692.29,-1,NONE,,a3b3f6cde50d274e
2026-07-23T12:00:00-04:00,12:00,28718.25,29161.00,0.005749,29326.09,28553.16,28588.50,28672.58,-1,NONE,,b5e0e4a428949a66
2026-07-23T12:30:00-04:00,12:30,28718.25,29161.00,0.006454,29346.33,28532.92,28707.00,28669.54,-1,NONE,,7f3bb4b92af3020d
2026-07-23T13:00:00-04:00,13:00,28718.25,29161.00,0.006920,29359.74,28519.51,28641.00,28669.37,-1,NONE,,0b72f418070c6cce
2026-07-23T13:30:00-04:00,13:30,28718.25,29161.00,0.007404,29373.62,28505.63,28652.75,28667.33,-1,NONE,,daf2557ac4c87c6b
2026-07-23T14:00:00-04:00,14:00,28718.25,29161.00,0.006830,29357.14,28522.11,28568.00,28664.09,-1,NONE,,9e5a23e7d7e54417
2026-07-23T14:30:00-04:00,14:30,28718.25,29161.00,0.006493,29347.46,28531.79,28574.75,28660.08,-1,NONE,,d9a870bd498f71de
2026-07-23T15:00:00-04:00,15:00,28718.25,29161.00,0.007401,29373.53,28505.72,28551.25,28656.60,-1,NONE,,527bfe02650a6294
2026-07-23T15:30:00-04:00,15:30,28718.25,29161.00,0.007945,29389.15,28490.10,28583.75,28652.55,-1,NONE,,9e65dcfd579da69a
2026-07-23T16:00:00-04:00,16:00,28718.25,29161.00,0.006904,29359.28,28519.97,28614.25,28646.80,0,EOD_EXIT,,8539dee24103b48c
2026-07-24T10:00:00-04:00,10:00,28539.00,28614.25,0.003351,28709.90,28443.35,28324.00,28471.58,0,NONE,,0b925d0d7ba13a11
2026-07-24T10:30:00-04:00,10:30,28539.00,28614.25,0.003466,28713.17,28440.08,28391.50,28429.23,0,NONE,,c4cbcc1788f86c44
2026-07-24T11:00:00-04:00,11:00,28539.00,28614.25,0.003663,28718.79,28434.46,28450.50,28403.87,0,NONE,,1ff0eb78474d9da0
2026-07-24T11:30:00-04:00,11:30,28539.00,28614.25,0.005134,28760.76,28392.49,28501.00,28416.66,0,NONE,,ad9db4535b15ab94
2026-07-24T12:00:00-04:00,12:00,28539.00,28614.25,0.005122,28760.43,28392.82,28576.75,28429.22,0,NONE,,efe0babb3c92953b
2026-07-24T12:30:00-04:00,12:30,28539.00,28614.25,0.005254,28764.18,28389.07,28566.00,28440.97,0,NONE,,bef60cc23db889d2
2026-07-24T13:00:00-04:00,13:00,28539.00,28614.25,0.005653,28775.58,28377.67,28494.50,28445.27,0,NONE,,c85d06a0cf7455b9
2026-07-24T13:30:00-04:00,13:30,28539.00,28614.25,0.006075,28787.62,28365.63,28514.75,28447.02,0,NONE,,4c9c33902690ac9a
2026-07-24T14:00:00-04:00,14:00,28539.00,28614.25,0.005454,28769.90,28383.35,28466.50,28449.01,0,NONE,,ad5a45d2685b16da
2026-07-24T14:30:00-04:00,14:30,28539.00,28614.25,0.005454,28769.90,28383.35,28337.50,28447.32,0,NONE,,2f4294483cb8c7bd
2026-07-24T15:00:00-04:00,15:00,28539.00,28614.25,0.006420,28797.47,28355.78,28302.00,28438.54,0,NONE,,23166e0a3d013f10
2026-07-24T15:30:00-04:00,15:30,28539.00,28614.25,0.006728,28806.25,28347.00,28253.25,28428.16,0,NONE,,a1bc97c3f874cd84
2026-07-24T16:00:00-04:00,16:00,28539.00,28614.25,0.005887,28782.25,28371.00,28283.50,28418.27,0,NONE,,b2ea72aae01269e5
2026-07-27T10:00:00-04:00,10:00,28593.00,28283.50,0.003651,28697.40,28179.10,28348.50,28490.40,0,NONE,,c0249839b018e4cd
2026-07-27T10:30:00-04:00,10:30,28593.00,28283.50,0.003414,28690.60,28185.90,28086.25,28381.26,0,NONE,,792bc0248bab1ab2
2026-07-27T11:00:00-04:00,11:00,28593.00,28283.50,0.003431,28691.10,28185.40,28170.00,28269.72,0,NONE,,3acdf011fe3f425f
2026-07-27T11:30:00-04:00,11:30,28593.00,28283.50,0.004690,28727.10,28149.40,28074.25,28243.93,0,NONE,,a214b33836169799
2026-07-27T12:00:00-04:00,12:00,28593.00,28283.50,0.004647,28725.86,28150.64,28062.50,28218.42,0,NONE,,fb2b41b15a32b2ff
2026-07-27T12:30:00-04:00,12:30,28593.00,28283.50,0.004850,28731.67,28144.83,28153.75,28207.98,0,NONE,,7753ba1c6a855f98
2026-07-27T13:00:00-04:00,13:00,28593.00,28283.50,0.005397,28747.33,28129.17,28047.25,28202.40,0,NONE,,1ae38c530af710b1
2026-07-27T13:30:00-04:00,13:30,28593.00,28283.50,0.005850,28760.27,28116.23,27998.50,28193.17,0,NONE,,d209ea7b687bf452
2026-07-27T14:00:00-04:00,14:00,28593.00,28283.50,0.005490,28749.97,28126.53,28104.50,28186.75,0,NONE,,f01cbf95b4854acd
2026-07-27T14:30:00-04:00,14:30,28593.00,28283.50,0.005633,28754.07,28122.43,28082.00,28182.81,0,NONE,,c5eaf33ddfa4c81c
2026-07-27T15:00:00-04:00,15:00,28593.00,28283.50,0.006643,28782.94,28093.56,28188.00,28178.65,0,NONE,,62afbf6c73ab212b
2026-07-27T15:30:00-04:00,15:30,28593.00,28283.50,0.006965,28792.14,28084.36,28244.00,28179.69,0,NONE,,1ee07ff9531b263b
2026-07-27T16:00:00-04:00,16:00,28593.00,28283.50,0.006249,28771.68,28104.82,28193.00,28180.33,0,NONE,,bccac86d57246a77
2026-07-28T10:00:00-04:00,10:00,27948.75,28283.50,0.003648,28385.46,27846.79,27665.50,27775.39,0,NONE,,7cd1577d456630ed
2026-07-28T10:30:00-04:00,10:30,27948.75,28283.50,0.003408,28378.75,27853.50,27706.25,27735.91,0,NONE,,517f06a5927a2ec7
2026-07-28T11:00:00-04:00,11:00,27948.75,28283.50,0.003431,28379.39,27852.86,27803.00,27748.04,0,NONE,,ae27a182fed46fea
2026-07-28T11:30:00-04:00,11:30,27948.75,28283.50,0.004682,28414.35,27817.90,27965.50,27771.58,0,NONE,,c1b1c7d28fae2f38
2026-07-28T12:00:00-04:00,12:00,27948.75,28283.50,0.004644,28413.30,27818.95,28048.50,27797.35,0,NONE,,96d97f83de9b7f29
2026-07-28T12:30:00-04:00,12:30,27948.75,28283.50,0.004845,28418.92,27813.33,27994.75,27814.90,0,NONE,,6de502e682e4d55a
2026-07-28T13:00:00-04:00,13:00,27948.75,28283.50,0.005391,28434.16,27798.09,28057.75,27829.90,0,NONE,,820d8b631c1d6d8b
2026-07-28T13:30:00-04:00,13:30,27948.75,28283.50,0.005845,28446.85,27785.40,27996.00,27841.08,0,NONE,,3d8ccc560b56beb0
2026-07-28T14:00:00-04:00,14:00,27948.75,28283.50,0.005484,28436.78,27795.47,27974.00,27847.49,0,NONE,,21ecb29fcee400dc
2026-07-28T14:30:00-04:00,14:30,27948.75,28283.50,0.005629,28440.84,27791.41,27927.75,27851.86,0,NONE,,230d2f0073e0aa05
2026-07-28T15:00:00-04:00,15:00,27948.75,28283.50,0.006638,28469.04,27763.21,27972.50,27855.85,0,NONE,,466e5874acb8f34d
2026-07-28T15:30:00-04:00,15:30,27948.75,28283.50,0.006960,28478.03,27754.22,28018.75,27861.81,0,NONE,,4def8de4b8fba384
2026-07-28T16:00:00-04:00,16:00,27948.75,28283.50,0.006243,28458.00,27774.25,27919.50,27866.40,0,NONE,,fdbba80b37f623a7
2026-07-29T10:00:00-04:00,10:00,27915.25,27919.50,0.004075,28033.26,27801.49,27735.25,27841.54,0,NONE,,559957c956de6ce2
2026-07-29T10:30:00-04:00,10:30,27915.25,27919.50,0.003329,28012.43,27822.32,27572.50,27771.78,0,NONE,,767c05b1ac689c84
2026-07-29T11:00:00-04:00,11:00,27915.25,27919.50,0.003097,28005.95,27828.80,27600.25,27723.42,0,NONE,,972f53b1e301fa1c
2026-07-29T11:30:00-04:00,11:30,27915.25,27919.50,0.004053,28032.64,27802.11,27555.75,27703.08,0,NONE,,818116c64da7fd7e
2026-07-29T12:00:00-04:00,12:00,27915.25,27919.50,0.004403,28042.42,27792.33,27518.75,27684.75,0,NONE,,7a3cdd56e3618f25
2026-07-29T12:30:00-04:00,12:30,27915.25,27919.50,0.004818,28054.00,27780.75,27551.00,27661.93,0,NONE,,95825829a2846cdc
2026-07-29T13:00:00-04:00,13:00,27915.25,27919.50,0.005539,28074.14,27760.61,27603.50,27651.64,0,NONE,,02cb090a08ffeb8b
2026-07-29T13:30:00-04:00,13:30,27915.25,27919.50,0.005823,28082.05,27752.70,27651.25,27654.38,0,NONE,,22c832a256a47341
2026-07-29T14:00:00-04:00,14:00,27914.75,27919.50,,,,27721.75,,0,DEPTH_SKIP,depth=13/14,f56d81e4ced9fbb9
2026-07-29T14:30:00-04:00,14:30,27914.75,27919.50,,,,27776.50,,0,DEPTH_SKIP,depth=13/14,4b6c5fbaf40bafaf
2026-07-29T15:00:00-04:00,15:00,27914.75,27919.50,0.006715,28106.95,27727.30,28057.75,27700.06,0,NONE,,1e06750478acf1ab
2026-07-29T15:30:00-04:00,15:30,27914.75,27919.50,0.006801,28109.35,27724.90,27711.00,27717.42,-1,ENTER_SHORT,,7054821ca1ef21b9
2026-07-29T16:00:00-04:00,16:00,27914.75,27336.50,0.007214,28116.14,27135.11,27336.50,27694.64,0,EOD_EXIT,,bad9a219375155fc
2026-07-30T10:00:00-04:00,10:00,27874.75,27336.50,0.004356,27996.17,27215.08,28150.50,27982.74,1,ENTER_LONG,,3ed97cd8a6d00824
2026-07-30T10:30:00-04:00,10:30,27874.75,27336.50,0.005197,28019.61,27191.64,28225.75,28050.36,1,NONE,,478740b50eb3f4b4
2026-07-30T11:00:00-04:00,11:00,27874.75,27336.50,0.004842,28009.73,27201.52,28071.25,28079.36,1,NONE,,6f9d2f01e0e86fc3
2026-07-30T11:30:00-04:00,11:30,27874.75,27336.50,0.005915,28039.64,27171.61,28010.00,28075.41,1,NONE,,895f475513a378d5
2026-07-30T12:00:00-04:00,12:00,27874.75,27336.50,0.006250,28048.98,27162.27,28079.00,28075.85,1,NONE,,adcff379942e0425
2026-07-30T12:30:00-04:00,12:30,27874.75,27336.50,0.006297,28050.28,27160.97,28144.00,28082.19,1,NONE,,9392fb72e791cb9e
2026-07-30T13:00:00-04:00,13:00,27874.75,27336.50,0.006837,28065.32,27145.93,28126.25,28083.85,1,NONE,,9e825214fa222e8c
2026-07-30T13:30:00-04:00,13:30,27874.75,27336.50,0.006929,28067.90,27143.35,28169.00,28088.67,1,NONE,,a879dc112d90c3d5
2026-07-30T14:00:00-04:00,14:00,27874.75,27336.50,0.006272,28049.57,27161.68,28178.00,28092.99,1,NONE,,54d7a5d588c93556
2026-07-30T14:30:00-04:00,14:30,27874.75,27336.50,0.006141,28045.92,27165.33,28182.50,28096.14,1,NONE,,ca29fafd469757dd
2026-07-30T15:00:00-04:00,15:00,27874.75,27336.50,0.006624,28059.40,27151.85,28181.00,28098.76,1,NONE,,31c9b9dbc9d9cc78
2026-07-30T15:30:00-04:00,15:30,27874.75,27336.50,0.006884,28066.63,27144.62,28243.25,28106.64,1,NONE,,0cbdb9027fe10a11
2026-07-30T16:00:00-04:00,16:00,27874.75,28229.50,0.007645,28442.61,27661.64,28229.50,28113.68,0,EOD_EXIT,,5d8d3cb52203c4c6
2026-07-31T10:00:00-04:00,10:00,28576.00,28229.50,0.004859,28714.85,28090.65,28359.50,28482.32,0,NONE,,c99dbb2fbf4b3ff0
2026-07-31T10:30:00-04:00,10:30,28576.00,28229.50,0.005929,28745.43,28060.07,28250.75,28353.83,0,NONE,,b0675a8c56be9b90
2026-07-31T11:00:00-04:00,11:00,28576.00,28229.50,0.005299,28727.41,28078.09,28308.50,28337.26,0,NONE,,37763c40fcf16e94
2026-07-31T11:30:00-04:00,11:30,28576.00,28229.50,0.005958,28746.26,28059.24,28150.25,28321.30,0,NONE,,bb08571ee44c34f3
2026-07-31T12:00:00-04:00,12:00,28576.00,28229.50,0.006443,28760.12,28045.38,28273.75,28307.13,0,NONE,,2230dd3fe57377f7
2026-07-31T12:30:00-04:00,12:30,28576.00,28229.50,0.006647,28765.95,28039.55,28363.75,28306.29,0,NONE,,3149af159349b86d
2026-07-31T13:00:00-04:00,13:00,28576.00,28229.50,0.007125,28779.59,28025.91,28367.25,28309.75,0,NONE,,f6bd5cd30412aead
2026-07-31T13:30:00-04:00,13:30,28576.00,28229.50,0.007108,28779.11,28026.39,28462.25,28315.65,0,NONE,,3d77f60ece4e457b
2026-07-31T14:00:00-04:00,14:00,28576.00,28229.50,0.006507,28761.94,28043.56,28428.75,28323.15,0,NONE,,0b11c8f14f707995
2026-07-31T14:30:00-04:00,14:30,28576.00,28229.50,0.006428,28759.68,28045.82,28422.25,28327.96,0,NONE,,b722ce3c04509cd8
2026-07-31T15:00:00-04:00,15:00,28576.25,28229.50,0.006930,28774.27,28031.48,28433.50,28331.31,0,NONE,,fed5c54b9959d92d
2026-07-31T15:30:00-04:00,15:30,28576.25,28229.50,0.007326,28785.61,28020.14,28475.00,28336.50,0,NONE,,314a1b2ef4e1f94a
2026-07-31T16:00:00-04:00,16:00,28576.25,28229.50,0.007645,28794.72,28011.03,28403.00,28344.30,0,NONE,,b698baa4a812c9a9
2026-08-03T10:00:00-04:00,10:00,28419.25,28403.00,0.005211,28567.35,28254.90,28623.50,28470.68,1,ENTER_LONG,,2c759c6ae9cc09cf
2026-08-03T10:30:00-04:00,10:30,28419.25,28403.00,0.006722,28610.30,28211.95,28677.75,28528.86,1,NONE,,9df3d993969c1a8e
2026-08-03T11:00:00-04:00,11:00,28419.25,28403.00,0.005949,28588.31,28233.94,28801.25,28576.05,1,NONE,,8f69136720eb0565
2026-08-03T11:30:00-04:00,11:30,28419.25,28403.00,0.006682,28609.14,28213.11,28734.25,28606.72,1,NONE,,20bd5e5cbd606850
2026-08-03T12:00:00-04:00,12:00,28419.25,28403.00,0.006943,28616.57,28205.68,28792.00,28625.40,1,NONE,,035e10f6b5ad97ce
2026-08-03T12:30:00-04:00,12:30,28419.25,28403.00,0.006756,28611.26,28210.99,28837.00,28640.40,1,NONE,,da859ce6e4a69dc4
2026-08-03T13:00:00-04:00,13:00,28419.25,28403.00,0.007194,28623.70,28198.55,28821.75,28651.05,1,NONE,,fbf9961263e3e189
2026-08-03T13:30:00-04:00,13:30,28419.25,28403.00,0.006884,28614.89,28207.36,28885.50,28663.16,1,NONE,,c297e2da0e1815ef
2026-08-03T14:00:00-04:00,14:00,28419.25,28403.00,0.006394,28600.96,28221.29,28917.75,28674.34,1,NONE,,55b8d80d166771b3
2026-08-03T14:30:00-04:00,14:30,28419.25,28403.00,0.006315,28598.71,28223.54,28892.75,28693.96,1,NONE,,e4d09caa6e1a781d
2026-08-03T15:00:00-04:00,15:00,28419.25,28403.00,0.006765,28611.50,28210.75,28907.75,28705.23,1,NONE,,5b895d247b1d7001
2026-08-03T15:30:00-04:00,15:30,28419.25,28403.00,0.006883,28614.87,28207.38,28913.25,28715.74,1,NONE,,936c028b921325a2
2026-08-03T16:00:00-04:00,16:00,28419.25,28403.00,0.007494,28632.23,28190.02,28900.75,28727.70,0,EOD_EXIT,,90ca96cff79d11c8
2026-08-04T10:00:00-04:00,10:00,29234.75,28900.75,0.005650,29399.92,28735.58,29467.00,29412.35,1,ENTER_LONG,,4bebf649eec36163
2026-08-04T10:30:00-04:00,10:30,29234.75,28900.75,0.007067,29441.34,28694.16,29558.00,29452.54,1,NONE,,7d6a0c0dadc41857
2026-08-04T11:00:00-04:00,11:00,29234.75,28900.75,0.006818,29434.08,28701.42,29549.50,29470.18,1,NONE,,e1d15c8ed7057b80
2026-08-04T11:30:00-04:00,11:30,29234.75,28900.75,0.007299,29448.14,28687.36,29639.50,29493.85,1,NONE,,076247561825bc70
2026-08-04T12:00:00-04:00,12:00,29234.75,28900.75,0.007818,29463.30,28672.20,29671.25,29513.63,1,NONE,,257abd69788de82c
2026-08-04T12:30:00-04:00,12:30,29234.75,28900.75,0.007728,29460.67,28674.83,29706.50,29528.79,1,NONE,,55f1767ba601872c
2026-08-04T13:00:00-04:00,13:00,29234.75,28900.75,0.008170,29473.59,28661.91,29743.00,29542.49,1,NONE,,bee90aa3120cb1bd
2026-08-04T13:30:00-04:00,13:30,29234.75,28900.75,0.007964,29467.58,28667.92,29818.75,29565.13,1,NONE,,9d8ea857af73abe0
2026-08-04T14:00:00-04:00,14:00,29234.75,28900.75,0.007525,29454.74,28680.76,29834.50,29589.69,1,NONE,,fd202ca0232e4233
2026-08-04T14:30:00-04:00,14:30,29234.75,28900.75,0.007404,29451.21,28684.29,29879.75,29608.92,1,NONE,,0674670efae34c3e
2026-08-04T15:00:00-04:00,15:00,29234.75,28900.75,0.007962,29467.53,28667.97,29881.50,29623.06,1,NONE,,72298be629576fd3
2026-08-04T15:30:00-04:00,15:30,29234.75,28900.75,0.008091,29471.30,28664.20,29900.00,29639.95,1,NONE,,16d7ce5a8b822179
2026-08-04T16:00:00-04:00,16:00,29234.75,28900.75,0.008643,29487.41,28648.09,29876.00,29659.59,0,EOD_EXIT,,40530c294689fb05
