atr,gap_size,volume_ratio,et_hour,day_of_week,signal_direction,session_displacement,adr_pct_used,fvg_to_sweep_bars,prior_setup_proximity,h1_trend_slope,sin_hour,cos_hour,session_volume_ratio,fvg_fill_pct,bar_body_ratio,sweep_window_vol,slope_direction_match,label
10.4625,7.75,0.8405764211959605,5,4,1,0.0,1.1801067715650464,20,120,-0.4271498701643338,0.9659258262890683,0.25881904510252074,0.8919104347283727,1.2903225806451613,0.3333333333333333,0.0,0,0
13.95,10.5,0.6325174392207041,12,4,1,-1.6308243727598568,2.0,20,120,-0.3276032404663217,1.2246467991473532e-16,-1.0,1.3400055601890466,1.1666666666666667,0.37209302325581395,0.0,0,0
15.3875,8.0,0.8852491019834453,13,4,1,-13.225020308692121,2.0,20,74,-0.44294401010819356,-0.2588190451025208,-0.9659258262890683,0.6463862966105118,1.65625,0.28205128205128205,0.0,0,0
14.425,7.5,0.9290782762953655,14,4,1,-16.187175043327557,2.0,20,33,-0.34935428038876415,-0.4999999999999997,-0.8660254037844388,0.9569359233196778,1.0666666666666667,0.6470588235294118,0.0,0,1
14.7,12.25,1.8047421796886158,15,4,1,-11.75170068027211,2.0,20,64,-0.12422360248448669,-0.7071067811865471,-0.7071067811865479,0.7531572904707233,1.3061224489795917,0.6363636363636364,0.0,0,1
6.575,4.75,1.4925937598487236,18,6,1,6.653992395437262,0.22806461830852073,20,95,0.01517998046141322,-1.0,-1.8369701987210297e-16,5.382205513784461,4.894736842105263,0.9012345679012346,0.0,1,0
8.2,7.25,2.1165109034267915,18,6,1,2.2865853658536586,0.3125329954598247,20,29,0.01517998046141322,-1.0,-1.8369701987210297e-16,0.8038647342995169,1.0,0.4117647058823529,0.0,1,1
7.2625,7.75,1.8234019501625136,20,6,1,12.013769363166952,0.5036241610738255,20,98,0.06190295610090304,-0.8660254037844386,0.5000000000000001,1.293701715333246,1.4516129032258065,0.3,0.0,1,1
6.5125,5.0,1.0316183348924228,7,1,1,7.255278310940499,0.3478616738285247,20,120,-0.009265446122323322,0.9659258262890683,-0.25881904510252063,2.3864541832669324,1.15,0.09090909090909091,0.0,0,0
6.65,4.25,0.668520942408377,9,1,1,3.1578947368421053,0.3478616738285247,20,91,0.25225551978961863,0.7071067811865476,-0.7071067811865475,0.6884772040467744,1.3529411764705883,0.0,0.0,1,0
10.2375,15.75,1.2953332924510945,9,1,0,-2.7594627594627594,0.38367096378146104,20,11,0.25225551978961863,0.7071067811865476,-0.7071067811865475,5.462892119357307,-0.6666666666666666,0.3956043956043956,5.462892119357307,0,1
16.725,13.5,4.275326153576745,10,1,0,-12.16741405082212,1.0527931246163291,20,76,0.17161659758130685,0.49999999999999994,-0.8660254037844387,0.8033434326017521,-0.8148148148148148,0.1956521739130435,0.8033434326017521,0,0
12.2375,13.5,1.3954886418045434,12,1,0,-14.872318692543411,1.0527931246163291,20,111,-0.9118541033434651,1.2246467991473532e-16,-1.0,1.5514738079325205,-1.0740740740740742,0.46774193548387094,0.0,1,0
13.6875,8.0,1.7772342751913448,14,1,0,-14.63013698630137,1.0527931246163291,20,116,-0.555169856104418,-0.4999999999999997,-0.8660254037844388,1.20121377001151,-1.09375,0.23255813953488372,0.0,1,1
14.35,7.25,1.3855214723926381,14,3,1,-16.114982578397214,1.281148810361819,20,120,-0.6654566744730764,-0.4999999999999997,-0.8660254037844388,0.66243057987692,1.8620689655172413,0.6923076923076923,0.0,0,1
12.0625,7.25,1.7981784784938006,14,3,1,-15.046632124352332,1.281148810361819,20,26,-0.6654566744730764,-0.4999999999999997,-0.8660254037844388,1.2837188259910648,2.8275862068965516,0.9056603773584906,0.0,0,1
10.55,6.5,1.8128513531180546,11,4,0,6.682464454976303,0.7362302795460836,20,120,0.4067072168337961,0.258819045102521,-0.9659258262890682,1.803815110163124,-0.8076923076923077,0.17073170731707318,0.0,0,0
9.175,8.0,1.2449904275686023,13,4,0,10.381471389645776,0.7509917889104161,20,109,0.6713102904455239,-0.2588190451025208,-0.9659258262890683,0.9486098450319052,-1.3125,0.6136363636363636,0.0,0,0
6.8375,4.25,0.6599198396793587,14,4,0,20.585009140767824,0.8164959867146415,20,45,0.6587371144776738,-0.4999999999999997,-0.8660254037844388,0.8737412858249419,-0.5294117647058824,0.045454545454545456,0.0,0,1
9.3375,4.75,0.9338414786030987,11,0,0,1.07095046854083,0.3823487135259451,20,120,0.046732522796334185,0.258819045102521,-0.9659258262890682,1.1975611027150972,-0.7368421052631579,0.125,0.0,0,1
8.8125,7.75,0.4250879249706917,12,0,0,6.156028368794326,0.5241722964879498,20,55,0.14380071711645467,1.2246467991473532e-16,-1.0,1.0107210426739541,-0.3548387096774194,0.3333333333333333,0.0,0,1
9.55,7.5,1.1248157506843546,14,0,0,-5.863874345549738,0.5893344832542763,20,120,-0.07785177228788225,-0.4999999999999997,-0.8660254037844388,3.7244015184773906,-0.3333333333333333,0.5853658536585366,0.0,1,1
10.0,6.5,2.6742896151548767,15,0,0,-12.025,0.7675722294092282,20,66,-0.26667804857230293,-0.7071067811865471,-0.7071067811865479,2.296308979282342,-2.230769230769231,0.5084745762711864,0.0,1,0
4.8125,2.5,1.0383247728170684,19,0,1,-16.83116883116883,0.7675722294092282,20,120,-0.2837717523270012,-0.9659258262890684,0.2588190451025203,1.153846153846154,2.8,0.19047619047619047,0.0,0,1
5.325,3.5,1.1558854718981972,2,1,1,0.0,0.30559629121528925,20,120,0.01054539462839404,0.49999999999999994,0.8660254037844387,1.3074031704526885,1.8571428571428572,0.47058823529411764,0.0,1,1
5.7375,4.25,3.036063110443276,3,1,1,0.0,0.30559629121528925,20,31,-0.03353646067647944,0.7071067811865475,0.7071067811865476,2.542834890965732,2.3529411764705883,0.2,2.542834890965732,0,0
4.9875,3.0,0.7019337016574586,7,1,1,-2.255639097744361,0.30559629121528925,20,120,-0.04168912848158014,0.9659258262890683,-0.25881904510252063,0.9790906073680716,1.8333333333333333,0.0,0.0,0,1
27.4,27.25,0.8212092763625292,9,1,0,2.217153284671533,0.8562372865320024,20,120,0.3254259132465975,0.7071067811865476,-0.7071067811865475,1.3708957591047572,-0.29357798165137616,0.23,1.3708957591047572,0,0
10.7125,10.5,0.9268787183833549,11,1,0,18.156359393232204,0.9934244760868537,20,94,0.4547515028084969,0.258819045102521,-0.9659258262890682,1.246237524423087,-0.21428571428571427,0.15789473684210525,0.0,0,0
3.9125,3.0,1.0055193176116408,5,2,0,0.0,0.299187282307761,20,120,0.22358927622086142,0.9659258262890683,0.25881904510252074,1.2042682926829267,-0.4166666666666667,0.42857142857142855,0.0,0,0
3.525,2.0,0.8197146562905318,7,2,0,-4.609929078014185,0.299187282307761,20,84,0.3401511548015569,0.9659258262890683,-0.25881904510252063,0.8378188626257899,-1.0,0.5833333333333334,0.0,0,1
9.7125,8.75,0.9767323657310668,13,2,1,-9.54954954954955,0.6537465392515852,20,120,-0.6869894401275112,-0.2588190451025208,-0.9659258262890683,1.3971756663568493,1.8285714285714285,0.8181818181818182,0.0,0,1
8.675,6.25,4.021050800278358,14,2,1,-7.17579250720461,0.6537465392515852,20,110,-0.60397595931578,-0.4999999999999997,-0.8660254037844388,1.0269090143883,2.04,0.6666666666666666,0.0,0,0
4.05,2.25,1.1684356252884172,21,2,0,-20.37037037037037,0.6559139784946236,20,120,-0.013666453128338458,-0.7071067811865477,0.7071067811865474,2.0700354609929077,-1.0,0.5,0.0,1,1
10.8,11.25,1.2141122801854167,10,3,0,2.4305555555555554,0.760752688172043,20,120,-0.17222344888495508,0.49999999999999994,-0.8660254037844387,2.0897766323024056,-0.13333333333333333,0.2692307692307692,2.0897766323024056,1,1
12.5125,23.25,3.425032406740602,11,3,0,-4.315684315684316,0.760752688172043,20,26,-0.004239084357796757,0.258819045102521,-0.9659258262890682,2.852183249821045,-0.6451612903225806,0.5147058823529411,0.0,1,0
6.825,5.75,0.8303487276154571,13,3,0,3.47985347985348,0.760752688172043,20,120,0.18372243592183965,-0.2588190451025208,-0.9659258262890683,1.3649998235522462,-0.43478260869565216,0.6458333333333334,0.0,0,1
9.3375,6.5,1.402310254411452,14,3,0,-1.900937081659973,0.760752688172043,20,29,0.3779320423821761,-0.4999999999999997,-0.8660254037844388,1.783625730994152,-0.4230769230769231,0.21951219512195122,0.0,0,0
12.625,7.5,1.1787276412645353,11,4,1,-7.603960396039604,0.8246676914730083,20,120,-0.5265650313629439,0.258819045102521,-0.9659258262890682,0.9495821772750406,2.3,0.6097560975609756,0.0,0,1
10.1125,7.0,1.0817560141653437,12,4,1,-9.542645241038318,0.8246676914730083,20,31,-0.6616868969810684,1.2246467991473532e-16,-1.0,1.0018220376952716,1.5,0.23809523809523808,0.0,0,1
7.0625,6.5,1.423288172830465,13,4,1,-8.106194690265486,0.8246676914730083,20,56,-0.5130517323208508,-0.2588190451025208,-0.9659258262890683,1.9373153795987266,2.5,0.8181818181818182,0.0,0,1
7.0875,5.0,0.7517709343076578,14,4,1,-8.253968253968253,0.8246676914730083,20,53,-0.1584456660893384,-0.4999999999999997,-0.8660254037844388,0.9629214934757332,1.75,0.3,0.0,0,0
8.825,4.75,0.8020597322348094,4,0,1,0.0,0.37048983917791806,20,120,-0.31458737341092397,0.8660254037844386,0.5000000000000001,0.8848976015770452,2.0526315789473686,0.5,0.0,0,0
9.0875,5.75,0.6949069539666993,4,0,1,0.0,0.4386894613151468,20,7,-0.31458737341092397,0.8660254037844386,0.5000000000000001,0.6848654384103404,1.608695652173913,0.29411764705882354,0.0,0,1
4.1125,2.75,1.522075557578516,7,0,1,5.471124620060791,0.4571217916225059,20,120,-0.3139773895169528,0.9659258262890683,-0.25881904510252063,0.6421381464769177,1.0909090909090908,0.23076923076923078,0.0,0,0
4.8,3.75,0.5667295767053114,7,0,1,-1.0416666666666667,0.4571217916225059,20,35,-0.3139773895169528,0.9659258262890683,-0.25881904510252063,0.9705372616984401,1.2,0.15384615384615385,0.0,0,1
15.225,12.0,0.9803853052857177,10,0,1,1.3300492610837438,0.4709460393530252,5,120,-0.13944039154121515,0.49999999999999994,-0.8660254037844387,0.9712388590739792,1.2916666666666667,0.22857142857142856,0.9712388590739792,0,0
9.3375,6.5,0.5652138225396044,12,0,1,-1.8473895582329316,0.517026865121423,20,120,-0.18932143939722113,1.2246467991473532e-16,-1.0,0.9549708070063184,1.2692307692307692,0.1,0.0,0,1
6.4,10.0,2.907446658188498,13,0,1,5.4296875,0.517026865121423,20,39,-0.16384323640965132,-0.2588190451025208,-0.9659258262890683,4.6722589891666315,2.7,0.8918918918918919,0.0,0,1
5.125,4.0,0.8126523803413319,15,0,1,7.219512195121951,0.517026865121423,20,120,0.14163344254531085,-0.7071067811865471,-0.7071067811865479,1.4318255776114546,2.125,0.7222222222222222,0.0,1,1
7.0375,7.0,1.1765608593813102,15,0,1,6.785079928952043,0.517026865121423,20,17,0.14163344254531085,-0.7071067811865471,-0.7071067811865479,2.0802633641636623,1.5714285714285714,0.29411764705882354,0.0,1,1
3.8125,2.0,0.5437037037037037,19,0,0,13.311475409836065,0.517026865121423,4,112,0.1735946914804155,-0.9659258262890684,0.2588190451025203,1.1334552102376598,-0.625,0.4117647058823529,0.0,0,1
3.4,2.0,1.4274146905725853,20,0,0,11.176470588235295,0.5154591813295356,20,38,0.06130618780737397,-0.8660254037844386,0.5000000000000001,3.691311386940097,-0.5,0.05,0.0,0,1
5.0625,3.5,2.811672388425699,20,0,0,1.3333333333333333,0.5154591813295356,20,26,0.06130618780737397,-0.8660254037844386,0.5000000000000001,4.588679245283019,-2.142857142857143,0.5384615384615384,0.0,0,1
14.375,8.75,8.079086663207057,11,2,1,-13.095652173913043,1.4411688423964726,20,120,-1.2311237149946854,0.258819045102521,-0.9659258262890682,0.8183724735544237,1.1428571428571428,0.02702702702702703,0.0,0,0
14.4875,8.0,0.9840277497680797,13,2,1,-11.268334771354615,1.4411688423964726,20,93,-0.7182246133154232,-0.2588190451025208,-0.9659258262890683,0.9332956244192154,1.46875,0.5714285714285714,0.0,0,1
15.15,8.25,1.0676321233778447,14,2,1,-14.092409240924091,1.4411688423964726,20,74,-0.21504306739310788,-0.4999999999999997,-0.8660254037844388,0.6326846908903048,1.5757575757575757,0.2391304347826087,0.0,0,1
12.0125,9.75,4.339043628296771,15,2,1,-6.971904266389179,1.4411688423964726,20,59,0.3467478695204484,-0.7071067811865471,-0.7071067811865479,1.2566328991799325,1.8717948717948718,0.32142857142857145,0.0,1,0
4.975,11.0,2.8664688427299705,3,3,0,0.0,0.1875335618984675,20,120,-0.01565075945750283,0.7071067811865475,0.7071067811865476,2.6835338034010783,-0.5681818181818182,0.6296296296296297,2.6835338034010783,1,1
32.5,20.5,1.4486210039496337,9,3,1,-2.146153846153846,0.6386054773018299,20,120,-0.40275387263338847,0.7071067811865476,-0.7071067811865475,1.1102625435891524,1.5,0.43956043956043955,1.1102625435891524,0,1
15.95,11.0,1.1705447045978405,10,3,1,1.1755485893416928,0.6386054773018299,20,36,-0.48271491938324046,0.49999999999999994,-0.8660254037844387,0.7675329140740248,1.4545454545454546,0.16666666666666666,0.7675329140740248,0,0
14.6875,8.5,2.0644605163569087,11,3,0,-5.923404255319149,0.6386054773018299,13,42,-0.2439850464900746,0.258819045102521,-0.9659258262890682,2.239805412692133,-2.5,0.6095238095238096,0.0,1,0
12.375,13.0,1.565523592827347,12,3,0,-10.808080808080808,0.6468668676938328,20,64,-0.2638451148131699,1.2246467991473532e-16,-1.0,1.7027569451779867,-0.7115384615384616,0.24074074074074073,0.0,1,1
7.325,6.25,3.4729228486646884,4,4,1,0.0,0.5722990777338604,20,120,-0.12322464492899442,0.8660254037844386,0.5000000000000001,1.1898527004909984,1.36,0.1111111111111111,0.0,0,1
10.4125,22.5,1.065312970033553,9,4,0,-3.9615846338535414,0.6809947299077733,20,120,0.18350422811389933,0.7071067811865476,-0.7071067811865475,5.926296243393801,-0.36666666666666664,0.5950413223140496,5.926296243393801,0,0
4.025,3.75,0.6661921708185053,4,0,1,0.0,0.21063671721365204,20,120,-0.019835248211580572,0.8660254037844386,0.5000000000000001,1.3968668407310705,2.1333333333333333,1.0,0.0,0,0
4.4875,4.75,0.5211046250561293,5,0,1,0.0,0.28754970939125113,20,39,-0.1425585624711883,0.9659258262890683,0.25881904510252074,1.199700822737472,1.263157894736842,0.5384615384615384,0.0,0,0
3.5125,3.25,1.4707536557930259,7,0,1,6.334519572953736,0.3452344535244504,20,120,-0.3321209080647489,0.9659258262890683,-0.25881904510252063,1.2323612417685794,1.2307692307692308,0.125,0.0,0,0
4.4125,7.0,0.9796878870448352,9,0,1,2.889518413597734,0.3688327579425774,20,67,-0.2181371390765936,0.7071067811865476,-0.7071067811865475,2.6122448979591835,1.1428571428571428,0.07142857142857142,0.0,0,0
9.1,12.5,0.5427581992259116,11,0,1,14.395604395604396,0.5768474413319932,20,120,0.30904951622084215,0.258819045102521,-0.9659258262890682,1.1441138421733505,1.4,0.11538461538461539,0.0,1,0
5.0,3.0,1.1017624336069531,15,0,0,13.25,0.5768474413319932,20,120,0.19825466467381728,-0.7071067811865471,-0.7071067811865479,2.2841359433169206,-1.25,0.6363636363636364,0.0,0,1
9.6625,7.75,1.3404783622174927,11,1,0,4.553686934023286,0.5105147299892276,20,120,0.16240767802832579,0.258819045102521,-0.9659258262890682,0.84315873118141,-0.25806451612903225,0.75,0.0,0,0
7.5875,4.5,0.7358248603096089,15,1,0,11.235584843492585,0.6135544002622828,20,120,0.14060341693930473,-0.7071067811865471,-0.7071067811865479,0.9802534950769733,-1.0,0.5,0.0,0,0
2.775,1.5,2.6045454545454545,2,2,1,0.0,0.10762495439620576,20,120,-0.008825876719426959,0.49999999999999994,0.8660254037844387,2.0702306079664567,3.5,0.9375,0.0,0,1
3.6375,2.75,0.563912429378531,3,2,1,0.0,0.10762495439620576,20,25,-0.11043937735045806,0.7071067811865475,0.7071067811865476,0.8076659822039699,1.7272727272727273,0.07692307692307693,0.8076659822039699,0,0
3.3875,1.75,1.5010964912280702,5,2,1,0.0,0.19792046698285296,20,116,-0.15313815725058597,0.9659258262890683,0.25881904510252074,0.525173611111111,2.142857142857143,0.2,0.0,0,1
3.425,2.5,0.8826086956521739,7,2,1,2.408759124087591,0.19792046698285296,20,71,-0.0059301429164657716,0.9659258262890683,-0.25881904510252063,0.9159510798855061,2.2,0.6,0.0,0,1
10.8875,8.0,1.8218073188946975,10,2,1,0.06888633754305397,0.4861364465523531,20,120,-0.3094378545642358,0.49999999999999994,-0.8660254037844387,1.518716577540107,1.59375,0.16666666666666666,1.518716577540107,0,1
7.0875,4.0,6.60723964382501,12,2,0,-5.149911816578483,0.518971178402043,20,120,0.04387209429226121,1.2246467991473532e-16,-1.0,2.3247081870867685,-2.3125,0.6341463414634146,0.0,0,1
5.75,3.0,0.8119083680424082,13,2,1,0.5217391304347826,0.518971178402043,20,52,0.15542536678187588,-0.2588190451025208,-0.9659258262890683,0.9331802984180847,1.9166666666666667,0.6,0.0,1,1
5.6,7.5,4.481764705882353,14,2,1,9.732142857142858,0.6028821597956949,20,50,0.3524414109111829,-0.4999999999999997,-0.8660254037844388,1.8523623554636648,1.2333333333333334,0.23529411764705882,0.0,1,0
7.375,6.5,6.719958847736626,15,2,0,-4.440677966101695,0.6028821597956949,13,42,0.4248941023134597,-0.7071067811865471,-0.7071067811865479,5.678156365557316,-5.076923076923077,0.948905109489051,0.0,0,0
6.2125,5.5,2.0360565951620266,18,2,1,-10.704225352112676,0.9339657059467347,20,120,-0.297947532961821,-1.0,-1.8369701987210297e-16,1.6021072203284785,1.6363636363636365,0.6,0.0,0,0
5.7875,4.25,2.612748045700541,20,2,0,-17.10583153347732,0.9675895303789096,20,73,-0.5246136793375437,-0.8660254037844386,0.5000000000000001,1.5230875258442453,-1.0588235294117647,0.14285714285714285,0.0,1,0
9.1375,9.75,0.6326270771440697,12,3,0,13.32421340629275,0.8579797788906738,20,120,0.33046614052199336,1.2246467991473532e-16,-1.0,1.5080148742620645,-0.7692307692307693,0.32,0.0,0,0
4.9625,3.75,1.4360604481500783,15,3,0,33.80352644836272,0.9789284701880374,20,120,0.6537541684912401,-0.7071067811865471,-0.7071067811865479,2.3128058351029455,-0.4,0.08,0.0,0,1
3.5875,2.25,0.731940818102698,19,6,1,15.958188153310106,0.3366795366795367,20,120,-0.5142984665412682,-0.9659258262890684,0.2588190451025203,0.5419415645617343,1.3333333333333333,0.5,0.0,0,1
35.4125,28.5,0.9002356637863315,11,2,0,-0.7342040240028238,1.7069728051190363,20,120,0.23580531847931266,0.258819045102521,-0.9659258262890682,1.0132890365448504,-0.7192982456140351,0.9213483146067416,0.0,0,1
35.1375,21.75,3.011188811188811,10,4,0,-2.5755958733546778,1.3926940639269407,20,120,0.26766575647891155,0.49999999999999994,-0.8660254037844387,0.829588662288282,-0.5862068965517241,0.4492753623188406,0.829588662288282,0,1
36.775,29.5,1.5587155963302752,11,4,0,-6.5601631543167915,1.3926940639269407,20,19,0.12803968137203048,0.258819045102521,-0.9659258262890682,1.3739897134459957,-0.3983050847457627,0.43,0.0,0,1
11.95,8.0,0.6702014846235419,10,4,0,1.485355648535565,0.8683991156536552,12,120,0.1506216173997748,0.49999999999999994,-0.8660254037844387,1.3128674069235795,-1.28125,0.7708333333333334,1.3128674069235795,0,0
10.125,8.5,0.5606673407482305,11,4,0,7.333333333333333,1.0242470370773078,20,23,0.24595973787015019,0.258819045102521,-0.9659258262890682,0.7760850819200921,-1.0294117647058822,0.7777777777777778,0.0,0,0
3.5625,2.25,1.0475272960822093,3,0,0,0.0,0.10732512758931251,20,120,0.1616717074512089,0.7071067811865475,0.7071067811865476,0.9050911376492772,-1.1111111111111112,0.7272727272727273,0.9050911376492772,0,0
4.575,2.75,1.0086021505376344,3,0,0,0.0,0.12758931251876313,20,20,0.1616717074512089,0.7071067811865475,0.7071067811865476,0.902983069067455,0.0,1.0,0.902983069067455,0,1
7.25,14.5,3.5140845070422535,4,0,0,0.0,0.19288501951365955,3,5,0.20839086563991183,0.8660254037844386,0.5000000000000001,4.425361385430084,-0.7758620689655172,0.26865671641791045,0.0,0,0
4.625,2.5,1.599880023995201,7,0,1,4.864864864864865,0.19288501951365955,20,120,-0.2341125541125848,0.9659258262890683,-0.25881904510252063,1.2790146849834203,1.5,0.4444444444444444,0.0,0,1
3.8625,2.5,0.3721830985915493,2,1,0,0.0,0.08219719423038925,20,120,0.302999491611585,0.49999999999999994,0.8660254037844387,0.6611993849308048,-0.5,0.2222222222222222,0.0,0,1
3.9375,2.0,0.7294350842418236,3,1,0,0.0,0.08219719423038925,20,38,0.20755820755823773,0.7071067811865475,0.7071067811865476,0.8111968009140245,-0.75,0.38461538461538464,0.8111968009140245,0,0
8.3375,6.0,0.8859940872135994,11,1,1,-10.644677661169414,0.42916419679905154,20,120,-0.6657155263321067,0.258819045102521,-0.9659258262890682,1.3837217851628556,2.4166666666666665,0.5581395348837209,0.0,0,1
4.4375,3.25,1.0852540597171294,13,1,1,-20.788732394366196,0.42916419679905154,20,120,-0.6807775377969845,-0.2588190451025208,-0.9659258262890683,1.348255775901564,2.0,0.7647058823529411,0.0,0,1
4.025,2.25,2.311669658886894,15,1,1,-17.577639751552795,0.42916419679905154,20,66,0.03764320785594952,-0.7071067811865471,-0.7071067811865479,1.598694942903752,1.4444444444444444,0.11764705882352941,0.0,1,0
5.4375,6.25,1.9665835976438604,15,1,1,-13.241379310344827,0.42916419679905154,20,43,0.03764320785594952,-0.7071067811865471,-0.7071067811865479,1.0613437195715678,1.36,0.64,0.0,1,0
4.1375,2.75,1.6403041825095057,2,2,1,0.0,0.08503666718676861,20,120,-0.1622220773293449,0.49999999999999994,0.8660254037844387,0.888243831640058,1.7272727272727273,0.0,0.0,0,1
3.6375,2.75,1.3794402583423035,3,2,1,0.0,0.12170385395537525,20,31,-0.020481310803909945,0.7071067811865475,0.7071067811865476,2.0613614573346117,1.4545454545454546,0.29411764705882354,2.0613614573346117,0,1
6.8375,11.0,14.18989280245023,4,2,0,0.0,0.23092526135122485,20,77,0.17358878745017026,0.8660254037844386,0.5000000000000001,9.587264150943396,-2.2045454545454546,0.7961165048543689,0.0,0,1
5.3625,3.75,2.443328550932568,7,2,1,2.0512820512820515,0.23092526135122485,20,120,-0.2062909567496667,0.9659258262890683,-0.25881904510252063,0.4400710673773404,1.2666666666666666,0.4444444444444444,0.0,0,0
4.275,2.25,1.440601077402892,9,2,1,6.140350877192982,0.23092526135122485,20,120,-0.1989458034870196,0.7071067811865476,-0.7071067811865475,2.865979381443299,2.111111111111111,0.4090909090909091,0.0,0,1
4.225,3.0,2.751662971175166,18,2,1,7.337278106508877,0.971290372913091,20,120,0.3929016558846269,-1.0,-1.8369701987210297e-16,1.917140536149472,1.75,0.6153846153846154,0.0,1,1
3.8,3.25,2.136,18,2,1,12.368421052631579,0.971290372913091,20,11,0.3929016558846269,-1.0,-1.8369701987210297e-16,1.9625438938743658,1.5384615384615385,0.35294117647058826,0.0,1,1
4.3375,3.25,0.9899578879170716,19,2,0,15.850144092219018,1.0469652051802154,20,27,0.48191681735987363,-0.9659258262890684,0.2588190451025203,0.5811526729812169,-0.5384615384615384,0.18181818181818182,0.0,0,0
5.85,3.5,0.975,21,2,0,12.008547008547009,1.0708589655958076,20,114,0.38710035832339346,-0.7071067811865477,0.7071067811865474,1.468416735028712,-2.4285714285714284,0.7804878048780488,0.0,0,0
4.6375,3.0,0.41725389707452487,2,3,0,0.0,0.20581757423862687,20,120,0.18011923870668337,0.49999999999999994,0.8660254037844387,0.624075717243419,-0.5,0.46153846153846156,0.0,0,0
4.2125,2.5,0.8763054830287206,3,3,0,0.0,0.20581757423862687,20,15,0.060192296751452753,0.7071067811865475,0.7071067811865476,0.9933075026417754,-0.6,0.36363636363636365,0.9933075026417754,0,0
5.7875,8.0,2.3923686105111592,5,3,0,0.0,0.44808992177413226,20,120,0.23291221250404315,0.9659258262890683,0.25881904510252074,1.3743657621883962,-0.5625,0.5714285714285714,0.0,0,0
4.325,4.0,0.792608695652174,2,4,1,0.0,0.1260296853053942,20,120,-0.011163944593757521,0.49999999999999994,0.8660254037844387,1.4636616865029122,1.25,0.058823529411764705,0.0,0,0
6.5375,3.75,0.3201826484018265,2,4,1,0.0,0.1488061344569715,20,20,-0.011163944593757521,0.49999999999999994,0.8660254037844387,1.1452991452991452,1.3333333333333333,0.0,0.0,0,1
6.6625,3.75,1.430441478439425,3,4,1,0.0,0.20802490225107237,20,42,-0.11801391220916302,0.7071067811865475,0.7071067811865476,0.9214149544588011,2.2666666666666666,0.4166666666666667,0.9214149544588011,0,1
4.0625,2.75,0.8338368580060423,5,4,1,0.0,0.20802490225107237,20,106,-0.08863267879659456,0.9659258262890683,0.25881904510252074,0.8757297748123436,1.3636363636363635,0.23529411764705882,0.0,0,1
10.3375,5.5,2.775124230512497,11,4,0,1.3542926239419588,0.48893444178719203,20,120,0.3539474977878061,0.258819045102521,-0.9659258262890682,1.0682562867632546,-1.2272727272727273,0.78125,0.0,0,0
7.5375,5.0,0.5474097395428712,12,4,0,12.437810945273633,0.5147477508256463,20,70,0.3055433455433452,1.2246467991473532e-16,-1.0,1.4160619125405027,-1.15,0.3225806451612903,0.0,0,0
4.9875,2.75,0.8730762427029896,14,4,0,20.651629072681704,0.5367649850055043,20,120,0.36309145400055265,-0.4999999999999997,-0.8660254037844388,1.1929858648661777,-1.0,0.5333333333333333,0.0,0,0
10.3625,6.25,1.2613692332950255,10,0,0,7.454764776839565,0.44698958084784857,12,120,0.40685876623379125,0.49999999999999994,-0.8660254037844387,1.5990086445005152,-1.88,0.875,1.5990086445005152,0,0
7.0,5.0,1.2937110591900312,11,0,0,18.392857142857142,0.6028791855563509,20,55,0.7682897918543223,0.258819045102521,-0.9659258262890682,1.4941494149414942,-1.1,0.36363636363636365,0.0,0,0
9.6125,5.25,0.4987508792354896,12,0,0,18.517555266579972,0.7046846416925158,20,61,0.9116909921863328,1.2246467991473532e-16,-1.0,0.9473736258302704,-0.14285714285714285,0.46153846153846156,0.0,0,0
5.8875,4.75,1.8749126484975542,13,0,0,33.75796178343949,0.7866062196770859,20,48,1.0303307981306955,-0.2588190451025208,-0.9659258262890683,1.4179139492328625,-0.5789473684210527,0.47619047619047616,0.0,0,0
5.0125,3.25,0.5915693182520552,14,0,0,43.790523690773064,0.8430764336276148,20,66,0.9211485465374728,-0.4999999999999997,-0.8660254037844388,1.2225742109585827,-0.6923076923076923,0.3,0.0,0,0
4.5375,2.75,0.6628566285662857,14,0,0,50.082644628099175,0.8589835361488906,20,25,0.9211485465374728,-0.4999999999999997,-0.8660254037844388,0.9116387287821903,-1.5454545454545454,0.2777777777777778,0.0,0,1
6.225,6.0,1.0933256132224445,15,0,0,34.45783132530121,0.8589835361488906,20,56,0.6890440386681091,-0.7071067811865471,-0.7071067811865479,1.3792023386928378,-0.08333333333333333,0.08333333333333333,0.0,0,1
3.9,6.0,1.7841584158415842,3,1,0,0.0,0.11489850631941785,20,120,0.06611916095623256,0.7071067811865475,0.7071067811865476,1.2642410878353545,-0.20833333333333334,0.2777777777777778,1.2642410878353545,0,0
4.1,2.5,0.7700823162077775,4,1,0,0.0,0.1493680582152432,20,75,0.036727365991275046,0.8660254037844386,0.5000000000000001,1.062737957291839,-1.3,0.3333333333333333,0.0,0,1
3.4125,2.5,2.687188019966722,4,1,0,0.0,0.1493680582152432,20,17,0.036727365991275046,0.8660254037844386,0.5000000000000001,1.2627197039777984,-0.2,0.2,0.0,0,1
3.5,2.5,1.7788461538461537,7,1,0,-2.9285714285714284,0.1493680582152432,20,100,0.01535410402398341,0.9659258262890683,-0.25881904510252063,2.3529411764705883,-1.5,0.6666666666666666,0.0,0,1
4.5,2.75,3.348101265822785,7,1,0,-4.166666666666667,0.16085790884718498,20,5,0.01535410402398341,0.9659258262890683,-0.25881904510252063,3.2943120782261395,-1.1818181818181819,0.375,0.0,0,0
3.4875,2.25,0.7424483306836248,7,1,0,-2.3655913978494625,0.16085790884718498,20,21,0.01535410402398341,0.9659258262890683,-0.25881904510252063,1.2502325581395348,-1.3333333333333333,0.8,0.0,0,0
14.9625,12.0,2.1206713951025384,9,1,0,-3.3751044277360065,0.27039448487169665,20,120,0.017465977730831115,0.7071067811865476,-0.7071067811865475,1.4058300599545173,-0.3333333333333333,0.3488372093023256,1.4058300599545173,0,1
6.7625,3.75,1.3537897870391573,12,1,1,-6.987060998151571,0.34086556874760626,20,120,-0.5154971325472776,1.2246467991473532e-16,-1.0,1.181417800890791,2.533333333333333,0.6,0.0,0,0
9.05,6.75,0.8665092159983571,13,2,1,-22.98342541436464,0.8524149265996788,2,120,-1.2433879832761983,-0.2588190451025208,-0.9659258262890683,0.6107908191014902,1.7037037037037037,0.4375,0.0,0,1
9.1,6.25,1.6347145187601957,13,2,1,-19.532967032967033,0.8524149265996788,12,8,-1.2433879832761983,-0.2588190451025208,-0.9659258262890683,1.610320738361124,1.48,0.10344827586206896,0.0,0,1
7.5875,4.75,0.6171772588241006,14,2,1,-26.88632619439868,0.8524149265996788,20,60,-0.9344880809466753,-0.4999999999999997,-0.8660254037844388,1.0109626069980477,1.631578947368421,0.55,0.0,0,1
7.3125,7.0,1.5566477417168036,14,2,1,-23.076923076923077,0.8524149265996788,20,29,-0.9344880809466753,-0.4999999999999997,-0.8660254037844388,1.247015485367351,1.5,0.2857142857142857,0.0,0,1
7.525,4.5,0.9859124403987863,3,4,0,0.0,0.30566472152752966,17,120,0.10543989254535058,0.7071067811865475,0.7071067811865476,1.042138649750793,-0.9444444444444444,0.047619047619047616,1.042138649750793,0,1
7.675,6.0,0.6699751861042184,5,4,0,0.0,0.3278948830931682,20,119,0.08619426550459064,0.9659258262890683,0.25881904510252074,1.4492753623188406,-0.8333333333333334,0.47058823529411764,0.0,0,0
5.8,4.0,1.574023115024766,7,4,1,2.931034482758621,0.3278948830931682,20,120,-0.11066041323361486,0.9659258262890683,-0.25881904510252063,1.230603448275862,1.3125,0.11764705882352941,0.0,0,1
26.9375,14.0,0.9347200172214299,9,4,1,2.8584686774941996,0.5684569886070422,20,107,0.22177509501455298,0.7071067811865476,-0.7071067811865475,0.94660176723921,1.5535714285714286,0.328125,0.94660176723921,1,0
21.35,25.5,1.024637573414616,10,4,1,-0.4449648711943794,0.7216863165416221,20,48,0.44254658385094947,0.49999999999999994,-0.8660254037844387,0.9137609198835213,1.303921568627451,0.3409090909090909,0.9137609198835213,1,1
8.2875,12.0,0.5857483804977839,13,4,1,8.295625942684767,0.7216863165416221,20,120,-0.09674145901456027,-0.2588190451025208,-0.9659258262890683,0.9380449747590638,1.4375,0.5217391304347826,0.0,0,1
8.2625,4.25,0.788886812433813,14,4,1,12.70801815431165,0.7216863165416221,20,47,-0.04128191200435505,-0.4999999999999997,-0.8660254037844388,0.509926854754441,1.411764705882353,0.4117647058823529,0.0,0,1
4.8125,2.75,0.9697064334790756,19,6,0,6.753246753246753,0.16639894559083981,20,120,0.14879953100434806,-0.9659258262890684,0.2588190451025203,1.0703764320785598,-0.5454545454545454,0.08333333333333333,0.0,0,0
3.3,3.0,1.9071787837219936,21,6,0,17.272727272727273,0.2967517711535891,20,75,0.2081701175153909,-0.7071067811865477,0.7071067811865474,1.5473251028806585,-0.9166666666666666,0.6428571428571429,0.0,0,0
3.8875,3.0,0.8855772524837273,21,6,0,17.10610932475884,0.2967517711535891,20,37,0.2081701175153909,-0.7071067811865477,0.7071067811865474,0.9658464928387808,-1.5833333333333333,0.6842105263157895,0.0,0,0
7.925,4.0,1.9127843986998916,15,0,1,-5.930599369085174,0.6933119458182951,20,120,-0.471172139961971,-0.7071067811865471,-0.7071067811865479,1.168895492818227,2.125,0.25,0.0,0,1
3.325,2.0,1.9605077574047955,18,0,1,-13.233082706766917,0.6933119458182951,20,116,-0.13298818961331502,-1.0,-1.8369701987210297e-16,1.5947843530591774,2.125,0.4666666666666667,0.0,0,1
9.4375,4.75,0.9500924214417745,4,1,1,0.0,0.3852342640795078,18,120,-0.24387328153021817,0.8660254037844386,0.5000000000000001,0.9829837752275425,1.4210526315789473,0.4,0.0,0,1
5.975,4.0,0.8785730113006869,5,1,1,0.0,0.3852342640795078,20,47,-0.2177022088034363,0.9659258262890683,0.25881904510252074,1.0909090909090908,1.1875,0.8387096774193549,0.0,0,1
5.7125,7.25,2.0783566285472257,5,1,1,0.0,0.3852342640795078,20,24,-0.2177022088034363,0.9659258262890683,0.25881904510252074,2.2137961207525154,1.2758620689655173,0.2,0.0,0,0
18.375,9.25,0.5671002754370177,9,1,1,-0.6938775510204082,0.4344533838144818,20,120,0.19580692345193548,0.7071067811865476,-0.7071067811865475,1.753246753246753,2.0,0.06578947368421052,1.753246753246753,1,0
13.375,15.25,1.0484653818700929,11,1,1,-0.9906542056074766,0.5357311878845243,20,120,0.10040605389439994,0.258819045102521,-0.9659258262890682,1.3116985082439152,1.1639344262295082,0.15,0.0,1,0
8.35,4.5,0.9780644394245631,15,1,0,2.964071856287425,0.5357311878845243,20,120,0.06108513572610263,-0.7071067811865471,-0.7071067811865479,1.2018926494077937,-0.6111111111111112,0.034482758620689655,0.0,0,0
8.8625,4.5,2.4366254807298913,15,1,1,7.418899858956276,0.5906294368196876,20,25,0.06108513572610263,-0.7071067811865471,-0.7071067811865479,1.1305966493582835,1.5,0.2727272727272727,0.0,1,0
9.4125,9.75,0.6602055370661595,15,1,0,4.488711819389111,0.5906294368196876,20,8,0.06108513572610263,-0.7071067811865471,-0.7071067811865479,1.3625434143734971,0.0,0.4444444444444444,0.0,0,0
5.25,4.0,1.5035963499731615,15,2,0,52.19047619047619,1.571818358994348,13,120,0.7265021191722774,-0.7071067811865471,-0.7071067811865479,2.076037366934608,-0.8125,0.43478260869565216,0.0,0,1
3.775,3.75,0.7372001432151808,19,2,0,72.05298013245033,1.571818358994348,20,120,0.05132823052678614,-0.9659258262890684,0.2588190451025203,1.1068539804171988,-0.5333333333333333,0.5,0.0,0,0
20.725,17.0,0.9780666125101544,10,3,1,-1.6164053075995173,0.6446280991735537,0,120,-0.02783684515759518,0.49999999999999994,-0.8660254037844387,0.736932667625737,1.6470588235294117,0.5555555555555556,0.736932667625737,0,1
6.9125,4.0,1.7592111592111592,13,3,1,-2.9294755877034357,0.6446280991735537,20,120,-0.4481655196598622,-0.2588190451025208,-0.9659258262890683,0.7868442964196503,2.25,0.7083333333333334,0.0,0,1
6.775,5.25,2.07124577745931,13,3,1,-0.07380073800738007,0.6446280991735537,20,32,-0.4481655196598622,-0.2588190451025208,-0.9659258262890683,1.1434846768935103,1.1904761904761905,0.0625,0.0,0,1
4.7375,3.75,1.4016919088552326,15,3,1,5.804749340369393,0.6446280991735537,20,107,0.31255829041805466,-0.7071067811865471,-0.7071067811865479,0.927023945267959,1.2,0.36363636363636365,0.0,1,0
3.225,3.25,1.7008216529724505,2,4,0,0.0,0.1056125528062764,1,120,0.14720194647204998,0.49999999999999994,0.8660254037844387,4.331482272533106,-1.6153846153846154,0.782608695652174,0.0,0,0
3.725,2.0,1.910809214412286,2,4,0,0.0,0.1056125528062764,20,29,0.14720194647204998,0.49999999999999994,0.8660254037844387,2.784305032143649,-0.75,0.15384615384615385,0.0,0,0
4.9625,2.5,0.8557814485387548,3,4,0,0.0,0.11064172198752766,20,16,0.13141648318436047,0.7071067811865475,0.7071067811865476,1.3637114082879311,-1.2,0.29411764705882354,1.3637114082879311,0,1
3.6,2.0,1.1227352425482173,5,4,0,0.0,0.11064172198752766,20,101,0.05821764442450661,0.9659258262890683,0.25881904510252074,1.090100111234705,-1.75,0.47368421052631576,0.0,0,0
3.2875,5.5,0.8426501035196687,7,4,0,-8.517110266159696,0.15892174612753973,5,86,-0.04958869192449334,0.9659258262890683,-0.25881904510252063,1.433179723502304,-0.36363636363636365,0.6153846153846154,0.0,1,1
4.9375,2.75,2.334301387544369,7,4,0,-11.139240506329115,0.2635284650975659,20,28,-0.04958869192449334,0.9659258262890683,-0.25881904510252063,2.471839799749687,-1.1818181818181819,0.4,0.0,1,0
16.0625,22.25,1.8274375838069088,9,4,0,-4.155642023346304,0.3771876885938443,20,120,-0.4821349522545333,0.7071067811865476,-0.7071067811865475,1.3433603137217394,-0.39325842696629215,0.08450704225352113,1.3433603137217394,1,1
8.1375,7.0,1.6107436985275767,11,4,1,-5.22273425499232,0.3771876885938443,20,120,-0.5176497511299336,0.258819045102521,-0.9659258262890682,1.8406190132610156,1.3214285714285714,0.10344827586206896,0.0,0,0
14.225,10.75,0.5023492933097453,13,4,1,-8.840070298769772,0.7010661838664253,20,70,0.03039284367087627,-0.2588190451025208,-0.9659258262890683,0.9613265466757621,2.0697674418604652,0.5918367346938775,0.0,1,0
14.375,8.0,2.165241878708639,14,4,1,-10.57391304347826,1.1023938845302756,20,68,-0.4362215200399124,-0.4999999999999997,-0.8660254037844388,1.016901275834471,1.5625,0.0851063829787234,0.0,0,0
6.875,4.5,2.044702842377261,4,0,1,0.0,0.284528092997509,6,120,0.020892424766524465,0.8660254037844386,0.5000000000000001,2.2990339448728174,3.2222222222222223,0.975609756097561,0.0,1,1
3.65,4.25,1.1307339449541285,5,0,1,0.0,0.3564904511486299,20,64,0.029407665505222814,0.9659258262890683,0.25881904510252074,2.373609213351552,1.0,0.2727272727272727,0.0,1,1
6.5375,4.75,0.7783657396012799,9,0,1,9.216061185468451,0.870190977027401,20,120,0.4515827001332108,0.7071067811865476,-0.7071067811865475,1.204163548540717,1.263157894736842,0.17857142857142858,0.0,1,0
11.425,8.0,4.133638676844784,9,0,0,2.1444201312910285,0.870190977027401,20,3,0.4515827001332108,0.7071067811865476,-0.7071067811865475,3.703047401431603,-1.4375,0.3103448275862069,3.703047401431603,0,1
13.4875,6.75,1.0824264593811919,10,0,0,0.0,0.870190977027401,20,77,0.25971125468606504,0.49999999999999994,-0.8660254037844387,0.6046452738348128,-0.4444444444444444,0.3235294117647059,0.6046452738348128,0,0
7.525,4.0,1.2665627921470863,12,0,0,6.312292358803987,0.870190977027401,20,78,0.03838802814035701,1.2246467991473532e-16,-1.0,1.45235717948026,-0.75,0.2222222222222222,0.0,0,0
5.4625,3.0,0.7765726681127982,14,0,0,17.48283752860412,0.9211181843343482,20,120,0.25543120473994574,-0.4999999999999997,-0.8660254037844388,1.5936931473620375,-2.75,0.9166666666666666,0.0,0,1
6.825,5.5,2.101781857451404,15,0,0,7.216117216117216,0.9211181843343482,20,54,0.42974938055967543,-0.7071067811865471,-0.7071067811865479,2.329264475743349,-1.4090909090909092,0.8157894736842105,0.0,0,1
3.5,2.0,0.9492409867172675,19,0,0,0.35714285714285715,0.9211181843343482,20,120,-0.3922440220723661,-0.9659258262890684,0.2588190451025203,2.2205361659079417,-1.5,0.7857142857142857,0.0,1,1
4.675,7.5,1.8747855917667238,20,0,0,-2.3529411764705883,0.9620165346591895,20,31,-0.3976483164083775,-0.8660254037844386,0.5000000000000001,3.3015346329323934,-0.43333333333333335,0.3548387096774194,0.0,1,0
3.475,2.25,1.9917287014061207,2,2,0,0.0,0.1614750968305057,20,120,0.0053162829124416755,0.49999999999999994,0.8660254037844387,1.0913140311804008,-0.5555555555555556,0.625,0.0,0,1
4.55,5.25,2.986772486772487,2,2,0,0.0,0.2334842616332988,20,6,0.0053162829124416755,0.49999999999999994,0.8660254037844387,2.753783684016242,-0.5238095238095238,0.25,0.0,0,0
4.5625,3.75,2.746228448275862,3,2,1,0.0,0.2334842616332988,20,101,-0.10208126858277036,0.7071067811865475,0.7071067811865476,1.4378689268957165,1.6,0.5625,1.4378689268957165,0,1
5.2125,2.75,0.6520418494768815,5,2,1,0.0,0.30658447438764935,20,64,-0.022417362747219075,0.9659258262890683,0.25881904510252074,0.8928945713686858,1.1818181818181819,0.14285714285714285,0.0,0,0
3.725,3.25,1.3577749683944373,5,2,1,0.0,0.30658447438764935,20,33,-0.022417362747219075,0.9659258262890683,0.25881904510252074,2.1511846558856713,1.3846153846153846,0.07142857142857142,0.0,0,0
3.4125,2.25,2.300346020761246,7,2,1,11.355311355311356,0.30658447438764935,20,80,0.18743475739418167,0.9659258262890683,-0.25881904510252063,1.4972557628979144,1.1111111111111112,0.2222222222222222,0.0,1,0
4.775,4.0,4.7615756738078785,7,2,0,0.20942408376963348,0.30658447438764935,20,19,0.18743475739418167,0.9659258262890683,-0.25881904510252063,1.0876282288963046,-0.9375,0.35294117647058826,0.0,0,0
9.7625,5.25,0.8933823529411765,10,2,0,13.930857874519848,0.8291964431836779,20,120,0.28085336213880174,0.49999999999999994,-0.8660254037844387,1.5346941827426348,-0.6666666666666666,0.35294117647058826,1.5346941827426348,0,1
4.7375,5.25,0.8345323741007195,18,2,0,61.53034300791557,1.4270907206371721,20,120,0.5642448979591828,-1.0,-1.8369701987210297e-16,0.589590050667895,-0.2857142857142857,0.14285714285714285,0.0,0,0
9.9875,10.5,1.1616838207264608,14,3,1,-9.83729662077597,0.8801358955303111,18,120,-0.5471192675222761,-0.4999999999999997,-0.8660254037844388,1.3729598303199606,1.2857142857142858,0.3333333333333333,0.0,0,1
6.0,3.75,1.6447650614154805,15,3,1,-8.25,0.8801358955303111,20,80,-0.2644015444015286,-0.7071067811865471,-0.7071067811865479,1.008249312557287,1.2,0.7777777777777778,0.0,0,1
3.9125,10.5,3.151315789473684,18,3,1,-6.517571884984026,0.8801358955303111,20,78,0.43945243945241325,-1.0,-1.8369701987210297e-16,3.9461230433199854,1.1428571428571428,0.1111111111111111,0.0,1,1
5.6375,14.75,6.109050445103858,2,4,0,0.0,0.2426397531768028,20,120,-0.12067840834967737,0.49999999999999994,0.8660254037844387,3.7747704204929917,-0.7288135593220338,0.8695652173913043,0.0,1,0
18.3,10.75,1.4005434782608697,10,4,0,4.795081967213115,0.572085969774617,3,120,0.18228429985850308,0.49999999999999994,-0.8660254037844387,1.330747455751129,-0.16279069767441862,0.7281553398058253,1.330747455751129,0,1
30.925,22.75,0.971820177775883,12,4,0,-15.72352465642684,2.0,20,120,-1.0249844314360548,1.2246467991473532e-16,-1.0,1.2661183224092876,-0.6923076923076923,0.1724137931034483,0.0,1,1
23.8375,22.0,0.9312040255824227,13,4,1,-25.558468799160988,2.0,20,36,-1.7367034341088379,-0.2588190451025208,-0.9659258262890683,1.1166448230668413,1.1477272727272727,0.4803921568627451,0.0,0,1
22.8625,12.25,0.9913925386017071,13,4,0,-24.822307271733187,2.0,20,34,-1.7367034341088379,-0.2588190451025208,-0.9659258262890683,1.131215751166109,-0.2857142857142857,0.6666666666666666,0.0,1,1
17.9125,17.25,1.0482206020356601,14,4,0,-35.68736915561758,2.0,20,61,-1.8351348579632794,-0.4999999999999997,-0.8660254037844388,0.9852545738940931,-0.13043478260869565,0.6923076923076923,0.0,1,1
17.5,9.25,2.365572956627702,15,4,0,-43.68571428571428,2.0,20,36,-1.7516299525481303,-0.7071067811865471,-0.7071067811865479,1.1975934049517187,-0.6756756756756757,0.07246376811594203,0.0,1,0
13.7625,7.0,1.5422764227642276,19,6,1,17.020890099909174,1.0309369345513923,20,120,-0.26987679216978333,-0.9659258262890684,0.2588190451025203,1.8082802965684668,3.357142857142857,0.5194805194805194,0.0,0,1
29.75,15.0,0.9616873169027333,9,0,1,-1.2941176470588236,0.7708442579968536,20,120,-0.1883362271473764,0.7071067811865476,-0.7071067811865475,0.9650641389488024,1.9833333333333334,0.04054054054054054,0.9650641389488024,0,1
10.8375,5.5,1.1313221876483308,12,0,1,5.190311418685121,0.7708442579968536,20,120,0.04325840182580418,1.2246467991473532e-16,-1.0,1.433710174717369,1.8636363636363635,0.7083333333333334,0.0,1,0
17.6375,11.75,1.6203009059976223,11,1,1,6.661941885187811,1.7229641267347473,20,120,0.07483669412098372,0.258819045102521,-0.9659258262890682,1.6941100428213622,2.765957446808511,0.7766990291262136,0.0,1,1
16.2,27.25,2.2074253430185635,12,1,1,14.212962962962964,1.7229641267347473,20,43,0.3677308523123585,1.2246467991473532e-16,-1.0,2.3185965857436277,1.5045871559633028,0.4931506849315068,0.0,1,1
11.475,9.0,1.316467162730508,14,1,1,24.40087145969499,1.7508946495592215,20,120,0.6153609831029138,-0.4999999999999997,-0.8660254037844388,1.1722467587975496,2.3055555555555554,0.8148148148148148,0.0,1,0
7.2625,8.5,2.039499670836076,2,2,0,0.0,0.3716912347440165,20,120,0.15972729486242768,0.49999999999999994,0.8660254037844387,2.2380230796130087,-0.7058823529411765,0.92,0.0,0,0
7.725,7.75,0.4138748249488312,4,2,0,0.0,0.42082738944365194,20,120,0.23613378383506672,0.8660254037844386,0.5000000000000001,1.3125626590576078,-0.0967741935483871,0.90625,0.0,0,0
17.925,11.0,1.7810743801652893,14,2,1,-4.01673640167364,1.4400063401489935,14,120,-0.3855678338437078,-0.4999999999999997,-0.8660254037844388,1.0271875989565271,1.7272727272727273,0.5925925925925926,0.0,0,1
6.7,6.0,0.7037227214377407,19,2,1,-3.656716417910448,1.4400063401489935,20,120,0.12911047128353373,-0.9659258262890684,0.2588190451025203,0.7163630797489668,1.4166666666666667,0.3888888888888889,0.0,1,0
18.35,9.25,0.7943927211172239,11,3,0,3.6920980926430516,0.8296707533348754,20,120,0.20397599613211528,0.258819045102521,-0.9659258262890682,0.9411082100377139,-0.2972972972972973,0.11764705882352941,0.0,0,1
15.975,12.75,2.426532033426184,11,3,0,0.2190923317683881,0.8296707533348754,20,9,0.20397599613211528,0.258819045102521,-0.9659258262890682,2.37666662208968,-0.7843137254901961,0.3614457831325301,0.0,0,1
32.1375,19.25,0.784716387302582,13,3,0,-5.064177362893815,1.3825275657336724,20,87,-0.39655252305270133,-0.2588190451025208,-0.9659258262890683,1.0146375501530362,-0.5064935064935064,0.2222222222222222,0.0,1,1
21.9625,29.75,3.2390521425961687,14,3,0,-14.911781445645989,1.4935615698974476,20,66,-0.5887575227282393,-0.4999999999999997,-0.8660254037844388,1.1985615270709158,-0.03361344537815126,0.76,0.0,1,0
10.075,5.75,0.5492347284301774,18,3,1,-22.704714640198514,1.4935615698974476,20,120,-0.2411371052485987,-1.0,-1.8369701987210297e-16,0.4950495049504951,1.391304347826087,0.1875,0.0,0,0
12.975,6.5,2.486545138888889,19,3,1,-21.09826589595376,1.4935615698974476,20,41,-0.15101631835100407,-0.9659258262890684,0.2588190451025203,1.4777116929302838,2.230769230769231,0.40540540540540543,0.0,0,0
11.6,8.5,1.1192155756207676,19,3,1,-24.504310344827587,1.4935615698974476,20,23,-0.15101631835100407,-0.9659258262890684,0.2588190451025203,1.4635140644109255,2.264705882352941,0.7647058823529411,0.0,0,1
18.25,11.5,1.7587189964838925,4,4,1,0.0,0.9750516681428993,20,120,-0.45981502780886613,0.8660254037844386,0.5000000000000001,1.0875735548632746,2.152173913043478,0.5245901639344263,0.0,0,1
20.525,10.75,1.395421566174631,7,4,1,9.841656516443363,0.9750516681428993,20,120,-0.18740887146421414,0.9659258262890683,-0.25881904510252063,0.7763167857052722,1.4186046511627908,0.05357142857142857,0.0,0,1
34.975,22.5,1.379445575380194,10,4,1,12.194424588992137,1.5596397992323592,20,120,0.7033124074924689,0.49999999999999994,-0.8660254037844387,0.872069825436409,1.6111111111111112,0.627906976744186,0.872069825436409,1,0
27.35,28.25,1.9837962434671474,10,4,0,11.042047531992687,1.5596397992323592,20,28,0.7033124074924689,0.49999999999999994,-0.8660254037844387,1.1166565101012826,-0.26548672566371684,0.031578947368421054,1.1166565101012826,0,1
18.9,10.75,1.064483194067546,12,4,0,21.560846560846564,1.5906406849719517,20,93,0.4718076007110828,1.2246467991473532e-16,-1.0,0.8304345568765901,-0.4418604651162791,0.1206896551724138,0.0,0,0
19.3375,9.75,0.535231425091352,13,4,0,19.831932773109244,1.615736640094479,20,79,0.34230055658628034,-0.2588190451025208,-0.9659258262890683,0.5935683843471523,-0.7692307692307693,0.3111111111111111,0.0,0,0
13.6375,8.25,1.2324159021406729,14,4,0,35.32538955087076,1.8297903749630942,20,58,0.3154466940393498,-0.4999999999999997,-0.8660254037844388,0.9982436364589614,-0.5151515151515151,0.22448979591836735,0.0,0,0
11.85,11.5,2.5227250320418024,15,4,0,41.66666666666667,1.9013876586950105,20,42,0.32717161184313853,-0.7071067811865471,-0.7071067811865479,1.70466237071533,-1.2391304347826086,0.5526315789473685,0.0,0,0
6.4625,5.0,1.5140939597315437,2,1,0,0.0,0.17668345987369616,20,120,-0.21555778274609416,0.49999999999999994,0.8660254037844387,1.537440758293839,-0.4,0.3684210526315789,0.0,1,0
4.175,2.75,2.8733233979135617,5,1,1,0.0,0.22280564819413895,20,120,-0.2814348646947033,0.9659258262890683,0.25881904510252074,1.349911190053286,1.7272727272727273,0.25,0.0,0,0
7.075,6.25,1.7735346358792186,3,2,0,0.0,0.17394949177407523,14,120,0.23623386709076805,0.7071067811865475,0.7071067811865476,1.0702955418266822,-0.44,0.045454545454545456,1.0702955418266822,0,1
5.5375,3.0,1.0302348021871985,5,2,0,0.0,0.3003947046700898,20,120,-0.07219241837495782,0.9659258262890683,0.25881904510252074,0.5590733590733591,-1.6666666666666667,0.6956521739130435,0.0,1,0
7.25,3.75,1.5765490943755958,7,2,0,-4.896551724137931,0.31227077438960493,20,77,-0.18046785019262596,0.9659258262890683,-0.25881904510252063,3.8435638435638437,-0.3333333333333333,0.09090909090909091,0.0,1,1
9.0375,4.75,0.6007823960880195,7,2,0,-5.6154910096818815,0.3681581613049705,20,47,-0.18046785019262596,0.9659258262890683,-0.25881904510252063,0.9334248455730954,-1.1578947368421053,0.175,0.0,1,0
4.7625,5.5,0.7945984363894811,9,2,1,-0.5774278215223096,0.3681581613049705,20,72,-0.20738108697408755,0.7071067811865476,-0.7071067811865475,2.6742807887081135,1.4545454545454546,0.4,0.0,0,0
21.8125,14.0,0.6546003868362723,11,2,1,-10.292263610315187,0.9375109155052569,20,120,-0.2894969108561647,0.258819045102521,-0.9659258262890682,0.9808157398721049,1.9821428571428572,0.6515151515151515,0.0,0,1
16.65,11.75,0.49217947520776917,12,2,1,-13.993993993993994,0.9375109155052569,20,52,-0.48181666759201613,1.2246467991473532e-16,-1.0,0.9414209955221371,1.2340425531914894,0.7045454545454546,0.0,0,0
33.9125,18.0,0.5706828566063716,12,2,1,-7.998525617397714,1.3196409235390687,20,8,-0.48181666759201613,1.2246467991473532e-16,-1.0,1.3460120643431635,2.125,0.13157894736842105,0.0,0,0
20.4875,17.25,1.6178918630976162,14,2,1,-18.291641244661378,1.4900974536309337,20,85,-0.9617143716046611,-0.4999999999999997,-0.8660254037844388,1.07884337953961,1.5072463768115942,0.3103448275862069,0.0,0,1
7.775,6.0,0.9599298040362679,18,2,1,-32.02572347266881,1.4900974536309337,20,120,0.21970269589314992,-1.0,-1.8369701987210297e-16,1.3877922866686911,1.875,0.07692307692307693,0.0,1,1
7.075,3.75,1.0411026335220281,4,3,0,0.0,0.20053475935828877,10,120,0.0028425560563074487,0.8660254037844386,0.5000000000000001,1.1924789708065315,-1.8,0.8518518518518519,0.0,0,1
5.5125,5.0,2.597807270628967,4,3,0,0.0,0.20053475935828877,20,34,0.0028425560563074487,0.8660254037844386,0.5000000000000001,3.6842105263157894,-1.3,0.15217391304347827,0.0,0,1
7.0375,8.5,2.1413199426111906,5,3,0,0.0,0.21189839572192512,20,24,0.019719946763623285,0.9659258262890683,0.25881904510252074,2.735837206381108,-0.7647058823529411,0.325,0.0,0,1
8.925,6.5,1.0391318645182506,7,3,0,0.7563025210084033,0.3074866310160428,20,110,-0.11688703217191951,0.9659258262890683,-0.25881904510252063,2.8224898206705364,0.0,0.6136363636363636,0.0,1,1
11.0,11.0,2.388368462138954,7,3,0,-2.5,0.3770053475935829,20,6,-0.11688703217191951,0.9659258262890683,-0.25881904510252063,3.0300249114986233,-1.1136363636363635,0.2,0.0,1,1
8.275,5.0,2.668175272577659,9,3,1,-0.7250755287009063,0.5213903743315508,1,105,-0.32722216500154083,0.7071067811865476,-0.7071067811865475,1.6901245962159668,2.2,0.3783783783783784,0.0,0,0
10.1875,10.5,1.4515965534718702,9,3,0,-5.079754601226994,0.5213903743315508,9,7,-0.32722216500154083,0.7071067811865476,-0.7071067811865475,2.2711513350443515,-1.1428571428571428,0.5147058823529411,0.0,1,0
20.6625,11.25,3.6587902424103387,9,3,1,6.896551724137931,0.6129679144385026,20,35,-0.32722216500154083,0.7071067811865476,-0.7071067811865475,0.9132346804481108,1.8444444444444446,0.125,0.9132346804481108,0,0
11.8,6.75,3.145803842264914,12,3,1,17.01271186440678,0.7787433155080213,20,120,0.6347800880174914,1.2246467991473532e-16,-1.0,1.019279678398556,1.4444444444444444,0.24324324324324326,0.0,1,1
11.475,7.25,3.3666232073011733,13,3,1,21.895424836601308,0.9124331550802139,20,91,0.8122577072180428,-0.2588190451025208,-0.9659258262890683,1.9906654106362935,1.8620689655172413,0.4791666666666667,0.0,1,1
4.7625,3.5,1.675392670157068,4,4,0,0.0,0.1605639318582338,20,120,0.13312372478842774,0.8660254037844386,0.5000000000000001,0.8114738629930176,-0.42857142857142855,0.23076923076923078,0.0,0,0
7.2125,5.0,0.6862279242892215,9,4,0,13.89948006932409,0.5293388160041773,20,120,0.42731867467276435,0.7071067811865476,-0.7071067811865475,0.9448672730647855,-0.45,0.3684210526315789,0.0,0,0
22.6125,13.0,0.422507327324006,9,4,0,4.864566058595909,0.6024410939233732,20,14,0.42731867467276435,0.7071067811865476,-0.7071067811865475,1.2286572983510682,-0.8653846153846154,0.3218390804597701,1.2286572983510682,0,1
9.4625,8.0,0.8706165637929865,11,4,0,15.35006605019815,0.6024410939233732,20,99,0.5678542289910034,0.258819045102521,-0.9659258262890682,2.581383374334916,-1.09375,0.5,0.0,0,0
4.375,2.5,1.2666105971404542,3,0,0,0.0,0.17057855679795844,20,120,0.20351462509705406,0.7071067811865475,0.7071067811865476,1.804795167075703,-0.2,0.14285714285714285,1.804795167075703,0,1
5.375,3.5,1.6826168224299065,4,0,0,0.0,0.17057855679795844,20,39,0.15168251437681485,0.8660254037844386,0.5000000000000001,2.888117953165655,-1.5714285714285714,0.5151515151515151,0.0,0,0
4.625,5.0,1.4421440726035166,7,0,0,-1.1891891891891893,0.2672845102582183,20,120,0.2768118698877737,0.9659258262890683,-0.25881904510252063,1.0984530519246913,-0.75,0.5789473684210527,0.0,0,1
4.4375,2.75,0.9349924299772899,15,0,0,21.91549295774648,0.5191229307276451,20,120,0.542827349918089,-0.7071067811865471,-0.7071067811865479,0.7198778866512383,-0.18181818181818182,0.0,0.0,0,1
2.65,1.75,1.182232346241458,5,1,1,0.0,0.11415601321806468,20,120,-0.04833394361043609,0.9659258262890683,0.25881904510252074,1.5944540727902947,2.2857142857142856,0.8888888888888888,0.0,0,1
3.8625,3.0,1.908675799086758,7,1,1,2.5242718446601944,0.12884275176073967,20,70,0.15378115758339353,0.9659258262890683,-0.25881904510252063,1.150997150997151,1.9166666666666667,0.6111111111111112,0.0,1,1
3.5,2.0,1.0247116968698518,7,1,0,5.857142857142857,0.1648920190927601,20,37,0.15378115758339353,0.9659258262890683,-0.25881904510252063,0.6731340328647792,-0.5,0.42857142857142855,0.0,0,0
9.45,5.0,0.6150514599729894,9,1,0,6.322751322751323,0.3197703528155145,20,72,0.347782822314766,0.7071067811865476,-0.7071067811865475,0.5760691750408974,-0.95,0.6818181818181818,0.0,0,0
8.7125,12.5,2.5588147558914187,9,1,1,12.195121951219512,0.3985446777262258,20,11,0.347782822314766,0.7071067811865476,-0.7071067811865475,5.988330724348939,2.16,0.6222222222222222,5.988330724348939,1,0
13.6125,8.5,0.7745928863302401,10,2,0,3.4159779614325068,0.27516669377134495,6,120,0.23553507424476716,0.49999999999999994,-0.8660254037844387,1.1258662479090569,-0.5882352941176471,0.34210526315789475,1.1258662479090569,0,1
12.4375,9.0,2.4575698865208966,11,2,0,1.306532663316583,0.27516669377134495,20,51,0.17587894971074505,0.258819045102521,-0.9659258262890682,0.659371362048894,-0.7777777777777778,0.75,0.0,0,1
10.9875,5.75,1.6088048298338409,12,2,0,-2.5028441410693967,0.30834281997072693,20,60,-0.04638570526123601,1.2246467991473532e-16,-1.0,1.8752155915833046,-1.7826086956521738,0.22641509433962265,0.0,1,0
6.925,6.25,1.3516483516483517,12,2,0,1.0830324909747293,0.30834281997072693,20,42,-0.04638570526123601,1.2246467991473532e-16,-1.0,1.1376394514318198,-0.88,0.2962962962962963,0.0,1,1
13.45,6.75,1.2499692383413314,14,2,0,0.05576208178438662,0.30834281997072693,20,73,-0.13882256072457883,-0.4999999999999997,-0.8660254037844388,2.4324324324324325,-0.8148148148148148,0.4567901234567901,0.0,1,1
27.05,20.0,1.204399098979727,15,2,1,-0.5175600739371534,0.7259717027158887,20,78,-0.2961552352497114,-0.7071067811865471,-0.7071067811865479,0.8754200841343328,1.075,0.4393939393939394,0.0,0,1
16.325,13.0,0.5835832500277686,18,2,0,-3.215926493108729,0.8612782566270938,1,93,-0.07812904227246262,-1.0,-1.8369701987210297e-16,3.333849249342207,-2.019230769230769,0.41975308641975306,0.0,1,0
10.4,6.5,1.6089036055923474,20,2,1,4.5673076923076925,0.8477126484617601,20,120,0.02046965421588812,-0.8660254037844386,0.5000000000000001,0.9043007690116776,1.3461538461538463,0.13636363636363635,0.0,1,1
6.9,4.0,1.3635125936010892,21,2,0,4.528985507246377,0.8477126484617601,20,73,0.060572534919094756,-0.7071067811865477,0.7071067811865474,1.877417435287117,-1.4375,0.6470588235294118,0.0,0,0
11.625,7.25,0.565238558909445,2,3,1,0.0,0.6236194256810834,20,120,-0.07892577396495024,0.49999999999999994,0.8660254037844387,0.9162684396426345,1.4482758620689655,0.0,0.0,0,0
13.4875,8.5,1.3667355371900827,3,3,1,0.0,0.6236194256810834,20,38,-0.20883357197931052,0.7071067811865475,0.7071067811865476,1.8090762000154095,2.5294117647058822,0.8813559322033898,1.8090762000154095,0,1
11.9,8.25,1.1184257602862253,4,3,0,0.0,0.6236194256810834,20,66,-0.21038667694460422,0.8660254037844386,0.5000000000000001,1.2611844908393695,-1.8181818181818181,0.9333333333333333,0.0,1,1
7.875,8.0,1.6766154737757173,5,3,0,0.0,0.6236194256810834,20,69,-0.10276313915398337,0.9659258262890683,0.25881904510252074,1.643143037708026,-0.375,0.2564102564102564,0.0,1,0
13.3625,13.0,0.49665056360708537,14,3,1,-18.297474275023387,1.1300701091654128,20,120,-0.10665064904728751,-0.4999999999999997,-0.8660254037844388,1.00605110791868,1.5769230769230769,0.14893617021276595,0.0,0,0
14.7,8.0,0.6342360817902165,15,3,1,-23.214285714285715,1.2824535006562732,20,77,-0.1361340602736054,-0.7071067811865471,-0.7071067811865479,1.252064938763885,2.21875,0.3064516129032258,0.0,0,0
4.175,4.0,1.218450479233227,21,6,0,14.73053892215569,0.2781273596778253,8,120,0.34279859484776753,-0.7071067811865477,0.7071067811865474,1.9923371647509578,-0.1875,0.0625,0.0,0,0
5.6125,11.0,1.8862179487179487,21,6,0,8.596881959910913,0.2781273596778253,20,29,0.34279859484776753,-0.7071067811865477,0.7071067811865474,1.4740715189145681,-0.06818181818181818,0.0,0.0,0,0
6.65,4.5,1.0114481969089868,2,0,0,0.0,0.16423357664233576,20,120,-0.10410847595351327,0.49999999999999994,0.8660254037844387,1.1476338906205725,-0.5555555555555556,0.037037037037037035,0.0,1,1
15.4125,8.5,1.5890136135657988,11,0,1,-3.7956204379562046,0.6367983891266046,20,120,-0.07713267658772521,0.258819045102521,-0.9659258262890682,1.3746277997989644,2.5588235294117645,0.7246376811594203,0.0,0,1
13.8375,11.5,1.1691925591768462,11,0,1,-1.7344173441734416,0.6367983891266046,20,22,-0.07713267658772521,0.258819045102521,-0.9659258262890682,1.4944194810842153,1.608695652173913,0.16666666666666666,0.0,0,1
6.525,11.25,1.2099701977783799,20,0,1,-17.586206896551722,0.8143497757847533,20,120,-0.28309714062980595,-0.8660254037844386,0.5000000000000001,1.8501771966271539,1.288888888888889,0.5882352941176471,0.0,0,0
7.3625,5.75,1.7317617866004962,21,0,0,-26.34974533106961,0.923408071748879,20,87,-0.34104413674929135,-0.7071067811865477,0.7071067811865474,1.151291512915129,-0.8260869565217391,0.3333333333333333,0.0,1,1
9.45,6.25,0.874633192044343,3,1,1,0.0,0.5725560538116592,20,120,-0.5463365079365109,0.7071067811865475,0.7071067811865476,1.0983981693363845,1.56,0.2413793103448276,1.0983981693363845,0,0
10.5875,12.5,1.3424188263330354,4,1,1,0.0,0.5739910313901345,20,13,-0.4934566393299553,0.8660254037844386,0.5000000000000001,1.6706057127422513,1.6,0.5833333333333334,0.0,0,0
9.3125,5.25,3.4810022026431717,5,1,1,0.0,0.8143497757847533,20,80,-0.5214118992045077,0.9659258262890683,0.25881904510252074,1.6715295338131362,2.9523809523809526,0.851063829787234,0.0,0,1
12.35,9.25,0.5552657820050625,7,1,1,0.12145748987854252,0.8143497757847533,20,99,-0.09831583834109064,0.9659258262890683,-0.25881904510252063,1.114683815648446,1.2432432432432432,0.20930232558139536,0.0,0,0
14.2375,13.75,0.6443254695373339,13,1,1,-7.42756804214223,0.8889686098654709,20,120,-0.12035020286141261,-0.2588190451025208,-0.9659258262890683,1.3811046669196163,1.509090909090909,0.19148936170212766,0.0,0,0
10.7625,6.0,0.9562997447064123,18,1,1,-20.789779326364695,1.1996412556053813,20,120,-0.2602696019781609,-1.0,-1.8369701987210297e-16,0.7659308946260043,2.0416666666666665,0.72,0.0,0,0
14.4875,10.25,0.9049220672682526,21,1,1,-29.1458153580673,1.787976326445852,20,120,-0.5253749431904169,-0.7071067811865477,0.7071067811865474,0.6455622772851578,1.4390243902439024,0.17857142857142858,0.0,0,1
13.5375,14.5,4.472522717438339,21,1,1,-25.041551246537395,1.787976326445852,20,25,-0.5253749431904169,-0.7071067811865477,0.7071067811865474,2.240500364134858,1.706896551724138,0.8222222222222222,0.0,0,1
10.375,11.5,1.5615421455938698,2,2,1,0.0,0.2699615823901983,20,120,0.3397440694454807,0.49999999999999994,0.8660254037844387,0.7714969618854722,1.1521739130434783,0.13636363636363635,0.0,1,1
10.65,8.75,0.8486032877342223,20,2,1,24.272300469483568,1.2528864551032526,14,120,-0.2241429542585171,-0.8660254037844386,0.5000000000000001,1.194426852438252,2.6285714285714286,0.7741935483870968,0.0,0,0
7.0375,5.75,1.42850688954145,20,2,1,35.8436944937833,1.2528864551032526,20,37,-0.2241429542585171,-0.8660254037844386,0.5000000000000001,1.1360435639846025,2.0434782608695654,0.7857142857142857,0.0,0,1
8.0875,5.0,2.9996209249431387,21,2,1,35.30139103554868,1.2528864551032526,20,43,-0.12004543091999,-0.7071067811865477,0.7071067811865474,3.0729778822523777,2.15,0.5,0.0,0,1
6.4375,5.75,1.3053036548502335,5,3,0,0.0,0.3932176552088144,20,120,-0.04889889227239198,0.9659258262890683,0.25881904510252074,0.9854140346847363,-0.30434782608695654,0.3888888888888889,0.0,1,0
11.125,9.75,4.0698588269538645,9,3,0,-7.393258426966292,0.5159332321699545,20,120,0.2826288182659747,0.7071067811865476,-0.7071067811865475,2.1923669886417265,-0.8461538461538461,0.22950819672131148,0.0,0,1
23.05,20.75,2.103631853276472,9,3,0,-7.960954446854664,0.6280926304677706,20,29,0.2826288182659747,0.7071067811865476,-0.7071067811865475,2.8031333076283054,-1.180722891566265,0.6554054054054054,2.8031333076283054,0,1
30.6125,20.75,1.8839812061168106,10,3,0,-11.220906492445897,1.0839875964900705,20,28,-0.3616002357621654,0.49999999999999994,-0.8660254037844387,0.5125242934589673,-0.6144578313253012,0.0847457627118644,0.5125242934589673,1,1
10.95,12.25,1.246930611118775,21,3,1,-48.31050228310502,1.6522169111587275,20,120,0.03919074548362272,-0.7071067811865477,0.7071067811865474,1.8132681294639985,1.8979591836734695,0.7777777777777778,0.0,1,0
7.85,7.0,1.6139188069594035,2,4,1,0.0,0.26767760013186087,20,120,0.12700632700630754,0.49999999999999994,0.8660254037844387,2.947658402203857,1.7857142857142858,0.7241379310344828,0.0,1,0
10.65,14.0,1.0999382143960457,4,4,1,0.0,0.26767760013186087,20,107,0.1824988148366094,0.8660254037844386,0.5000000000000001,1.2418892409838538,1.4642857142857142,0.5454545454545454,0.0,1,0
11.7,8.0,2.5086206896551726,5,4,0,0.0,0.4081094445360145,20,61,-0.00665503650578578,0.9659258262890683,0.25881904510252074,1.3024243496726244,-0.40625,0.1935483870967742,0.0,1,0
13.125,11.5,1.1636901724665782,7,4,0,-3.8095238095238093,0.6975440909840118,20,112,-0.33826112412179354,0.9659258262890683,-0.25881904510252063,1.2825670498084292,-0.1956521739130435,0.2894736842105263,0.0,1,1
12.2375,9.25,0.6739538478524898,9,4,1,-8.518896833503575,0.7562221855941981,20,105,-0.4652572672159408,0.7071067811865476,-0.7071067811865475,1.225485282817146,1.2702702702702702,0.75,0.0,0,0
25.2875,25.75,2.004409823078954,9,4,0,-10.617894216510132,1.0832371847700675,20,25,-0.4652572672159408,0.7071067811865476,-0.7071067811865475,2.3723094822571262,-0.8543689320388349,0.021897810218978103,2.3723094822571262,1,1
20.6125,10.5,0.9436379979727274,11,4,1,-17.816858702243785,1.3944288775342015,20,78,-0.6671083021503048,0.258819045102521,-0.9659258262890682,0.9383223526248055,1.5238095238095237,0.18032786885245902,0.0,0,0
20.1875,11.25,1.0329891066416008,11,4,1,-20.681114551083592,1.5625515081588923,20,42,-0.6671083021503048,0.258819045102521,-0.9659258262890682,1.1646452473140336,2.1777777777777776,0.4925373134328358,0.0,0,0
16.425,9.5,1.8518028297581013,13,4,1,-18.751902587519027,1.6871600461513103,20,99,-0.753117913832203,-0.2588190451025208,-0.9659258262890683,1.8523591834040236,1.9210526315789473,0.4605263157894737,0.0,0,1
15.85,9.75,2.41249606547057,13,4,1,-17.097791798107256,1.6871600461513103,20,4,-0.753117913832203,-0.2588190451025208,-0.9659258262890683,1.414725968793267,1.9743589743589745,0.04918032786885246,0.0,0,0
17.2625,9.25,0.9185070910468767,13,4,1,-16.321506154960176,1.6871600461513103,20,15,-0.753117913832203,-0.2588190451025208,-0.9659258262890683,0.9973798131692869,2.4864864864864864,0.8461538461538461,0.0,0,1
17.4625,19.25,4.9972522754593856,14,4,1,-8.503937007874017,1.6871600461513103,20,41,-0.4279709081203734,-0.4999999999999997,-0.8660254037844388,2.615982015123646,1.2597402597402598,0.09782608695652174,0.0,0,1
8.3875,5.5,0.7633295372191738,20,6,0,7.421758569299554,0.36809815950920244,20,120,0.4357017763322311,-0.8660254037844386,0.5000000000000001,1.3186683223937083,-0.8181818181818182,0.4857142857142857,0.0,0,0
7.6875,7.5,0.47434915773353753,21,6,0,12.617886178861788,0.4601226993865031,20,29,0.44086752347998087,-0.7071067811865477,0.7071067811865474,0.9630288400457375,-0.4,0.4878048780487805,0.0,0,0
6.8375,3.75,1.4750483558994196,2,0,0,0.0,0.10770279481935924,20,120,0.09735401009718284,0.49999999999999994,0.8660254037844387,1.3879922530664945,-1.2666666666666666,0.64,0.0,0,1
6.8625,5.5,4.035028248587571,3,0,0,0.0,0.12065439672801637,20,33,0.08908701361529997,0.7071067811865475,0.7071067811865476,2.2133333333333334,-0.5454545454545454,0.11538461538461539,2.2133333333333334,0,0
16.1625,13.5,2.4523809523809526,12,0,1,1.3457076566125288,0.5841854124062713,5,120,-0.027909821254855416,1.2246467991473532e-16,-1.0,1.217147529494218,1.3703703703703705,0.36363636363636365,0.0,0,1
8.575,6.25,2.0149482870071105,13,0,1,14.489795918367347,0.5841854124062713,20,84,0.10145385587863628,-0.2588190451025208,-0.9659258262890683,1.8309939518429763,1.64,0.21212121212121213,0.0,1,1
8.075,5.0,1.652240862306508,14,0,1,19.10216718266254,0.65439672801636,20,53,0.1697988286223427,-0.4999999999999997,-0.8660254037844388,1.9322810590631363,1.85,0.5357142857142857,0.0,1,1
7.0375,4.0,1.490066225165563,15,0,1,24.7246891651865,0.7246080436264485,20,30,0.30601389491965675,-0.7071067811865471,-0.7071067811865479,0.6613795323519944,1.3125,0.2,0.0,1,1
7.65,5.75,0.7645145283122898,15,0,0,22.908496732026144,0.7518745739604635,20,14,0.30601389491965675,-0.7071067811865471,-0.7071067811865479,1.1867559523809523,-1.173913043478261,0.03125,0.0,0,0
10.4125,6.75,0.7097104042654202,15,0,0,19.399759903961584,0.8370824812542604,20,25,0.30601389491965675,-0.7071067811865471,-0.7071067811865479,1.5115530597296516,-0.7037037037037037,0.25806451612903225,0.0,0,1
6.6625,6.5,2.4017891870867367,18,0,0,25.891181988742964,0.8370824812542604,20,88,0.3084565204380686,-1.0,-1.8369701987210297e-16,1.0820464334488917,-0.4230769230769231,0.35,0.0,0,0
6.525,4.5,1.5804140127388535,21,0,0,29.42528735632184,0.8813394131365518,20,120,0.08882247459647583,-0.7071067811865477,0.7071067811865474,3.712847165827513,-2.0,0.6153846153846154,0.0,0,1
5.7,7.5,1.0644638807904114,5,2,0,0.0,0.32404891304347827,17,120,0.3176763200777609,0.9659258262890683,0.25881904510252074,1.0296712109061747,-0.26666666666666666,0.38461538461538464,0.0,0,1
19.3375,10.25,1.2714039506827521,10,2,0,-10.277957336780867,0.7309782608695652,20,120,-0.5078000245669807,0.49999999999999994,-0.8660254037844387,1.22272258945833,-0.926829268292683,0.23529411764705882,1.22272258945833,1,1
6.1,3.5,1.3632829373650108,2,3,0,0.0,0.11707918249974325,20,120,0.09460964949867191,0.49999999999999994,0.8660254037844387,1.759138986825014,-1.2142857142857142,0.6956521739130435,0.0,0,1
6.475,7.0,7.152129817444219,2,3,0,0.0,0.1321420013008798,20,12,0.09460964949867191,0.49999999999999994,0.8660254037844387,2.0395533431992465,-0.6071428571428571,0.030303030303030304,0.0,0,1
9.3125,8.25,0.7218487394957983,3,3,0,0.0,0.21567217828900073,20,39,0.07196024391831547,0.7071067811865475,0.7071067811865476,0.894758563763929,-0.6363636363636364,0.37037037037037035,0.894758563763929,0,1
11.5375,8.25,3.868273542600897,4,3,0,0.0,0.38136318510150286,20,40,-0.004533031131281737,0.8660254037844386,0.5000000000000001,1.7625548512920528,-1.121212121212121,0.35185185185185186,0.0,1,1
12.575,13.25,3.5356546625327927,4,3,0,0.0,0.5230906165485605,20,25,-0.004533031131281737,0.8660254037844386,0.5000000000000001,1.0231451438459875,-0.03773584905660377,0.6071428571428571,0.0,1,0
31.1375,19.25,2.080123140071832,10,3,1,-4.97792051384986,1.207764198418404,20,120,-0.4014109347442896,0.49999999999999994,-0.8660254037844387,0.8943894173096211,1.7532467532467533,0.8285714285714286,0.8943894173096211,0,0
19.675,11.0,0.8313975271637317,13,3,1,-26.645489199491738,1.9424189517647463,20,120,-0.9925862929615952,-0.2588190451025208,-0.9659258262890683,1.5644396551724138,2.25,0.4222222222222222,0.0,0,1
20.3625,13.5,0.9941814415402425,14,3,1,-24.272559852670348,1.9424189517647463,20,40,-0.8356419268141554,-0.4999999999999997,-0.8660254037844388,1.3533740800798302,1.4444444444444444,0.4827586206896552,0.0,0,0
16.8875,11.75,0.7798927022855883,3,4,1,0.0,0.5039770919503659,20,120,-0.19487612978738336,0.7071067811865475,0.7071067811865476,0.635299934080422,1.297872340425532,0.4,0.635299934080422,0,1
14.9125,22.75,5.691521346963319,4,4,1,0.0,0.5039770919503659,20,34,-0.1964822920811595,0.8660254037844386,0.5000000000000001,1.420804639362088,1.3076923076923077,0.04477611940298507,0.0,0,0
16.7625,19.25,1.6262928062514364,9,4,1,-8.873974645786726,1.1804008908685968,20,120,-0.6171889052775577,0.7071067811865476,-0.7071067811865475,1.6246802924333987,1.8571428571428572,0.7916666666666666,0.0,0,1
40.275,20.25,1.1395405732533286,10,4,1,1.6883923029174426,1.1804008908685968,20,66,-0.20716007675023798,0.49999999999999994,-0.8660254037844387,1.025885167756151,1.2839506172839505,0.22807017543859648,1.025885167756151,0,1
29.675,27.0,1.9376100730784025,10,4,1,8.652064026958719,1.277760101813554,20,28,-0.20716007675023798,0.49999999999999994,-0.8660254037844387,1.5127323746054016,1.9814814814814814,0.7835820895522388,1.5127323746054016,0,1
18.9125,28.75,1.0281586351659149,11,4,0,17.118307997356244,1.5539293668469616,20,48,0.32153057986126016,0.258819045102521,-0.9659258262890682,0.7354814060112074,-0.17391304347826086,0.08163265306122448,0.0,0,1
20.0125,17.25,0.8175813648624801,13,4,1,13.516552154903186,1.5539293668469616,20,120,0.9633132329761424,-0.2588190451025208,-0.9659258262890683,1.1551357997093998,1.855072463768116,0.29411764705882354,0.0,1,1
17.15,12.0,2.3361476650751136,15,4,0,13.731778425655978,1.5539293668469616,20,77,0.3020108014922701,-0.7071067811865471,-0.7071067811865479,1.5286148594591713,-0.5,0.16393442622950818,0.0,0,1
10.25,7.75,1.3722769322590271,21,6,1,8.487804878048781,0.6029086005971299,20,120,0.18461307174803954,-0.7071067811865477,0.7071067811865474,1.7146259178408414,2.129032258064516,0.2553191489361702,0.0,1,1
31.4,19.75,1.2446774759129695,10,0,1,-1.7197452229299364,1.044656329256156,20,120,-0.24957592742825996,0.49999999999999994,-0.8660254037844387,0.9896640263018163,1.3037974683544304,0.07608695652173914,0.9896640263018163,0,0
17.1375,16.0,1.5231827580722126,13,0,1,-8.767323121808898,1.0748338630453627,20,120,-0.08751489474381463,-0.2588190451025208,-0.9659258262890683,1.8494380528030856,1.953125,0.5949367088607594,0.0,0,0
18.8875,18.25,0.7640880585887821,14,0,1,-17.57776307081403,1.3791775016854473,20,41,-0.3182421380736546,-0.4999999999999997,-0.8660254037844388,1.865030355819607,1.1095890410958904,0.2702702702702703,0.0,0,0
14.6625,10.75,1.1822222222222223,3,1,1,0.0,0.4020903781125115,6,120,-0.2372028271578543,0.7071067811865475,0.7071067811865476,1.9278441788401948,1.930232558139535,0.21311475409836064,1.9278441788401948,0,1
17.1,8.75,3.392116182572614,3,1,1,0.0,0.5441131263449124,20,24,-0.2372028271578543,0.7071067811865475,0.7071067811865476,1.6522122592973687,2.8285714285714287,0.7236842105263158,1.6522122592973687,0,1
13.0625,9.75,1.6693241529262548,4,1,1,0.0,0.6295727021211189,20,69,-0.00062788598638842,0.8660254037844386,0.5000000000000001,1.018298555377207,1.7179487179487178,0.75,0.0,0,0
27.8875,21.5,1.2644064687719727,13,1,1,0.07171671896010758,1.179833999385183,20,120,0.02932163989855002,-0.2588190451025208,-0.9659258262890683,1.0024047932828826,1.4186046511627908,0.24242424242424243,0.0,1,0
10.925,6.0,1.1106374340235485,2,2,1,0.0,0.41750021744802995,20,120,-0.05662947247105511,0.49999999999999994,0.8660254037844387,1.0589112602535422,2.2916666666666665,0.7435897435897436,0.0,0,0
13.9625,9.75,1.0028553693358162,3,2,1,0.0,0.44881273375663217,20,40,-0.034849548776368644,0.7071067811865475,0.7071067811865476,1.8331603528801246,1.3076923076923077,0.02,1.8331603528801246,0,0
10.425,5.75,4.208333333333333,5,2,1,0.0,0.6082746223652548,20,120,0.21558946936504947,0.9659258262890683,0.25881904510252074,1.2600566572237961,2.6956521739130435,0.3902439024390244,0.0,1,1
25.9875,13.75,1.879022977102266,11,2,0,-1.1736411736411736,1.2559798208228234,20,120,0.20611862364440622,0.258819045102521,-0.9659258262890682,1.3766807703835886,-0.9272727272727272,0.6363636363636364,0.0,0,1
27.475,22.5,1.4852250116421828,12,2,0,-3.175614194722475,1.2559798208228234,20,39,0.10679812465525461,1.2246467991473532e-16,-1.0,1.6257246601976225,-0.4666666666666667,0.18518518518518517,0.0,0,1
23.0875,16.75,1.3250239693192714,13,2,0,-4.0173253925284245,1.2559798208228234,20,82,-0.09757841703232764,-0.2588190451025208,-0.9659258262890683,1.1373390557939915,-0.746268656716418,0.24675324675324675,0.0,1,0
18.4375,25.75,3.513893284385088,15,2,1,4.501694915254237,1.2559798208228234,20,107,-0.3490811650248773,-0.7071067811865471,-0.7071067811865479,2.0046728971962615,1.4854368932038835,0.550561797752809,0.0,0,1
17.075,24.5,1.6220337163105336,18,2,1,20.263543191800878,1.4258792148676467,20,107,0.5701837522809914,-1.0,-1.8369701987210297e-16,0.9910529938059188,1.163265306122449,0.6730769230769231,0.0,1,1
24.7625,16.5,5.989803760823897,11,3,0,-1.2922766279656739,0.642695751624871,20,120,0.24999557498626013,0.258819045102521,-0.9659258262890682,1.7489751795857322,-0.3939393939393939,0.17829457364341086,0.0,0,1
45.875,26.5,1.170299021071322,12,3,0,-17.155313351498638,2.0,20,108,-0.5770857085131282,1.2246467991473532e-16,-1.0,0.788974275715265,-0.11320754716981132,0.6923076923076923,0.0,1,0
35.75,22.5,3.5943283582089554,13,3,0,-23.81118881118881,2.0,20,56,-1.3356599347788833,-0.2588190451025208,-0.9659258262890683,0.8398910411622276,-0.5777777777777777,0.30927835051546393,0.0,1,1
12.2125,18.5,0.9774171737660582,18,3,1,-83.21392016376663,2.0,20,120,-0.4651033781363154,-1.0,-1.8369701987210297e-16,2.9507455942159964,1.0810810810810811,0.034482758620689655,0.0,0,1
17.5,9.25,1.730289252200832,9,4,0,7.371428571428571,0.7782628330573536,20,120,0.10220913107509472,0.7071067811865476,-0.7071067811865475,1.1347159603246169,-0.4864864864864865,0.4090909090909091,0.0,0,0
42.525,29.5,1.0984579757025492,9,4,0,2.1164021164021163,0.7782628330573536,20,33,0.10220913107509472,0.7071067811865476,-0.7071067811865475,1.1357907427026632,-0.940677966101695,0.1076923076923077,1.1357907427026632,0,1
49.625,26.0,1.4552731189874175,10,4,0,-0.836272040302267,0.7782628330573536,20,41,0.2875881633396752,0.49999999999999994,-0.8660254037844387,1.009660141940008,-1.6923076923076923,0.9312169312169312,1.009660141940008,0,1
38.425,20.25,1.9846422142214222,11,4,1,2.719583604424203,0.7782628330573536,20,68,0.06351427322129997,0.258819045102521,-0.9659258262890682,1.4566280045121915,1.8024691358024691,0.5,0.0,1,1
26.025,19.5,1.3634638264121013,12,4,0,9.279538904899136,0.9784735812133072,20,49,0.2023919043238244,1.2246467991473532e-16,-1.0,1.4515450423075125,-0.10256410256410256,0.047058823529411764,0.0,0,1
11.05,21.75,0.5085983283696801,3,0,0,0.0,0.16210329019021807,2,120,0.008562152905760996,0.7071067811865475,0.7071067811865476,1.9235528667674964,-0.034482758620689655,0.41818181818181815,1.9235528667674964,0,1
12.9625,13.75,1.08274231678487,5,0,0,0.0,0.32370000759859174,20,120,0.01999298491757033,0.9659258262890683,0.25881904510252074,0.71993092913595,-0.5818181818181818,0.5714285714285714,0.0,0,0
5.1875,3.75,1.7810590631364562,2,1,1,0.0,0.14777107838291983,20,120,-0.05473828258638544,0.49999999999999994,0.8660254037844387,1.323772752344181,1.7333333333333334,0.6875,0.0,0,1
6.0375,4.75,1.0834738617200674,2,1,1,0.0,0.14777107838291983,20,9,-0.05473828258638544,0.49999999999999994,0.8660254037844387,2.439306358381503,1.631578947368421,0.20588235294117646,0.0,0,0
9.775,9.0,0.7580728493929217,4,1,1,0.0,0.1966986260749234,20,77,-0.12963571554972544,0.8660254037844386,0.5000000000000001,1.0273081924577372,1.1111111111111112,0.25,0.0,0,0
13.35,6.75,2.2095324833029752,13,1,0,7.247191011235955,0.907877829396066,0,120,0.17346478510211244,-0.2588190451025208,-0.9659258262890683,1.783046506664597,-0.7407407407407407,0.2413793103448276,0.0,0,0
10.0,5.5,1.105445777464126,14,1,0,12.425,0.907877829396066,20,64,0.45732436780659574,-0.4999999999999997,-0.8660254037844388,1.6819381431070781,-1.0,0.1568627450980392,0.0,0,1
10.625,8.5,1.0759512708677996,9,2,1,0.6588235294117647,0.2218438106049856,20,120,0.13642345372132447,0.7071067811865476,-0.7071067811865475,1.6435986159169549,1.9705882352941178,0.4642857142857143,0.0,1,1
26.0,13.25,1.6875373263721656,10,2,0,-1.8173076923076923,0.30793245352632326,1,46,0.13272894680925737,0.49999999999999994,-0.8660254037844387,1.7575460341522138,-1.4150943396226414,0.5725190839694656,1.7575460341522138,0,0
15.4625,8.0,1.656341046850407,11,2,1,5.109135004042037,0.30793245352632326,20,58,0.20606644198360796,0.258819045102521,-0.9659258262890682,1.255217385788412,1.875,0.6666666666666666,0.0,1,1
11.05,6.5,1.841451606112912,11,2,1,11.80995475113122,0.3944941109692068,20,19,0.20606644198360796,0.258819045102521,-0.9659258262890682,1.0600065450867224,2.269230769230769,0.8055555555555556,0.0,1,1
8.375,5.5,1.4783394807261157,12,2,1,20.0,0.48578591362754836,20,75,0.6054899788847082,1.2246467991473532e-16,-1.0,0.8747640025173065,1.1818181818181819,0.631578947368421,0.0,1,0
8.95,4.5,0.6616548288903238,13,2,1,17.73743016759777,0.48578591362754836,20,14,0.7189952904238658,-0.2588190451025208,-0.9659258262890683,0.9443423031923783,2.3333333333333335,0.5757575757575758,0.0,1,0
11.9625,16.5,1.9685609879032258,13,2,0,10.219435736677116,0.48578591362754836,20,5,0.7189952904238658,-0.2588190451025208,-0.9659258262890683,2.160231106798686,-0.6212121212121212,0.3010752688172043,0.0,0,0
4.3625,2.25,3.1313229571984436,4,3,1,0.0,0.0832843194918245,20,120,-0.05004120158815174,0.8660254037844386,0.5000000000000001,1.163619092852054,1.1111111111111112,0.1,0.0,0,0
4.75,5.0,1.23942804989352,9,3,1,-1.368421052631579,0.0922244441830373,20,120,-0.03323069772847468,0.7071067811865476,-0.7071067811865475,3.579501470815916,1.8,0.1875,3.579501470815916,0,0
2.8,1.75,0.7495462794918331,11,3,1,-7.500000000000001,0.0922244441830373,20,120,-0.13857754228658561,0.258819045102521,-0.9659258262890682,0.9239130434782609,2.0,0.45454545454545453,0.0,0,1
22.275,29.0,2.1365853658536587,13,4,1,-11.27946127946128,1.2700878508677953,20,120,-0.4270466191726078,-0.2588190451025208,-0.9659258262890683,0.8536266038229904,1.4396551724137931,0.30526315789473685,0.0,0,0
20.7625,15.5,1.30891950688905,15,4,1,-18.229981938591212,1.2700878508677953,20,68,-0.202647667288223,-0.7071067811865471,-0.7071067811865479,0.7564864020006252,1.2903225806451613,0.33962264150943394,0.0,0,1
5.3625,4.5,2.212448132780083,19,6,1,4.382284382284382,0.07601742838602021,20,120,-0.0997385310197366,-0.9659258262890684,0.2588190451025203,1.1055009301089556,2.111111111111111,0.45,0.0,0,1
5.4,3.75,2.5601888276947284,20,6,1,7.546296296296296,0.1279317697228145,20,52,-0.004103616311884547,-0.8660254037844386,0.5000000000000001,0.5025337837837838,1.2,0.21428571428571427,0.0,0,1
6.5625,3.5,2.051546391752577,4,0,1,0.0,0.2113655325855196,14,120,0.03202117667148764,0.8660254037844386,0.5000000000000001,3.0881981298963863,3.5,0.723404255319149,0.0,1,1
4.625,6.75,2.643265306122449,7,0,0,-0.05405405405405406,0.32570068910107847,20,120,0.3317824113963903,0.9659258262890683,-0.25881904510252063,0.8931623931623932,-0.48148148148148145,0.8,0.0,0,0
6.5,3.25,0.8127772848269743,9,0,0,7.0,0.4184048700596397,20,98,0.3282585000527038,0.7071067811865476,-0.7071067811865475,1.2047904191616767,-1.0769230769230769,0.5789473684210527,0.0,0,0
16.3,8.5,0.928928543958157,13,0,1,-12.285276073619631,0.9480547572695529,20,120,-0.8341531420154402,-0.2588190451025208,-0.9659258262890683,0.7891426175136289,1.1764705882352942,0.25,0.0,0,0
4.0125,3.25,1.794077134986226,18,0,1,-59.00311526479751,0.9480547572695529,2,120,-0.156087516087533,-1.0,-1.8369701987210297e-16,2.490566037735849,3.076923076923077,0.4878048780487805,0.0,0,0
8.1125,5.25,1.7340496977837474,19,0,1,-40.27734976887519,1.1036520733626698,20,81,-0.2696906199926187,-0.9659258262890684,0.2588190451025203,1.0130757450818706,1.2380952380952381,0.2,0.0,0,0
21.4875,17.25,0.6794172312488759,20,0,1,-20.605002908667828,1.432563517810683,20,66,-0.32754964333911446,-0.8660254037844386,0.5000000000000001,0.5324543610547667,1.2028985507246377,0.06666666666666667,0.0,0,1
6.1375,4.0,1.0713035870516185,2,1,1,0.0,0.159958886069444,20,120,-0.07657784619386922,0.49999999999999994,0.8660254037844387,0.881976991904559,2.125,0.6666666666666666,0.0,0,0
9.4,5.25,2.2761692650334076,3,1,1,0.0,0.29422156554138695,20,55,-0.07373271889401664,0.7071067811865475,0.7071067811865476,1.147104504104726,1.4761904761904763,0.2857142857142857,1.147104504104726,0,1
7.0,5.0,1.361781848459617,4,1,1,0.0,0.394436771271641,20,43,0.04146141215105203,0.8660254037844386,0.5000000000000001,1.4994446501295815,2.55,0.8571428571428571,0.0,1,0
8.725,5.0,0.8014636449480642,4,1,1,0.0,0.394436771271641,20,35,0.04146141215105203,0.8660254037844386,0.5000000000000001,1.1844792375765827,1.9,0.75,0.0,1,1
7.4875,6.25,2.6200980392156863,5,1,1,0.0,0.4162785468795169,20,25,0.12120228116818023,0.9659258262890683,0.25881904510252074,1.074758433632819,1.6,0.6190476190476191,0.0,1,1
6.225,3.25,3.229869236063317,5,1,1,0.0,0.49465197700189506,20,8,0.12120228116818023,0.9659258262890683,0.25881904510252074,1.1654011224826677,1.9230769230769231,0.6666666666666666,0.0,1,0
7.1125,6.5,1.5974430932335517,7,1,1,8.541300527240773,0.614139337680275,20,84,0.4287841191067188,0.9659258262890683,-0.25881904510252063,1.0063344089876898,1.1923076923076923,0.5555555555555556,0.0,1,0
12.2875,11.25,3.050925925925926,9,1,0,-0.9969481180061038,0.7959399993575947,20,120,0.23754695210272175,0.7071067811865476,-0.7071067811865475,2.5481056531612287,-1.3333333333333333,0.5730337078651685,0.0,0,0
35.2125,26.0,0.7641693970365299,10,1,0,2.0802271920482784,0.8601805158513474,20,33,0.3743271221532239,0.49999999999999994,-0.8660254037844387,1.0308556401937945,-1.1634615384615385,0.8512396694214877,1.0308556401937945,0,1
29.8125,15.5,3.5637114069518065,10,1,0,-2.088050314465409,0.8601805158513474,20,22,0.3743271221532239,0.49999999999999994,-0.8660254037844387,1.2419169260683036,-1.532258064516129,0.6060606060606061,1.2419169260683036,0,0
20.0375,18.5,1.09419727060912,11,1,0,-1.1977542108546475,0.8601805158513474,20,69,0.1875770943530439,0.258819045102521,-0.9659258262890682,1.3573298205395787,-0.581081081081081,0.46835443037974683,0.0,0,0
19.025,20.25,1.1328010700999038,12,1,0,2.4967148488830486,0.8601805158513474,20,31,0.12993640892703903,1.2246467991473532e-16,-1.0,1.7580494401686455,-0.4567901234567901,0.31683168316831684,0.0,0,1
18.1875,13.75,0.7709195305243604,13,1,0,-2.4054982817869415,0.8601805158513474,20,76,-0.07932737623949472,-0.2588190451025208,-0.9659258262890683,0.754944748816046,-0.2909090909090909,0.5869565217391305,0.0,1,0
14.3625,12.5,2.552959676513535,14,1,1,6.248912097476066,0.8601805158513474,20,82,-0.04135883449561819,-0.4999999999999997,-0.8660254037844388,1.416912768727573,1.26,0.06896551724137931,0.0,0,1
6.45,5.75,0.8089747584917419,18,1,1,13.604651162790697,0.9514020492724761,20,120,0.1855530708825117,-1.0,-1.8369701987210297e-16,2.4086101317498607,1.7826086956521738,0.0975609756097561,0.0,1,0
7.3,7.0,1.7698838248436104,18,1,1,13.835616438356166,0.9514020492724761,20,29,0.1855530708825117,-1.0,-1.8369701987210297e-16,1.478908188585608,1.6785714285714286,0.782608695652174,0.0,1,0
9.45,12.5,3.1545494122768827,19,1,0,4.920634920634921,0.918421134228396,20,23,-0.02535987112197631,-0.9659258262890684,0.2588190451025203,3.0342232153357642,-0.64,0.6521739130434783,0.0,1,0
8.1625,5.75,0.8822553897180763,21,1,0,12.373660030627873,0.918421134228396,20,120,-0.09856987220501923,-0.7071067811865477,0.7071067811865474,0.9147794994040523,-0.5217391304347826,0.5714285714285714,0.0,1,1
24.5625,21.75,1.0199584945299889,10,2,1,-6.086513994910941,0.6517627360391925,20,120,-0.2542444505207804,0.49999999999999994,-0.8660254037844387,1.3886703874342934,1.528735632183908,0.33707865168539325,1.3886703874342934,0,0
25.2,14.0,0.6322691099279438,11,2,1,-17.390873015873016,1.2588756937769372,20,72,-0.9281427911986445,0.258819045102521,-0.9659258262890682,1.0623780551162012,1.3214285714285714,0.3925233644859813,0.0,0,0
11.4,8.0,0.6772244805781391,15,2,1,-45.04385964912281,1.4529782022262876,20,120,-0.6706877707161052,-0.7071067811865471,-0.7071067811865479,1.1391204174290166,1.21875,0.5263157894736842,0.0,0,0
8.125,8.0,1.2077051926298157,3,3,0,0.0,0.23289032418333125,20,120,0.12194707315690358,0.7071067811865475,0.7071067811865476,1.2541497602360754,-0.65625,0.8181818181818182,1.2541497602360754,0,0
7.0625,4.25,2.1136363636363638,19,6,0,2.230088495575221,0.12461827940405318,20,120,0.2890645448358792,-0.9659258262890684,0.2588190451025203,1.3179767276181429,-0.35294117647058826,0.35294117647058826,0.0,0,0
3.175,2.0,1.0122013218098627,2,0,0,0.0,0.12153366852771523,20,120,-0.023562891291973708,0.49999999999999994,0.8660254037844387,1.5187221785807803,0.0,0.23076923076923078,0.0,1,0
5.725,4.25,1.0094876660341556,3,0,0,0.0,0.1357228785588698,20,20,0.03440660234802394,0.7071067811865475,0.7071067811865476,1.899927483683829,-0.17647058823529413,0.5333333333333333,1.899927483683829,0,1
4.475,2.75,0.801125703564728,4,0,0,0.0,0.15669823251796786,20,84,0.0595938964316079,0.8660254037844386,0.5000000000000001,1.6420597767374865,-0.9090909090909091,0.5294117647058824,0.0,0,1
6.75,9.75,0.972833007895407,12,0,1,1.037037037037037,0.4084024800271446,20,120,-0.09656244601832012,1.2246467991473532e-16,-1.0,1.6355977773794588,1.564102564102564,0.6363636363636364,0.0,0,0
19.1,10.75,1.2096785296344736,10,1,0,-3.0366492146596857,0.352719523118263,3,120,-0.3556005056890213,0.49999999999999994,-0.8660254037844387,1.4987441579499572,-1.6046511627906976,0.7341772151898734,1.4987441579499572,1,0
5.225,5.75,2.080208333333333,12,1,0,9.234449760765552,0.4200512709639559,20,120,0.43174995585373566,1.2246467991473532e-16,-1.0,3.0696739335301877,-1.3478260869565217,0.8571428571428571,0.0,0,0
3.7625,4.25,1.433745206646783,21,1,0,21.32890365448505,0.5293293537187062,20,120,-0.02603843769375395,-0.7071067811865477,0.7071067811865474,2.7114670834147296,-0.11764705882352941,0.38095238095238093,0.0,1,0
5.025,4.5,3.2072538860103625,9,2,0,-0.09950248756218905,0.11877931412560151,20,120,0.3221288515405527,0.7071067811865476,-0.7071067811865475,3.4454545454545453,-1.2777777777777777,0.14285714285714285,3.4454545454545453,0,0
5.1375,4.25,5.643297812675266,11,2,1,15.961070559610706,0.24608637388073337,20,120,0.24536846438859167,0.258819045102521,-0.9659258262890682,1.4722982216142273,1.6470588235294117,0.35294117647058826,0.0,1,1
4.8625,3.0,3.031390134529148,19,3,1,6.580976863753214,0.11749257032275899,20,120,0.5838158071899946,-0.9659258262890684,0.2588190451025203,1.5909614941203598,1.9166666666666667,0.15789473684210525,0.0,1,0
3.7625,5.5,4.356456776947706,20,3,0,4.186046511627906,0.11749257032275899,20,61,0.4203398831651729,-0.8660254037844386,0.5000000000000001,1.6208272097417593,0.0,0.625,0.0,0,1
7.8,6.75,1.0354838709677419,9,4,0,0.2884615384615385,0.2232358836132421,20,120,0.23605176791130475,0.7071067811865476,-0.7071067811865475,6.580953348917573,-1.4074074074074074,0.21100917431192662,6.580953348917573,0,0
17.0875,8.75,1.0803568719084757,9,4,0,0.10241404535479152,0.2557191236436519,20,18,0.23605176791130475,0.7071067811865476,-0.7071067811865475,1.9778256220982176,-2.142857142857143,0.5181818181818182,1.9778256220982176,0,1
15.45,13.75,3.485807415455657,10,4,0,-2.4271844660194177,0.2619393185430921,20,9,0.0931005818786083,0.49999999999999994,-0.8660254037844387,1.2704316029627778,-0.8181818181818182,0.6111111111111112,1.2704316029627778,0,0
6.7625,4.5,1.1336798336798337,12,4,1,-0.9242144177449167,0.2619393185430921,20,120,0.01875035728577435,1.2246467991473532e-16,-1.0,1.6498559077809798,3.111111111111111,0.9230769230769231,0.0,1,1
5.975,8.75,1.2886920270974467,13,0,1,-7.029288702928871,0.6514880839256528,20,120,-0.13339872486515109,-0.2588190451025208,-0.9659258262890683,1.983809523809524,1.1142857142857143,0.045454545454545456,0.0,0,1
4.5625,3.0,0.9756309834638817,3,1,1,0.0,0.22489705416534686,20,120,-0.03183995491690342,0.7071067811865475,0.7071067811865476,1.2197876665913712,2.0,0.35294117647058826,1.2197876665913712,0,1
4.225,3.0,0.938248502994012,4,1,1,0.0,0.22489705416534686,20,30,-0.07874461016470023,0.8660254037844386,0.5000000000000001,2.33656684943062,1.0833333333333333,0.6666666666666666,0.0,0,0
4.7625,3.0,0.6754385964912281,7,1,1,0.47244094488188976,0.22489705416534686,20,120,0.08528784648189376,0.9659258262890683,-0.25881904510252063,1.1770428015564203,2.5,0.85,0.0,1,1
13.2,6.75,1.3890259127310374,10,1,0,-2.518939393939394,0.32071586949635733,14,120,0.04417293233079107,0.49999999999999994,-0.8660254037844387,1.3306813807262927,-0.5555555555555556,0.03389830508474576,1.3306813807262927,0,0
8.2125,8.75,1.5228959617561957,11,1,1,7.975646879756469,0.38010769718086795,20,66,0.14181989627533542,0.258819045102521,-0.9659258262890682,2.385302055221092,2.857142857142857,0.8181818181818182,0.0,1,0
4.6625,5.0,1.0335155933576348,12,1,0,-1.2332439678284184,0.38010769718086795,20,78,0.05137449301486207,1.2246467991473532e-16,-1.0,1.6579179876305805,-0.7,0.4444444444444444,0.0,0,1
5.2375,2.75,1.7143065480530844,15,1,0,-4.486873508353222,0.38010769718086795,20,120,-0.20076759061837735,-0.7071067811865471,-0.7071067811865479,1.1201595479474822,-0.6363636363636364,0.3157894736842105,0.0,1,1
3.375,7.75,1.2882288228822882,18,1,1,-12.37037037037037,0.3967374089325309,2,93,-0.3353053767182702,-1.0,-1.8369701987210297e-16,1.5199398043641836,1.064516129032258,0.375,0.0,0,0
4.4125,4.0,1.1495988673902784,21,1,1,-23.682719546742213,0.6648871633098763,20,120,-0.34619999172566146,-0.7071067811865477,0.7071067811865474,2.2814399251986908,1.1875,0.2,0.0,0,1
6.1,3.5,1.5578512396694215,4,2,1,0.0,0.24185068349106204,20,120,-0.2398773260391989,0.8660254037844386,0.5000000000000001,1.0755441741357235,2.4285714285714284,0.95,0.0,0,1
7.35,5.5,1.350253807106599,11,2,1,-0.17006802721088435,0.568632209010758,20,120,-0.04916052160144793,0.258819045102521,-0.9659258262890682,1.59174846115455,1.9545454545454546,0.46875,0.0,0,1
6.825,4.5,0.5592978606692266,12,2,1,1.1721611721611722,0.568632209010758,20,57,-0.21135698014970483,1.2246467991473532e-16,-1.0,1.2847122817062697,1.6666666666666667,0.13636363636363635,0.0,0,1
5.6375,12.25,1.571517567904311,13,2,1,6.341463414634146,0.568632209010758,20,81,-0.3803666280601783,-0.2588190451025208,-0.9659258262890683,1.15495477586721,1.0816326530612246,0.2,0.0,0,0
