month,entry_time,exit_time,entry_price,exit_price,direction,pnl,exit_reason,killzone_window,lr_regime,cumulative_pnl
2025-02,2025-02-04T09:30:00+00:00,2025-02-04T09:31:00+00:00,98645.0,98619.0,bullish,-28.0,stop_loss,London AM,SIDEWAYS,-28.0
2025-02,2025-02-07T15:58:00+00:00,2025-02-07T16:02:00+00:00,98248.5,97825.5,bullish,-425.0,stop_loss,NY AM,SIDEWAYS,-453.0
2025-02,2025-02-10T09:18:00+00:00,2025-02-10T09:28:00+00:00,97817.5,97792.5,bullish,-27.0,stop_loss,London AM,SIDEWAYS,-480.0
2025-02,2025-02-11T15:57:00+00:00,2025-02-11T15:58:00+00:00,97036.0,97010.0,bullish,-28.0,stop_loss,NY AM,SIDEWAYS,-508.0
2025-02,2025-02-14T09:37:00+00:00,2025-02-14T09:39:00+00:00,97086.5,97102.0,bullish,13.5,target,London AM,SIDEWAYS,-494.5
2025-02,2025-02-17T15:11:00+00:00,2025-02-17T15:12:00+00:00,96713.0,96647.0,bullish,-68.0,stop_loss,NY AM,SIDEWAYS,-562.5
2025-02,2025-02-24T09:20:00+00:00,2025-02-24T09:21:00+00:00,95750.0,95740.0,bullish,-12.0,stop_loss,London AM,SIDEWAYS,-574.5
2025-02,2025-02-05T09:06:00+00:00,2025-02-05T09:16:00+00:00,97837.0,97943.0,bearish,-108.0,stop_loss,London AM,DOWN,-682.5
2025-02,2025-02-07T09:42:00+00:00,2025-02-07T09:43:00+00:00,97317.5,97372.5,bearish,-57.0,stop_loss,London AM,DOWN,-739.5
2025-02,2025-02-17T09:14:00+00:00,2025-02-17T09:40:00+00:00,96263.0,96301.0,bearish,-40.0,stop_loss,London AM,DOWN,-779.5
2025-02,2025-02-19T09:30:00+00:00,2025-02-19T09:41:00+00:00,95797.0,95823.0,bearish,-28.0,stop_loss,London AM,SIDEWAYS,-807.5
2025-02,2025-02-24T15:38:00+00:00,2025-02-24T15:40:00+00:00,94291.5,94132.0,bearish,157.5,target,NY AM,DOWN,-650.0
2025-02,2025-02-25T10:04:00+00:00,2025-02-25T10:05:00+00:00,88614.5,88789.5,bearish,-177.0,stop_loss,London AM,DOWN,-827.0
2025-02,2025-02-26T16:02:00+00:00,2025-02-26T16:04:00+00:00,87735.5,87404.0,bearish,329.5,target,NY AM,DOWN,-497.5
2025-03,2025-03-11T08:58:00+00:00,2025-03-11T09:26:00+00:00,81125.5,81537.0,bullish,409.5,target,London AM,SIDEWAYS,-88.0
2025-03,2025-03-12T08:47:00+00:00,2025-03-12T08:51:00+00:00,82649.5,82630.5,bullish,-21.0,stop_loss,London AM,SIDEWAYS,-109.0
2025-03,2025-03-14T14:07:00+00:00,2025-03-14T14:08:00+00:00,83196.5,83129.5,bullish,-69.0,stop_loss,NY AM,UP,-178.0
2025-03,2025-03-18T08:07:00+00:00,2025-03-18T08:09:00+00:00,83230.5,83191.5,bullish,-41.0,stop_loss,London AM,SIDEWAYS,-219.0
2025-03,2025-03-19T08:44:00+00:00,2025-03-19T08:50:00+00:00,83396.5,83500.0,bullish,101.5,target,London AM,SIDEWAYS,-117.5
2025-03,2025-03-24T08:20:00+00:00,2025-03-24T08:22:00+00:00,87198.5,87290.0,bullish,89.5,target,London AM,UP,-28.0
2025-03,2025-03-25T08:58:00+00:00,2025-03-25T09:01:00+00:00,86744.5,86721.5,bullish,-25.0,stop_loss,London AM,SIDEWAYS,-53.0
2025-03,2025-03-26T08:07:00+00:00,2025-03-26T08:11:00+00:00,88146.5,88117.5,bullish,-31.0,stop_loss,London AM,UP,-84.0
2025-03,2025-03-03T15:55:00+00:00,2025-03-03T15:57:00+00:00,90685.5,90314.0,bearish,369.5,target,NY AM,SIDEWAYS,285.5
2025-03,2025-03-04T15:27:00+00:00,2025-03-04T15:31:00+00:00,82397.5,82616.5,bearish,-221.0,stop_loss,NY AM,DOWN,64.5
2025-03,2025-03-11T14:09:00+00:00,2025-03-11T14:27:00+00:00,81096.0,80058.0,bearish,1036.0,target,NY AM,SIDEWAYS,1100.5
2025-03,2025-03-17T08:27:00+00:00,2025-03-17T08:46:00+00:00,83501.5,83584.5,bearish,-85.0,stop_loss,London AM,DOWN,1015.5
2025-03,2025-03-17T14:08:00+00:00,2025-03-17T14:10:00+00:00,82821.5,82565.0,bearish,254.5,target,NY AM,DOWN,1270.0
2025-03,2025-03-21T08:35:00+00:00,2025-03-21T08:37:00+00:00,83765.5,83788.5,bearish,-25.0,stop_loss,London AM,DOWN,1245.0
2025-03,2025-03-21T14:15:00+00:00,2025-03-21T14:21:00+00:00,83811.5,83956.5,bearish,-147.0,stop_loss,NY AM,DOWN,1098.0
2025-03,2025-03-25T15:00:00+00:00,2025-03-25T15:02:00+00:00,88062.0,88162.0,bearish,-102.0,stop_loss,NY AM,SIDEWAYS,996.0
2025-03,2025-03-28T14:39:00+00:00,2025-03-28T14:40:00+00:00,84366.0,84448.0,bearish,-84.0,stop_loss,NY AM,DOWN,912.0
2025-04,2025-04-01T08:41:00+00:00,2025-04-01T10:41:00+00:00,84009.0,84334.0,bullish,323.0,time_exit,London AM,UP,1235.0
2025-04,2025-04-02T08:09:00+00:00,2025-04-02T08:15:00+00:00,84351.5,84318.5,bullish,-35.0,stop_loss,London AM,SIDEWAYS,1200.0
2025-04,2025-04-02T14:43:00+00:00,2025-04-02T14:56:00+00:00,85557.0,85845.0,bullish,286.0,target,NY AM,UP,1486.0
2025-04,2025-04-04T08:08:00+00:00,2025-04-04T08:10:00+00:00,84076.0,84337.0,bullish,259.0,target,London AM,SIDEWAYS,1745.0
2025-04,2025-04-04T14:27:00+00:00,2025-04-04T14:29:00+00:00,82791.5,82712.5,bullish,-81.0,stop_loss,NY AM,SIDEWAYS,1664.0
2025-04,2025-04-09T08:08:00+00:00,2025-04-09T08:09:00+00:00,77525.0,77415.0,bullish,-112.0,stop_loss,London AM,SIDEWAYS,1552.0
2025-04,2025-04-11T08:11:00+00:00,2025-04-11T08:14:00+00:00,81570.5,81425.5,bullish,-147.0,stop_loss,London AM,SIDEWAYS,1405.0
2025-04,2025-04-11T14:55:00+00:00,2025-04-11T15:05:00+00:00,81959.0,81799.0,bullish,-162.0,stop_loss,NY AM,UP,1243.0
2025-04,2025-04-16T14:54:00+00:00,2025-04-16T14:56:00+00:00,84646.5,84561.5,bullish,-87.0,stop_loss,NY AM,SIDEWAYS,1156.0
2025-04,2025-04-18T08:21:00+00:00,2025-04-18T08:26:00+00:00,84707.0,84766.0,bullish,57.0,target,London AM,SIDEWAYS,1213.0
2025-04,2025-04-18T14:13:00+00:00,2025-04-18T14:16:00+00:00,84505.0,84479.0,bullish,-28.0,stop_loss,NY AM,SIDEWAYS,1185.0
2025-04,2025-04-22T08:24:00+00:00,2025-04-22T08:33:00+00:00,88471.0,88371.0,bullish,-102.0,stop_loss,London AM,UP,1083.0
2025-04,2025-04-22T14:19:00+00:00,2025-04-22T14:20:00+00:00,90381.0,90339.0,bullish,-44.0,stop_loss,NY AM,UP,1039.0
2025-04,2025-04-23T08:05:00+00:00,2025-04-23T08:14:00+00:00,94024.0,94325.0,bullish,299.0,target,London AM,UP,1338.0
2025-04,2025-04-25T08:07:00+00:00,2025-04-25T09:03:00+00:00,93748.0,93666.0,bullish,-84.0,stop_loss,London AM,UP,1254.0
2025-04,2025-04-28T08:24:00+00:00,2025-04-28T08:28:00+00:00,94762.0,94867.0,bullish,103.0,target,London AM,SIDEWAYS,1357.0
2025-04,2025-04-28T14:13:00+00:00,2025-04-28T14:21:00+00:00,94525.5,94886.0,bullish,358.5,target,NY AM,UP,1715.5
2025-04,2025-04-29T08:11:00+00:00,2025-04-29T08:14:00+00:00,95030.0,95018.0,bullish,-14.0,stop_loss,London AM,SIDEWAYS,1701.5
2025-04,2025-04-14T08:33:00+00:00,2025-04-14T08:34:00+00:00,84618.5,84651.5,bearish,-35.0,stop_loss,London AM,DOWN,1666.5
2025-04,2025-04-16T08:24:00+00:00,2025-04-16T08:27:00+00:00,83274.5,83339.5,bearish,-67.0,stop_loss,London AM,DOWN,1599.5
2025-04,2025-04-23T14:27:00+00:00,2025-04-23T15:01:00+00:00,93234.0,92732.0,bearish,500.0,target,NY AM,SIDEWAYS,2099.5
2025-04,2025-04-29T14:08:00+00:00,2025-04-29T14:40:00+00:00,95022.0,95202.0,bearish,-182.0,stop_loss,NY AM,SIDEWAYS,1917.5
2025-04,2025-04-30T14:53:00+00:00,2025-04-30T15:01:00+00:00,93910.5,93951.5,bearish,-43.0,stop_loss,NY AM,DOWN,1874.5
2025-05,2025-05-02T08:31:00+00:00,2025-05-02T08:32:00+00:00,96663.0,96651.0,bullish,-14.0,stop_loss,London AM,SIDEWAYS,1860.5
2025-05,2025-05-02T14:16:00+00:00,2025-05-02T14:30:00+00:00,96913.5,97264.0,bullish,348.5,target,NY AM,UP,2209.0
2025-05,2025-05-06T09:01:00+00:00,2025-05-06T09:04:00+00:00,94288.5,94277.5,bullish,-13.0,stop_loss,London AM,SIDEWAYS,2196.0
2025-05,2025-05-07T08:54:00+00:00,2025-05-07T09:11:00+00:00,97016.5,96973.5,bullish,-45.0,stop_loss,London AM,UP,2151.0
2025-05,2025-05-09T08:27:00+00:00,2025-05-09T08:29:00+00:00,103822.5,103667.5,bullish,-157.0,stop_loss,London AM,UP,1994.0
2025-05,2025-05-09T14:27:00+00:00,2025-05-09T14:37:00+00:00,102945.5,102590.5,bullish,-357.0,stop_loss,NY AM,UP,1637.0
2025-05,2025-05-13T08:58:00+00:00,2025-05-13T09:02:00+00:00,102762.5,102858.0,bullish,93.5,target,London AM,SIDEWAYS,1730.5
2025-05,2025-05-14T08:12:00+00:00,2025-05-14T08:53:00+00:00,103612.0,103516.0,bullish,-98.0,stop_loss,London AM,UP,1632.5
2025-05,2025-05-20T08:55:00+00:00,2025-05-20T09:00:00+00:00,105188.5,105271.0,bullish,80.5,target,London AM,SIDEWAYS,1713.0
2025-05,2025-05-20T14:54:00+00:00,2025-05-20T14:57:00+00:00,104753.0,104621.0,bullish,-134.0,stop_loss,NY AM,SIDEWAYS,1579.0
2025-05,2025-05-21T08:22:00+00:00,2025-05-21T09:07:00+00:00,106478.0,106348.0,bullish,-132.0,stop_loss,London AM,UP,1447.0
2025-05,2025-05-23T08:46:00+00:00,2025-05-23T08:52:00+00:00,110951.0,110909.0,bullish,-44.0,stop_loss,London AM,SIDEWAYS,1403.0
2025-05,2025-05-26T08:06:00+00:00,2025-05-26T08:08:00+00:00,110106.0,110050.0,bullish,-58.0,stop_loss,London AM,UP,1345.0
2025-05,2025-05-27T08:12:00+00:00,2025-05-27T08:15:00+00:00,109716.0,109694.0,bullish,-24.0,stop_loss,London AM,SIDEWAYS,1321.0
2025-05,2025-05-28T08:07:00+00:00,2025-05-28T08:08:00+00:00,108962.0,108942.0,bullish,-22.0,stop_loss,London AM,SIDEWAYS,1299.0
2025-05,2025-05-05T08:55:00+00:00,2025-05-05T08:57:00+00:00,94517.5,94542.5,bearish,-27.0,stop_loss,London AM,SIDEWAYS,1272.0
2025-05,2025-05-05T14:37:00+00:00,2025-05-05T14:38:00+00:00,93915.5,93978.5,bearish,-65.0,stop_loss,NY AM,DOWN,1207.0
2025-05,2025-05-13T14:21:00+00:00,2025-05-13T14:28:00+00:00,103225.5,103490.5,bearish,-267.0,stop_loss,NY AM,SIDEWAYS,940.0
2025-05,2025-05-19T08:12:00+00:00,2025-05-19T08:17:00+00:00,103210.0,103296.0,bearish,-88.0,stop_loss,London AM,SIDEWAYS,852.0
2025-05,2025-05-19T14:11:00+00:00,2025-05-19T14:16:00+00:00,103590.5,103745.5,bearish,-157.0,stop_loss,NY AM,DOWN,695.0
2025-05,2025-05-23T14:38:00+00:00,2025-05-23T14:42:00+00:00,109811.5,109612.0,bearish,197.5,target,NY AM,DOWN,892.5
2025-05,2025-05-28T14:59:00+00:00,2025-05-28T15:00:00+00:00,107607.5,107640.5,bearish,-35.0,stop_loss,NY AM,DOWN,857.5
2025-05,2025-05-30T08:32:00+00:00,2025-05-30T09:39:00+00:00,105320.5,104909.0,bearish,409.5,target,London AM,DOWN,1267.0
2025-05,2025-05-30T14:54:00+00:00,2025-05-30T14:55:00+00:00,105349.5,105408.5,bearish,-61.0,stop_loss,NY AM,SIDEWAYS,1206.0
2025-06,2025-06-02T14:43:00+00:00,2025-06-02T14:44:00+00:00,104530.0,104442.0,bullish,-90.0,stop_loss,NY AM,SIDEWAYS,1116.0
2025-06,2025-06-09T08:07:00+00:00,2025-06-09T08:24:00+00:00,105646.5,105613.5,bullish,-35.0,stop_loss,London AM,SIDEWAYS,1081.0
2025-06,2025-06-16T08:41:00+00:00,2025-06-16T08:48:00+00:00,107062.5,107178.0,bullish,113.5,target,London AM,UP,1194.5
2025-06,2025-06-20T08:42:00+00:00,2025-06-20T08:43:00+00:00,106348.0,106290.0,bullish,-60.0,stop_loss,London AM,SIDEWAYS,1134.5
2025-06,2025-06-30T09:00:00+00:00,2025-06-30T09:03:00+00:00,107556.0,107540.0,bullish,-18.0,stop_loss,London AM,SIDEWAYS,1116.5
2025-06,2025-06-30T14:24:00+00:00,2025-06-30T14:49:00+00:00,107346.5,107203.5,bullish,-145.0,stop_loss,NY AM,UP,971.5
2025-06,2025-06-06T08:09:00+00:00,2025-06-06T08:18:00+00:00,103339.5,103442.5,bearish,-105.0,stop_loss,London AM,SIDEWAYS,866.5
2025-06,2025-06-10T08:48:00+00:00,2025-06-10T08:54:00+00:00,109342.5,109182.0,bearish,158.5,target,London AM,SIDEWAYS,1025.0
2025-06,2025-06-10T14:53:00+00:00,2025-06-10T15:01:00+00:00,108774.0,108562.0,bearish,210.0,target,NY AM,SIDEWAYS,1235.0
2025-06,2025-06-11T08:57:00+00:00,2025-06-11T09:02:00+00:00,109627.0,109515.0,bearish,110.0,target,London AM,SIDEWAYS,1345.0
2025-06,2025-06-16T14:01:00+00:00,2025-06-16T14:21:00+00:00,107168.5,107373.5,bearish,-207.0,stop_loss,NY AM,SIDEWAYS,1138.0
2025-06,2025-06-17T08:25:00+00:00,2025-06-17T08:26:00+00:00,106747.0,106755.0,bearish,-10.0,stop_loss,London AM,SIDEWAYS,1128.0
2025-06,2025-06-17T14:12:00+00:00,2025-06-17T14:41:00+00:00,105568.5,105044.0,bearish,522.5,target,NY AM,DOWN,1650.5
2025-06,2025-06-20T14:11:00+00:00,2025-06-20T14:19:00+00:00,105599.0,105663.0,bearish,-66.0,stop_loss,NY AM,SIDEWAYS,1584.5
2025-06,2025-06-23T08:01:00+00:00,2025-06-23T08:04:00+00:00,101964.0,101976.0,bearish,-14.0,stop_loss,London AM,SIDEWAYS,1570.5
2025-06,2025-06-23T14:18:00+00:00,2025-06-23T14:19:00+00:00,102319.0,102379.0,bearish,-62.0,stop_loss,NY AM,DOWN,1508.5
2025-06,2025-06-27T09:00:00+00:00,2025-06-27T09:06:00+00:00,107045.5,106917.0,bearish,126.5,target,London AM,DOWN,1635.0
2025-07,2025-07-02T08:16:00+00:00,2025-07-02T08:17:00+00:00,107424.5,107477.0,bullish,50.5,target,London AM,SIDEWAYS,1685.5
2025-07,2025-07-02T14:08:00+00:00,2025-07-02T14:11:00+00:00,107878.5,107971.0,bullish,90.5,target,NY AM,UP,1776.0
2025-07,2025-07-04T08:32:00+00:00,2025-07-04T08:33:00+00:00,108841.5,108834.5,bullish,-9.0,stop_loss,London AM,SIDEWAYS,1767.0
2025-07,2025-07-07T08:07:00+00:00,2025-07-07T08:10:00+00:00,109065.5,109018.5,bullish,-49.0,stop_loss,London AM,SIDEWAYS,1718.0
2025-07,2025-07-07T14:32:00+00:00,2025-07-07T14:35:00+00:00,108149.5,108070.5,bullish,-81.0,stop_loss,NY AM,SIDEWAYS,1637.0
2025-07,2025-07-09T08:23:00+00:00,2025-07-09T08:24:00+00:00,108822.0,108816.0,bullish,-8.0,stop_loss,London AM,UP,1629.0
2025-07,2025-07-11T08:38:00+00:00,2025-07-11T08:40:00+00:00,118026.0,117958.0,bullish,-70.0,stop_loss,London AM,UP,1559.0
2025-07,2025-07-11T14:39:00+00:00,2025-07-11T14:40:00+00:00,118044.0,118012.0,bullish,-34.0,stop_loss,NY AM,SIDEWAYS,1525.0
2025-07,2025-07-14T14:27:00+00:00,2025-07-14T14:32:00+00:00,121458.5,121225.5,bullish,-235.0,stop_loss,NY AM,SIDEWAYS,1290.0
2025-07,2025-07-16T14:30:00+00:00,2025-07-16T14:31:00+00:00,118520.5,118606.0,bullish,83.5,target,NY AM,SIDEWAYS,1373.5
2025-07,2025-07-18T14:05:00+00:00,2025-07-18T14:06:00+00:00,118872.5,118960.0,bullish,85.5,target,NY AM,SIDEWAYS,1459.0
2025-07,2025-07-21T14:54:00+00:00,2025-07-21T15:08:00+00:00,118992.0,118820.0,bullish,-174.0,stop_loss,NY AM,SIDEWAYS,1285.0
2025-07,2025-07-22T14:32:00+00:00,2025-07-22T14:33:00+00:00,118541.0,118680.0,bullish,137.0,target,NY AM,SIDEWAYS,1422.0
2025-07,2025-07-28T08:26:00+00:00,2025-07-28T08:31:00+00:00,119130.5,119079.5,bullish,-53.0,stop_loss,London AM,SIDEWAYS,1369.0
2025-07,2025-07-30T08:15:00+00:00,2025-07-30T08:16:00+00:00,118111.5,118010.5,bullish,-103.0,stop_loss,London AM,SIDEWAYS,1266.0
2025-07,2025-07-04T14:28:00+00:00,2025-07-04T16:10:00+00:00,108066.5,107546.0,bearish,518.5,target,NY AM,DOWN,1784.5
2025-07,2025-07-08T09:04:00+00:00,2025-07-08T09:05:00+00:00,108300.0,108312.0,bearish,-14.0,stop_loss,London AM,SIDEWAYS,1770.5
2025-07,2025-07-08T14:23:00+00:00,2025-07-08T14:24:00+00:00,108624.5,108576.0,bearish,46.5,target,NY AM,SIDEWAYS,1817.0
2025-07,2025-07-15T08:30:00+00:00,2025-07-15T09:05:00+00:00,116859.0,116961.0,bearish,-104.0,stop_loss,London AM,DOWN,1713.0
2025-07,2025-07-22T08:35:00+00:00,2025-07-22T08:36:00+00:00,118058.5,118163.5,bearish,-107.0,stop_loss,London AM,SIDEWAYS,1606.0
2025-07,2025-07-23T08:47:00+00:00,2025-07-23T08:48:00+00:00,118456.0,118484.0,bearish,-30.0,stop_loss,London AM,SIDEWAYS,1576.0
2025-07,2025-07-25T08:02:00+00:00,2025-07-25T08:14:00+00:00,115451.0,115757.0,bearish,-308.0,stop_loss,London AM,DOWN,1268.0
2025-07,2025-07-25T14:24:00+00:00,2025-07-25T14:25:00+00:00,115767.5,115818.5,bearish,-53.0,stop_loss,NY AM,SIDEWAYS,1215.0
2025-07,2025-07-28T14:41:00+00:00,2025-07-28T14:44:00+00:00,118233.0,118339.0,bearish,-108.0,stop_loss,NY AM,SIDEWAYS,1107.0
2025-07,2025-07-29T08:39:00+00:00,2025-07-29T08:40:00+00:00,118927.0,118933.0,bearish,-8.0,stop_loss,London AM,SIDEWAYS,1099.0
2025-07,2025-07-29T14:45:00+00:00,2025-07-29T14:50:00+00:00,118322.0,118108.0,bearish,212.0,target,NY AM,DOWN,1311.0
2025-08,2025-08-01T14:31:00+00:00,2025-08-01T14:41:00+00:00,115599.0,115561.0,bullish,-40.0,stop_loss,NY AM,SIDEWAYS,1271.0
2025-08,2025-08-04T08:29:00+00:00,2025-08-04T08:30:00+00:00,114533.5,114470.5,bullish,-65.0,stop_loss,London AM,SIDEWAYS,1206.0
2025-08,2025-08-08T08:56:00+00:00,2025-08-08T09:07:00+00:00,116641.0,116617.0,bullish,-26.0,stop_loss,London AM,SIDEWAYS,1180.0
2025-08,2025-08-11T08:39:00+00:00,2025-08-11T09:04:00+00:00,121687.5,121668.5,bullish,-21.0,stop_loss,London AM,UP,1159.0
2025-08,2025-08-12T14:29:00+00:00,2025-08-12T14:31:00+00:00,119291.5,119208.5,bullish,-85.0,stop_loss,NY AM,SIDEWAYS,1074.0
2025-08,2025-08-13T08:46:00+00:00,2025-08-13T08:53:00+00:00,119920.0,120033.0,bullish,111.0,target,London AM,UP,1185.0
2025-08,2025-08-13T14:15:00+00:00,2025-08-13T14:16:00+00:00,122081.5,121996.5,bullish,-87.0,stop_loss,NY AM,UP,1098.0
2025-08,2025-08-15T08:13:00+00:00,2025-08-15T08:14:00+00:00,119151.5,119070.5,bullish,-83.0,stop_loss,London AM,SIDEWAYS,1015.0
2025-08,2025-08-20T08:35:00+00:00,2025-08-20T08:37:00+00:00,113867.5,113852.5,bullish,-17.0,stop_loss,London AM,SIDEWAYS,998.0
2025-08,2025-08-26T08:19:00+00:00,2025-08-26T08:20:00+00:00,110310.5,110291.5,bullish,-21.0,stop_loss,London AM,SIDEWAYS,977.0
2025-08,2025-08-27T14:15:00+00:00,2025-08-27T14:16:00+00:00,111615.5,111765.0,bullish,147.5,target,NY AM,UP,1124.5
2025-08,2025-08-29T14:22:00+00:00,2025-08-29T14:26:00+00:00,108789.5,108598.5,bullish,-193.0,stop_loss,NY AM,SIDEWAYS,931.5
2025-08,2025-08-06T08:22:00+00:00,2025-08-06T08:25:00+00:00,114103.0,114129.0,bearish,-28.0,stop_loss,London AM,SIDEWAYS,903.5
2025-08,2025-08-06T14:19:00+00:00,2025-08-06T14:20:00+00:00,114276.5,114317.5,bearish,-43.0,stop_loss,NY AM,SIDEWAYS,860.5
2025-08,2025-08-11T14:50:00+00:00,2025-08-11T14:51:00+00:00,120130.5,120143.5,bearish,-15.0,stop_loss,NY AM,SIDEWAYS,845.5
2025-08,2025-08-12T08:40:00+00:00,2025-08-12T08:41:00+00:00,118936.0,118960.0,bearish,-26.0,stop_loss,London AM,DOWN,819.5
2025-08,2025-08-15T14:01:00+00:00,2025-08-15T14:02:00+00:00,117860.5,117899.5,bearish,-41.0,stop_loss,NY AM,DOWN,778.5
2025-08,2025-08-18T08:10:00+00:00,2025-08-18T08:11:00+00:00,115353.0,115443.0,bearish,-92.0,stop_loss,London AM,DOWN,686.5
2025-08,2025-08-18T14:36:00+00:00,2025-08-18T14:37:00+00:00,115368.0,115216.0,bearish,150.0,target,NY AM,SIDEWAYS,836.5
2025-08,2025-08-22T08:42:00+00:00,2025-08-22T08:43:00+00:00,113081.5,113086.5,bearish,-7.0,stop_loss,London AM,DOWN,829.5
2025-08,2025-08-26T14:59:00+00:00,2025-08-26T15:03:00+00:00,110454.5,110565.5,bearish,-113.0,stop_loss,NY AM,DOWN,716.5
2025-08,2025-08-29T09:09:00+00:00,2025-08-29T09:18:00+00:00,109678.5,109737.5,bearish,-61.0,stop_loss,London AM,DOWN,655.5
2025-09,2025-09-01T08:54:00+00:00,2025-09-01T08:56:00+00:00,109600.0,109560.0,bullish,-42.0,stop_loss,London AM,SIDEWAYS,613.5
2025-09,2025-09-01T14:23:00+00:00,2025-09-01T14:28:00+00:00,109094.5,109053.5,bullish,-43.0,stop_loss,NY AM,SIDEWAYS,570.5
2025-09,2025-09-05T08:34:00+00:00,2025-09-05T08:35:00+00:00,112776.0,112758.0,bullish,-20.0,stop_loss,London AM,UP,550.5
2025-09,2025-09-08T08:03:00+00:00,2025-09-08T08:04:00+00:00,111284.5,111336.0,bullish,49.5,target,London AM,UP,600.0
2025-09,2025-09-09T08:11:00+00:00,2025-09-09T08:18:00+00:00,113054.5,113009.5,bullish,-47.0,stop_loss,London AM,UP,553.0
2025-09,2025-09-10T14:45:00+00:00,2025-09-10T14:46:00+00:00,114109.0,114071.0,bullish,-40.0,stop_loss,NY AM,UP,513.0
2025-09,2025-09-12T08:31:00+00:00,2025-09-12T08:34:00+00:00,115198.0,115152.0,bullish,-48.0,stop_loss,London AM,SIDEWAYS,465.0
2025-09,2025-09-12T14:14:00+00:00,2025-09-12T14:37:00+00:00,115174.5,115047.5,bullish,-129.0,stop_loss,NY AM,SIDEWAYS,336.0
2025-09,2025-09-16T08:57:00+00:00,2025-09-16T09:28:00+00:00,115700.5,115653.5,bullish,-49.0,stop_loss,London AM,UP,287.0
2025-09,2025-09-16T14:51:00+00:00,2025-09-16T14:52:00+00:00,115283.0,115277.0,bullish,-8.0,stop_loss,NY AM,SIDEWAYS,279.0
2025-09,2025-09-17T08:54:00+00:00,2025-09-17T09:01:00+00:00,116904.0,116854.0,bullish,-52.0,stop_loss,London AM,UP,227.0
2025-09,2025-09-22T14:40:00+00:00,2025-09-22T14:55:00+00:00,113066.0,112906.0,bullish,-162.0,stop_loss,NY AM,SIDEWAYS,65.0
2025-09,2025-09-23T08:23:00+00:00,2025-09-23T08:28:00+00:00,113199.0,113276.0,bullish,75.0,target,London AM,SIDEWAYS,140.0
2025-09,2025-09-24T09:02:00+00:00,2025-09-24T09:38:00+00:00,112590.5,112820.0,bullish,227.5,target,London AM,SIDEWAYS,367.5
2025-09,2025-09-29T08:52:00+00:00,2025-09-29T08:54:00+00:00,112258.0,112188.0,bullish,-72.0,stop_loss,London AM,UP,295.5
2025-09,2025-09-30T08:17:00+00:00,2025-09-30T08:18:00+00:00,113785.5,113784.5,bullish,-3.0,stop_loss,London AM,SIDEWAYS,292.5
2025-09,2025-09-30T15:03:00+00:00,2025-09-30T15:04:00+00:00,113535.5,113478.5,bullish,-59.0,stop_loss,NY AM,UP,233.5
2025-09,2025-09-02T14:09:00+00:00,2025-09-02T14:16:00+00:00,111133.5,110820.0,bearish,311.5,target,NY AM,SIDEWAYS,545.0
2025-09,2025-09-03T08:31:00+00:00,2025-09-03T08:37:00+00:00,111156.0,111080.0,bearish,74.0,target,London AM,SIDEWAYS,619.0
2025-09,2025-09-17T14:28:00+00:00,2025-09-17T14:29:00+00:00,115854.0,115771.0,bearish,81.0,target,NY AM,SIDEWAYS,700.0
2025-09,2025-09-19T14:43:00+00:00,2025-09-19T14:45:00+00:00,116280.5,116175.0,bearish,103.5,target,NY AM,DOWN,803.5
2025-09,2025-09-23T14:41:00+00:00,2025-09-23T14:53:00+00:00,112946.0,112681.0,bearish,263.0,target,NY AM,SIDEWAYS,1066.5
2025-09,2025-09-26T08:33:00+00:00,2025-09-26T08:44:00+00:00,109623.0,109689.0,bearish,-68.0,stop_loss,London AM,DOWN,998.5
2025-09,2025-09-26T14:19:00+00:00,2025-09-26T14:22:00+00:00,109495.0,109237.0,bearish,256.0,target,NY AM,DOWN,1254.5
2025-10,2025-10-01T14:24:00+00:00,2025-10-01T14:32:00+00:00,117262.0,117132.0,bullish,-132.0,stop_loss,NY AM,UP,1122.5
2025-10,2025-10-07T08:11:00+00:00,2025-10-07T08:19:00+00:00,123647.5,123584.5,bullish,-65.0,stop_loss,London AM,SIDEWAYS,1057.5
2025-10,2025-10-13T08:16:00+00:00,2025-10-13T08:17:00+00:00,115435.5,115384.5,bullish,-53.0,stop_loss,London AM,SIDEWAYS,1004.5
2025-10,2025-10-20T08:38:00+00:00,2025-10-20T08:39:00+00:00,111405.5,111348.5,bullish,-59.0,stop_loss,London AM,UP,945.5
2025-10,2025-10-20T14:59:00+00:00,2025-10-20T15:02:00+00:00,111282.5,111201.5,bullish,-83.0,stop_loss,NY AM,SIDEWAYS,862.5
2025-10,2025-10-21T14:29:00+00:00,2025-10-21T14:49:00+00:00,109699.0,110652.0,bullish,951.0,target,NY AM,SIDEWAYS,1813.5
2025-10,2025-10-24T08:06:00+00:00,2025-10-24T08:12:00+00:00,110956.0,111216.0,bullish,258.0,target,London AM,UP,2071.5
2025-10,2025-10-24T14:15:00+00:00,2025-10-24T14:17:00+00:00,110539.5,110496.5,bullish,-45.0,stop_loss,NY AM,SIDEWAYS,2026.5
2025-10,2025-10-28T08:35:00+00:00,2025-10-28T08:39:00+00:00,114425.5,114477.0,bullish,49.5,target,London AM,SIDEWAYS,2076.0
2025-10,2025-10-29T08:10:00+00:00,2025-10-29T08:13:00+00:00,113482.0,113408.0,bullish,-76.0,stop_loss,London AM,SIDEWAYS,2000.0
2025-10,2025-10-31T08:06:00+00:00,2025-10-31T08:09:00+00:00,109547.0,109525.0,bullish,-24.0,stop_loss,London AM,SIDEWAYS,1976.0
2025-10,2025-10-31T14:16:00+00:00,2025-10-31T14:18:00+00:00,110027.5,109814.5,bullish,-215.0,stop_loss,NY AM,UP,1761.0
2025-10,2025-10-08T14:59:00+00:00,2025-10-08T15:00:00+00:00,122401.5,122446.5,bearish,-47.0,stop_loss,NY AM,SIDEWAYS,1714.0
2025-10,2025-10-14T08:16:00+00:00,2025-10-14T08:28:00+00:00,111951.5,112038.5,bearish,-89.0,stop_loss,London AM,DOWN,1625.0
2025-10,2025-10-15T09:04:00+00:00,2025-10-15T09:06:00+00:00,113095.5,113132.5,bearish,-39.0,stop_loss,London AM,SIDEWAYS,1586.0
2025-10,2025-10-15T14:54:00+00:00,2025-10-15T15:06:00+00:00,111160.0,111278.0,bearish,-120.0,stop_loss,NY AM,SIDEWAYS,1466.0
2025-10,2025-10-17T08:10:00+00:00,2025-10-17T08:13:00+00:00,105570.0,105219.0,bearish,349.0,target,London AM,DOWN,1815.0
2025-10,2025-10-22T14:30:00+00:00,2025-10-22T14:33:00+00:00,108038.5,108111.5,bearish,-75.0,stop_loss,NY AM,DOWN,1740.0
2025-10,2025-10-27T14:24:00+00:00,2025-10-27T14:25:00+00:00,114791.5,114880.5,bearish,-91.0,stop_loss,NY AM,SIDEWAYS,1649.0
2025-10,2025-10-29T14:39:00+00:00,2025-10-29T15:05:00+00:00,112652.0,112250.0,bearish,400.0,target,NY AM,DOWN,2049.0
2025-11,2025-11-12T09:48:00+00:00,2025-11-12T10:14:00+00:00,104567.0,104826.0,bullish,257.0,target,London AM,SIDEWAYS,2306.0
2025-11,2025-11-17T09:08:00+00:00,2025-11-17T09:17:00+00:00,95334.0,95645.0,bullish,309.0,target,London AM,SIDEWAYS,2615.0
2025-11,2025-11-18T09:26:00+00:00,2025-11-18T09:59:00+00:00,90983.5,91406.0,bullish,420.5,target,London AM,SIDEWAYS,3035.5
2025-11,2025-11-18T15:44:00+00:00,2025-11-18T15:52:00+00:00,92494.0,92906.0,bullish,410.0,target,NY AM,SIDEWAYS,3445.5
2025-11,2025-11-19T09:37:00+00:00,2025-11-19T09:48:00+00:00,91336.0,91304.0,bullish,-34.0,stop_loss,London AM,SIDEWAYS,3411.5
2025-11,2025-11-24T15:53:00+00:00,2025-11-24T15:55:00+00:00,86424.5,86391.5,bullish,-35.0,stop_loss,NY AM,SIDEWAYS,3376.5
2025-11,2025-11-28T09:17:00+00:00,2025-11-28T09:19:00+00:00,91638.0,91538.0,bullish,-102.0,stop_loss,London AM,UP,3274.5
2025-11,2025-11-03T10:00:00+00:00,2025-11-03T10:02:00+00:00,107311.5,107330.5,bearish,-21.0,stop_loss,London AM,DOWN,3253.5
2025-11,2025-11-04T09:06:00+00:00,2025-11-04T09:07:00+00:00,104047.0,103857.0,bearish,188.0,target,London AM,DOWN,3441.5
2025-11,2025-11-04T15:18:00+00:00,2025-11-04T15:19:00+00:00,104355.5,104394.5,bearish,-41.0,stop_loss,NY AM,SIDEWAYS,3400.5
2025-11,2025-11-07T15:15:00+00:00,2025-11-07T16:23:00+00:00,100989.0,101251.0,bearish,-264.0,stop_loss,NY AM,DOWN,3136.5
2025-11,2025-11-11T09:48:00+00:00,2025-11-11T09:57:00+00:00,105083.5,104946.0,bearish,135.5,target,London AM,DOWN,3272.0
2025-11,2025-11-14T15:07:00+00:00,2025-11-14T15:13:00+00:00,96432.5,95926.0,bearish,504.5,target,NY AM,DOWN,3776.5
2025-11,2025-11-17T15:21:00+00:00,2025-11-17T15:22:00+00:00,94075.5,94194.5,bearish,-121.0,stop_loss,NY AM,DOWN,3655.5
2025-11,2025-11-21T09:44:00+00:00,2025-11-21T09:49:00+00:00,82591.0,82390.0,bearish,199.0,target,London AM,DOWN,3854.5
2025-11,2025-11-21T15:19:00+00:00,2025-11-21T15:20:00+00:00,84086.0,83760.0,bearish,324.0,target,NY AM,SIDEWAYS,4178.5
2025-11,2025-11-25T09:18:00+00:00,2025-11-25T09:19:00+00:00,86832.5,86873.5,bearish,-43.0,stop_loss,London AM,SIDEWAYS,4135.5
2025-12,2025-12-02T09:34:00+00:00,2025-12-02T09:36:00+00:00,86800.0,86716.0,bullish,-86.0,stop_loss,London AM,SIDEWAYS,4049.5
2025-12,2025-12-03T09:16:00+00:00,2025-12-03T09:31:00+00:00,92862.0,92806.0,bullish,-58.0,stop_loss,London AM,UP,3991.5
2025-12,2025-12-10T09:09:00+00:00,2025-12-10T09:14:00+00:00,92638.5,92617.5,bullish,-23.0,stop_loss,London AM,UP,3968.5
2025-12,2025-12-10T15:15:00+00:00,2025-12-10T15:16:00+00:00,92034.5,92017.5,bullish,-19.0,stop_loss,NY AM,SIDEWAYS,3949.5
2025-12,2025-12-12T15:57:00+00:00,2025-12-12T15:58:00+00:00,90196.5,89905.5,bullish,-293.0,stop_loss,NY AM,SIDEWAYS,3656.5
2025-12,2025-12-15T10:00:00+00:00,2025-12-15T10:07:00+00:00,89884.5,89839.5,bullish,-47.0,stop_loss,London AM,SIDEWAYS,3609.5
2025-12,2025-12-16T09:40:00+00:00,2025-12-16T09:42:00+00:00,86310.0,86298.0,bullish,-14.0,stop_loss,London AM,SIDEWAYS,3595.5
2025-12,2025-12-17T09:23:00+00:00,2025-12-17T09:27:00+00:00,86378.0,86290.0,bullish,-90.0,stop_loss,London AM,SIDEWAYS,3505.5
2025-12,2025-12-19T09:51:00+00:00,2025-12-19T09:53:00+00:00,87986.0,88037.0,bullish,49.0,target,London AM,SIDEWAYS,3554.5
2025-12,2025-12-22T09:41:00+00:00,2025-12-22T09:56:00+00:00,89543.5,89710.0,bullish,164.5,target,London AM,UP,3719.0
2025-12,2025-12-22T15:06:00+00:00,2025-12-22T15:07:00+00:00,89966.5,90176.0,bullish,207.5,target,NY AM,UP,3926.5
2025-12,2025-12-24T15:41:00+00:00,2025-12-24T16:04:00+00:00,86917.0,87173.0,bullish,254.0,target,NY AM,SIDEWAYS,4180.5
2025-12,2025-12-26T09:32:00+00:00,2025-12-26T09:49:00+00:00,88695.5,88811.0,bullish,113.5,target,London AM,SIDEWAYS,4294.0
2025-12,2025-12-26T15:51:00+00:00,2025-12-26T16:00:00+00:00,86977.0,87199.0,bullish,220.0,target,NY AM,SIDEWAYS,4514.0
2025-12,2025-12-29T15:43:00+00:00,2025-12-29T15:46:00+00:00,87719.5,87688.5,bullish,-33.0,stop_loss,NY AM,SIDEWAYS,4481.0
2025-12,2025-12-30T09:54:00+00:00,2025-12-30T10:01:00+00:00,87831.0,87960.0,bullish,127.0,target,London AM,SIDEWAYS,4608.0
2025-12,2025-12-31T09:24:00+00:00,2025-12-31T09:36:00+00:00,88493.0,88509.0,bullish,14.0,target,London AM,UP,4622.0
2025-12,2025-12-31T15:52:00+00:00,2025-12-31T15:53:00+00:00,87980.5,87945.5,bullish,-37.0,stop_loss,NY AM,SIDEWAYS,4585.0
2025-12,2025-12-03T15:29:00+00:00,2025-12-03T15:33:00+00:00,92389.0,92535.0,bearish,-148.0,stop_loss,NY AM,SIDEWAYS,4437.0
2025-12,2025-12-08T15:44:00+00:00,2025-12-08T15:45:00+00:00,89744.0,89798.0,bearish,-56.0,stop_loss,NY AM,SIDEWAYS,4381.0
2025-12,2025-12-09T09:15:00+00:00,2025-12-09T09:16:00+00:00,90433.5,90472.5,bearish,-41.0,stop_loss,London AM,SIDEWAYS,4340.0
2025-12,2025-12-23T09:30:00+00:00,2025-12-23T09:32:00+00:00,87374.0,87410.0,bearish,-38.0,stop_loss,London AM,DOWN,4302.0
2025-12,2025-12-23T15:52:00+00:00,2025-12-23T15:53:00+00:00,87358.0,87386.0,bearish,-30.0,stop_loss,NY AM,DOWN,4272.0
2025-12,2025-12-24T09:50:00+00:00,2025-12-24T10:08:00+00:00,86824.0,86882.0,bearish,-60.0,stop_loss,London AM,DOWN,4212.0
2026-01,2026-01-02T09:34:00+00:00,2026-01-02T09:39:00+00:00,89058.5,89055.5,bullish,-5.0,stop_loss,London AM,UP,4207.0
2026-01,2026-01-05T15:25:00+00:00,2026-01-05T15:41:00+00:00,93313.0,93790.0,bullish,475.0,target,NY AM,UP,4682.0
2026-01,2026-01-09T09:55:00+00:00,2026-01-09T10:00:00+00:00,90280.5,90247.5,bullish,-35.0,stop_loss,London AM,SIDEWAYS,4647.0
2026-01,2026-01-12T09:57:00+00:00,2026-01-12T09:59:00+00:00,90654.0,90586.0,bullish,-70.0,stop_loss,London AM,SIDEWAYS,4577.0
2026-01,2026-01-13T09:27:00+00:00,2026-01-13T09:35:00+00:00,92440.5,92361.5,bullish,-81.0,stop_loss,London AM,UP,4496.0
2026-01,2026-01-14T09:01:00+00:00,2026-01-14T09:06:00+00:00,94900.5,94990.0,bullish,87.5,target,London AM,SIDEWAYS,4583.5
2026-01,2026-01-14T15:42:00+00:00,2026-01-14T16:02:00+00:00,96420.5,96922.0,bullish,499.5,target,NY AM,UP,5083.0
2026-01,2026-01-16T10:00:00+00:00,2026-01-16T10:01:00+00:00,95629.0,95611.0,bullish,-20.0,stop_loss,London AM,SIDEWAYS,5063.0
2026-01,2026-01-21T16:02:00+00:00,2026-01-21T16:03:00+00:00,90112.5,90051.5,bullish,-63.0,stop_loss,NY AM,SIDEWAYS,5000.0
2026-01,2026-01-23T15:01:00+00:00,2026-01-23T15:02:00+00:00,88915.5,88872.5,bullish,-45.0,stop_loss,NY AM,SIDEWAYS,4955.0
2026-01,2026-01-02T15:26:00+00:00,2026-01-02T15:31:00+00:00,89083.0,89149.0,bearish,-68.0,stop_loss,NY AM,SIDEWAYS,4887.0
2026-01,2026-01-05T09:08:00+00:00,2026-01-05T09:17:00+00:00,92462.0,92506.0,bearish,-46.0,stop_loss,London AM,SIDEWAYS,4841.0
2026-01,2026-01-16T15:50:00+00:00,2026-01-16T15:58:00+00:00,94532.5,94667.5,bearish,-137.0,stop_loss,NY AM,DOWN,4704.0
2026-01,2026-01-19T09:25:00+00:00,2026-01-19T10:06:00+00:00,93030.5,92905.0,bearish,123.5,target,London AM,SIDEWAYS,4827.5
2026-01,2026-01-19T15:41:00+00:00,2026-01-19T15:48:00+00:00,92971.0,92991.0,bearish,-22.0,stop_loss,NY AM,DOWN,4805.5
2026-01,2026-01-20T09:43:00+00:00,2026-01-20T09:45:00+00:00,90951.0,90963.0,bearish,-14.0,stop_loss,London AM,DOWN,4791.5
2026-01,2026-01-21T10:01:00+00:00,2026-01-21T10:03:00+00:00,89098.0,89150.0,bearish,-54.0,stop_loss,London AM,DOWN,4737.5
2026-01,2026-01-26T09:15:00+00:00,2026-01-26T09:18:00+00:00,87745.0,87650.0,bearish,93.0,target,London AM,SIDEWAYS,4830.5
2026-01,2026-01-27T09:16:00+00:00,2026-01-27T09:17:00+00:00,87949.0,87973.0,bearish,-26.0,stop_loss,London AM,SIDEWAYS,4804.5
2026-01,2026-01-30T09:27:00+00:00,2026-01-30T09:36:00+00:00,82361.5,82428.5,bearish,-69.0,stop_loss,London AM,DOWN,4735.5
2026-02,2026-02-02T15:27:00+00:00,2026-02-02T15:38:00+00:00,78401.5,78828.0,bullish,424.5,target,NY AM,SIDEWAYS,5160.0
2026-02,2026-02-03T16:00:00+00:00,2026-02-03T16:01:00+00:00,77949.0,77917.0,bullish,-34.0,stop_loss,NY AM,SIDEWAYS,5126.0
2026-02,2026-02-06T15:40:00+00:00,2026-02-06T15:42:00+00:00,68409.0,68678.0,bullish,267.0,target,NY AM,SIDEWAYS,5393.0
2026-02,2026-02-09T09:37:00+00:00,2026-02-09T09:38:00+00:00,69772.5,69715.5,bullish,-59.0,stop_loss,London AM,SIDEWAYS,5334.0
2026-02,2026-02-18T09:17:00+00:00,2026-02-18T09:18:00+00:00,68165.0,68153.0,bullish,-14.0,stop_loss,London AM,SIDEWAYS,5320.0
2026-02,2026-02-20T10:03:00+00:00,2026-02-20T10:06:00+00:00,68160.0,68142.0,bullish,-20.0,stop_loss,London AM,UP,5300.0
2026-02,2026-02-20T15:08:00+00:00,2026-02-20T15:14:00+00:00,67263.0,66899.0,bullish,-366.0,stop_loss,NY AM,SIDEWAYS,4934.0
2026-02,2026-02-23T09:48:00+00:00,2026-02-23T09:54:00+00:00,66254.0,66433.0,bullish,177.0,target,London AM,SIDEWAYS,5111.0
2026-02,2026-02-25T09:05:00+00:00,2026-02-25T09:07:00+00:00,65492.5,65441.5,bullish,-53.0,stop_loss,London AM,SIDEWAYS,5058.0
2026-02,2026-02-27T09:34:00+00:00,2026-02-27T09:35:00+00:00,67997.5,67984.5,bullish,-15.0,stop_loss,London AM,SIDEWAYS,5043.0
2026-02,2026-02-02T09:10:00+00:00,2026-02-02T09:14:00+00:00,76731.5,76665.0,bearish,64.5,target,London AM,SIDEWAYS,5107.5
2026-02,2026-02-04T09:40:00+00:00,2026-02-04T10:36:00+00:00,76079.5,76148.5,bearish,-71.0,stop_loss,London AM,DOWN,5036.5
2026-02,2026-02-09T15:58:00+00:00,2026-02-09T16:03:00+00:00,69483.5,69574.5,bearish,-93.0,stop_loss,NY AM,DOWN,4943.5
2026-02,2026-02-11T09:50:00+00:00,2026-02-11T09:59:00+00:00,66802.5,66845.5,bearish,-45.0,stop_loss,London AM,DOWN,4898.5
2026-02,2026-02-13T09:01:00+00:00,2026-02-13T09:07:00+00:00,66611.0,66691.0,bearish,-82.0,stop_loss,London AM,DOWN,4816.5
2026-02,2026-02-17T15:35:00+00:00,2026-02-17T15:36:00+00:00,66815.5,66886.5,bearish,-73.0,stop_loss,NY AM,DOWN,4743.5
2026-02,2026-02-24T09:15:00+00:00,2026-02-24T09:16:00+00:00,63276.5,63215.0,bearish,59.5,target,London AM,DOWN,4803.0
2026-03,2026-03-03T15:23:00+00:00,2026-03-03T15:31:00+00:00,66530.5,67017.0,bullish,484.5,target,NY AM,UP,5287.5
2026-03,2026-03-04T09:52:00+00:00,2026-03-04T09:53:00+00:00,71576.5,71509.5,bullish,-69.0,stop_loss,London AM,UP,5218.5
2026-03,2026-03-04T15:23:00+00:00,2026-03-04T15:26:00+00:00,72235.5,72500.0,bullish,262.5,target,NY AM,UP,5481.0
2026-03,2026-03-09T14:42:00+00:00,2026-03-09T14:44:00+00:00,69249.0,69414.0,bullish,163.0,target,NY AM,UP,5644.0
2026-03,2026-03-10T08:23:00+00:00,2026-03-10T08:26:00+00:00,70835.5,70792.5,bullish,-45.0,stop_loss,London AM,UP,5599.0
2026-03,2026-03-10T14:31:00+00:00,2026-03-10T14:39:00+00:00,69814.0,70148.0,bullish,332.0,target,NY AM,SIDEWAYS,5931.0
2026-03,2026-03-11T08:13:00+00:00,2026-03-11T08:19:00+00:00,69617.5,69556.5,bullish,-63.0,stop_loss,London AM,SIDEWAYS,5868.0
2026-03,2026-03-16T08:18:00+00:00,2026-03-16T08:30:00+00:00,73467.0,73323.0,bullish,-146.0,stop_loss,London AM,UP,5722.0
2026-03,2026-03-17T14:51:00+00:00,2026-03-17T15:00:00+00:00,74147.5,74431.0,bullish,281.5,target,NY AM,SIDEWAYS,6003.5
2026-03,2026-03-24T14:39:00+00:00,2026-03-24T14:40:00+00:00,69892.0,69826.0,bullish,-68.0,stop_loss,NY AM,SIDEWAYS,5935.5
2026-03,2026-03-25T14:41:00+00:00,2026-03-25T14:46:00+00:00,71347.0,71305.0,bullish,-44.0,stop_loss,NY AM,UP,5891.5
2026-03,2026-03-30T08:45:00+00:00,2026-03-30T08:47:00+00:00,67690.0,67674.0,bullish,-18.0,stop_loss,London AM,UP,5873.5
2026-03,2026-03-30T14:15:00+00:00,2026-03-30T14:17:00+00:00,67552.0,67512.0,bullish,-42.0,stop_loss,NY AM,UP,5831.5
2026-03,2026-03-18T14:09:00+00:00,2026-03-18T14:13:00+00:00,72167.0,71914.0,bearish,251.0,target,NY AM,DOWN,6082.5
2026-03,2026-03-20T08:57:00+00:00,2026-03-20T08:58:00+00:00,71105.0,71067.0,bearish,36.0,target,London AM,SIDEWAYS,6118.5
2026-03,2026-03-23T08:41:00+00:00,2026-03-23T08:42:00+00:00,68562.5,68595.5,bearish,-35.0,stop_loss,London AM,SIDEWAYS,6083.5
2026-03,2026-03-31T08:30:00+00:00,2026-03-31T08:31:00+00:00,67251.5,67185.0,bearish,64.5,target,London AM,SIDEWAYS,6148.0
2026-04,2026-04-01T08:42:00+00:00,2026-04-01T08:43:00+00:00,68731.0,68713.0,bullish,-20.0,stop_loss,London AM,UP,6128.0
2026-04,2026-04-01T14:34:00+00:00,2026-04-01T14:36:00+00:00,68257.0,68221.0,bullish,-38.0,stop_loss,NY AM,SIDEWAYS,6090.0
2026-04,2026-04-03T14:36:00+00:00,2026-04-03T14:52:00+00:00,66812.0,66920.0,bullish,106.0,target,NY AM,SIDEWAYS,6196.0
2026-04,2026-04-06T08:48:00+00:00,2026-04-06T09:13:00+00:00,69203.5,69292.0,bullish,86.5,target,London AM,SIDEWAYS,6282.5
2026-04,2026-04-07T08:08:00+00:00,2026-04-07T08:21:00+00:00,68667.0,68815.0,bullish,146.0,target,London AM,SIDEWAYS,6428.5
2026-04,2026-04-13T14:17:00+00:00,2026-04-13T14:23:00+00:00,71507.0,71413.0,bullish,-96.0,stop_loss,NY AM,SIDEWAYS,6332.5
2026-04,2026-04-14T08:09:00+00:00,2026-04-14T08:10:00+00:00,74618.5,74571.5,bullish,-49.0,stop_loss,London AM,UP,6283.5
2026-04,2026-04-17T08:10:00+00:00,2026-04-17T08:11:00+00:00,75078.5,75049.5,bullish,-31.0,stop_loss,London AM,UP,6252.5
2026-04,2026-04-20T08:24:00+00:00,2026-04-20T08:25:00+00:00,74829.0,74803.0,bullish,-28.0,stop_loss,London AM,SIDEWAYS,6224.5
2026-04,2026-04-21T14:40:00+00:00,2026-04-21T14:41:00+00:00,76307.5,76515.0,bullish,205.5,target,NY AM,SIDEWAYS,6430.0
2026-04,2026-04-22T08:14:00+00:00,2026-04-22T08:15:00+00:00,78119.5,78169.0,bullish,47.5,target,London AM,UP,6477.5
2026-04,2026-04-22T14:30:00+00:00,2026-04-22T14:32:00+00:00,78857.0,78731.0,bullish,-128.0,stop_loss,NY AM,UP,6349.5
2026-04,2026-04-24T14:53:00+00:00,2026-04-24T14:56:00+00:00,77962.0,78075.0,bullish,111.0,target,NY AM,UP,6460.5
2026-04,2026-04-27T14:57:00+00:00,2026-04-27T15:03:00+00:00,77861.0,77707.0,bullish,-156.0,stop_loss,NY AM,SIDEWAYS,6304.5
2026-04,2026-04-29T14:41:00+00:00,2026-04-29T14:42:00+00:00,76648.0,76596.0,bullish,-54.0,stop_loss,NY AM,SIDEWAYS,6250.5
2026-04,2026-04-06T14:52:00+00:00,2026-04-06T14:53:00+00:00,69482.5,69541.5,bearish,-61.0,stop_loss,NY AM,SIDEWAYS,6189.5
2026-04,2026-04-07T14:25:00+00:00,2026-04-07T14:33:00+00:00,68070.0,68204.0,bearish,-136.0,stop_loss,NY AM,DOWN,6053.5
2026-04,2026-04-10T08:59:00+00:00,2026-04-10T09:02:00+00:00,71600.0,71646.0,bearish,-48.0,stop_loss,London AM,SIDEWAYS,6005.5
2026-04,2026-04-24T08:47:00+00:00,2026-04-24T08:48:00+00:00,77832.0,77864.0,bearish,-34.0,stop_loss,London AM,DOWN,5971.5
2026-04,2026-04-28T08:09:00+00:00,2026-04-28T08:16:00+00:00,76791.0,76859.0,bearish,-70.0,stop_loss,London AM,DOWN,5901.5
2026-04,2026-04-28T14:12:00+00:00,2026-04-28T14:13:00+00:00,76094.5,76113.5,bearish,-21.0,stop_loss,NY AM,DOWN,5880.5
2026-04,2026-04-29T08:17:00+00:00,2026-04-29T08:19:00+00:00,77043.0,77079.0,bearish,-38.0,stop_loss,London AM,SIDEWAYS,5842.5
2026-05,2026-05-01T08:35:00+00:00,2026-05-01T08:36:00+00:00,77389.0,77367.0,bullish,-24.0,stop_loss,London AM,UP,5818.5
2026-05,2026-05-06T14:48:00+00:00,2026-05-06T14:52:00+00:00,81713.5,81608.5,bullish,-107.0,stop_loss,NY AM,UP,5711.5
2026-05,2026-05-08T14:41:00+00:00,2026-05-08T15:03:00+00:00,80223.5,80006.0,bearish,215.5,target,NY AM,SIDEWAYS,5927.0
