timestamp,regime,model_used,direction,entry_price,exit_price,pnl_pct,outcome
2024-01-02 01:09:00,1,Generic,short,17015.75,16849.0,0.9799744354495101,win
2024-01-02 08:50:00,2,Regime 2,short,17001.75,16869.75,0.7763906656667696,win
2024-01-02 10:55:00,2,Regime 2,short,16959.75,16820.5,0.8210616312150828,win
2024-01-02 11:08:00,2,Regime 2,short,16939.75,16803.5,0.804321197184138,win
2024-01-02 11:15:00,1,Generic,short,16910.25,16793.25,0.6918880560606733,win
2024-01-02 11:25:00,1,Generic,short,16877.5,16778.0,0.5895422900311065,win
2024-01-02 11:31:00,1,Generic,short,16856.5,16767.0,0.5309524515765431,win
2024-01-02 12:39:00,1,Generic,short,16836.75,16735.5,0.6013630896699185,win
2024-01-02 13:32:00,1,Generic,long,16849.0,16778.75,-0.41693869072348505,loss
2024-01-02 14:33:00,2,Regime 2,short,16848.0,16719.0,0.7656695156695157,win
2024-01-02 14:37:00,2,Regime 2,short,16820.5,16698.25,0.7267917124936834,win
2024-01-02 14:39:00,2,Regime 2,short,16803.5,16700.0,0.6159431070907846,win
2024-01-02 14:42:00,1,Generic,short,16769.25,16717.5,0.3086005635314638,win
2024-01-02 14:48:00,1,Generic,short,16747.5,16715.5,0.1910732945215704,win
2024-01-02 14:58:00,2,Regime 2,long,16747.75,16766.75,0.11344807511456763,win
2024-01-02 15:00:00,1,Generic,long,16779.75,16765.25,-0.08641368315976103,loss
2024-01-02 15:15:00,2,Regime 2,short,16740.75,16760.25,-0.11648223645894001,loss
2024-01-02 15:25:00,2,Regime 2,short,16727.75,16784.0,-0.3362675793217857,loss
2024-01-02 15:47:00,2,Regime 2,short,16690.25,16722.5,-0.19322658438309792,loss
2024-01-02 15:59:00,2,Regime 2,long,16715.5,16735.5,0.11964942717836739,win
2024-01-02 16:10:00,0,Regime 0,long,16752.75,16705.5,-0.2820432466311501,loss
2024-01-02 16:26:00,0,Regime 0,long,16766.75,16678.0,-0.5293214248438128,loss
2024-01-02 17:15:00,0,Regime 0,short,16760.25,16663.25,0.5787503169702123,win
2024-01-02 17:42:00,0,Regime 0,short,16765.75,16643.75,0.7276739781996033,win
2024-01-02 19:11:00,2,Regime 2,long,16696.5,16704.75,0.04941155331955799,win
2024-01-02 20:00:00,2,Regime 2,short,16646.0,16647.5,-0.009011173855580921,loss
2024-01-02 20:04:00,2,Regime 2,short,16628.5,16652.25,-0.14282707399945876,loss
2024-01-02 20:47:00,0,Regime 0,long,16691.5,16614.0,-0.46430818081059216,loss
2024-01-02 20:57:00,1,Generic,long,16723.75,16634.0,-0.5366619328798864,loss
2024-01-03 08:34:00,2,Regime 2,short,16687.0,16611.25,0.45394618565350275,win
2024-01-03 09:38:00,2,Regime 2,short,16647.5,16615.5,0.1922210542123442,win
2024-01-03 13:15:00,2,Regime 2,long,16634.0,16621.25,-0.0766502344595407,loss
2024-01-03 13:52:00,2,Regime 2,short,16619.75,16569.75,0.30084688397839915,win
2024-01-03 14:33:00,2,Regime 2,short,16593.25,16580.0,0.07985174694529401,win
2024-01-03 14:36:00,0,Regime 0,long,16630.0,16555.0,-0.4509921828021648,loss
2024-01-03 14:55:00,2,Regime 2,short,16607.0,16612.75,-0.0346239537544409,loss
2024-01-03 15:00:00,0,Regime 0,long,16634.0,16596.0,-0.22844775760490563,loss
2024-01-03 15:02:00,2,Regime 2,short,16603.25,16594.75,0.05119479619953924,win
2024-01-03 15:03:00,0,Regime 0,long,16640.0,16601.25,-0.23287259615384615,loss
2024-01-03 15:07:00,0,Regime 0,short,16621.25,16594.5,0.16093855756937656,win
2024-01-03 15:12:00,2,Regime 2,short,16573.25,16594.0,-0.12520175584149157,loss
2024-01-03 15:36:00,2,Regime 2,short,16555.0,16563.25,-0.04983388704318936,loss
2024-01-03 15:56:00,0,Regime 0,long,16590.75,16602.5,0.07082259692901165,win
2024-01-03 16:00:00,0,Regime 0,long,16611.5,16603.5,-0.048159407639286035,loss
2024-01-03 16:37:00,2,Regime 2,short,16572.5,16572.25,0.001508523155830442,win
2024-01-03 19:06:00,2,Regime 2,short,16536.25,16550.5,-0.0861743140071056,loss
2024-01-03 19:07:00,2,Regime 2,long,16560.25,16531.0,-0.1766277683005993,loss
2024-01-03 19:13:00,2,Regime 2,short,16558.0,16540.5,0.10568909288561419,win
2024-01-03 19:26:00,1,Generic,long,16609.5,16556.5,-0.3190944941148138,loss
2024-01-03 19:33:00,0,Regime 0,short,16602.75,16543.0,0.359880140338197,win
2024-01-03 19:42:00,0,Regime 0,long,16623.0,16574.0,-0.2947723034349997,loss
2024-01-03 20:04:00,2,Regime 2,short,16567.0,16569.5,-0.015090239633005372,loss
2024-01-03 20:41:00,2,Regime 2,short,16546.0,16523.0,0.13900640638220718,win
2024-01-03 20:50:00,2,Regime 2,short,16531.0,16507.75,0.14064484907144154,win
2024-01-03 20:55:00,2,Regime 2,long,16546.25,16498.0,-0.29160685956032334,loss
2024-01-04 06:17:00,0,Regime 0,long,16567.25,16466.5,-0.6081274804207095,loss
2024-01-04 09:05:00,0,Regime 0,long,16569.0,16477.75,-0.5507272617538778,loss
2024-01-04 11:13:00,2,Regime 2,short,16542.75,16460.25,0.49870789318583675,win
2024-01-04 12:00:00,2,Regime 2,short,16514.0,16485.75,0.1710669734770498,win
2024-01-04 13:28:00,2,Regime 2,short,16474.5,16505.0,-0.1851346019606058,loss
2024-01-04 13:39:00,2,Regime 2,short,16458.0,16521.5,-0.38583059910074124,loss
2024-01-04 14:52:00,0,Regime 0,long,16485.75,16579.25,0.5671564836298015,win
2024-01-04 14:56:00,2,Regime 2,short,16466.5,16578.0,-0.6771323596392675,loss
2024-01-04 15:02:00,0,Regime 0,long,16491.25,16562.0,0.4290153869476237,win
2024-01-04 15:07:00,0,Regime 0,long,16506.75,16548.25,0.2514123010283672,win
2024-01-04 16:31:00,0,Regime 0,short,16548.0,16482.75,0.39430746918056564,win
2024-01-04 16:52:00,2,Regime 2,short,16518.25,16469.25,0.2966415933891302,win
2024-01-04 19:47:00,2,Regime 2,long,16490.5,16416.0,-0.45177526454625394,loss
2024-01-04 20:05:00,0,Regime 0,long,16505.25,16384.5,-0.7315854046439769,loss
2024-01-04 20:15:00,2,Regime 2,short,16478.5,16382.0,0.5856115544497376,win
2024-01-04 21:16:00,2,Regime 2,long,16462.5,16355.5,-0.6499620349278663,loss
2024-01-05 08:06:00,2,Regime 2,long,16433.0,16420.0,-0.07910910971824986,loss
2024-01-05 08:27:00,2,Regime 2,short,16415.25,16428.25,-0.0791946513150881,loss
2024-01-05 08:51:00,2,Regime 2,short,16393.5,16434.0,-0.24704913532802636,loss
2024-01-05 09:07:00,2,Regime 2,long,16416.0,16456.25,0.24518762183235865,win
2024-01-05 09:24:00,2,Regime 2,short,16398.25,16462.5,-0.39181010168768005,loss
2024-01-05 13:06:00,0,Regime 0,long,16409.75,16489.75,0.4875150444095736,win
2024-01-05 13:27:00,2,Regime 2,short,16363.25,16469.75,-0.6508487005943195,loss
2024-01-05 13:32:00,2,Regime 2,short,16337.0,16499.75,-0.9962049335863378,loss
2024-01-05 13:33:00,2,Regime 2,long,16368.75,16513.0,0.8812523864070255,win
2024-01-05 13:52:00,0,Regime 0,long,16398.5,16547.5,0.9086196908253803,win
2024-01-05 13:57:00,0,Regime 0,long,16413.5,16521.75,0.6595180796295732,win
2024-01-05 14:27:00,1,Generic,long,16456.25,16549.5,0.5666540068363084,win
2024-01-05 14:34:00,1,Generic,long,16486.0,16563.0,0.467062962513648,win
2024-01-05 14:40:00,0,Regime 0,short,16463.75,16553.75,-0.5466555310910334,loss
2024-01-05 15:00:00,0,Regime 0,long,16499.75,16541.25,0.25151896240852134,win
2024-01-05 15:03:00,0,Regime 0,long,16533.0,16524.75,-0.049900199600798396,loss
2024-01-05 15:14:00,0,Regime 0,short,16526.0,16516.0,0.06051071039574004,win
2024-01-05 15:22:00,0,Regime 0,long,16533.5,16494.0,-0.23890888196691565,loss
2024-01-05 16:19:00,2,Regime 2,short,16541.25,16456.0,0.515378221113882,win
2024-01-05 16:51:00,2,Regime 2,long,16516.0,16491.0,-0.15136837006539114,loss
2024-01-05 17:05:00,2,Regime 2,short,16494.0,16483.0,0.06669091790954286,win
2024-01-05 17:09:00,2,Regime 2,short,16475.25,16474.5,0.004552282969909409,win
2024-01-05 18:00:00,2,Regime 2,short,16453.0,16430.25,0.1382726554427764,win
2024-01-05 18:31:00,0,Regime 0,long,16491.5,16471.0,-0.1243064609041021,loss
2024-01-05 19:12:00,0,Regime 0,short,16491.0,16443.5,0.2880358983688072,win
2024-01-05 19:17:00,0,Regime 0,short,16473.5,16446.5,0.1638995963213646,win
2024-01-05 19:48:00,2,Regime 2,short,16426.75,16452.25,-0.15523460209718903,loss
2024-01-05 20:34:00,2,Regime 2,long,16430.25,16444.5,0.08673026886383348,win
2024-01-08 06:33:00,2,Regime 2,long,16457.25,16553.5,0.5848486229473333,win
2024-01-08 07:10:00,2,Regime 2,short,16439.75,16553.0,-0.6888790887939293,loss
2024-01-08 09:08:00,2,Regime 2,short,16412.5,16586.5,-1.0601675552170602,loss
2024-01-08 09:28:00,2,Regime 2,short,16384.5,16590.5,-1.2572858494308645,loss
2024-01-08 09:37:00,2,Regime 2,long,16418.0,16583.0,1.0049945182117188,win
2024-01-08 10:41:00,2,Regime 2,short,16412.5,16609.0,-1.1972581873571972,loss
2024-01-08 11:07:00,0,Regime 0,long,16444.5,16628.5,1.1189151388002068,win
2024-01-08 11:37:00,0,Regime 0,long,16461.0,16620.75,0.9704756697648989,win
2024-01-08 12:48:00,0,Regime 0,long,16479.25,16635.25,0.9466450232868607,win
2024-01-08 13:10:00,0,Regime 0,long,16491.25,16635.25,0.8731903282043507,win
2024-01-08 14:11:00,0,Regime 0,long,16502.75,16654.0,0.9165139143476088,win
2024-01-08 14:32:00,0,Regime 0,long,16536.0,16660.0,0.7498790517658442,win
2024-01-08 14:59:00,0,Regime 0,long,16628.5,16685.0,0.3397780918302914,win
2024-01-08 15:04:00,0,Regime 0,long,16640.75,16682.0,0.247885461893244,win
2024-01-08 16:04:00,0,Regime 0,long,16672.25,16748.5,0.4573467888257434,win
2024-01-08 16:10:00,0,Regime 0,short,16645.5,16746.5,-0.6067705986602986,loss
2024-01-08 17:28:00,0,Regime 0,long,16697.75,16801.25,0.6198439909568655,win
2024-01-08 20:51:00,0,Regime 0,long,16801.0,16716.75,-0.5014582465329445,loss
2024-01-09 02:33:00,2,Regime 2,short,16777.75,16671.25,0.6347692628630179,win
2024-01-09 06:50:00,2,Regime 2,short,16768.0,16699.75,0.40702528625954193,win
2024-01-09 12:05:00,2,Regime 2,long,16712.5,16687.5,-0.14958863126402394,loss
2024-01-09 13:23:00,2,Regime 2,short,16685.0,16729.0,-0.2637099190890021,loss
2024-01-09 14:36:00,0,Regime 0,short,16691.0,16746.5,-0.33251452878796955,loss
2024-01-09 14:44:00,2,Regime 2,short,16675.5,16757.25,-0.4902401727084645,loss
2024-01-09 14:58:00,0,Regime 0,long,16705.0,16784.75,0.4774019754564502,win
2024-01-09 16:00:00,0,Regime 0,long,16749.75,16851.75,0.6089643129001925,win
2024-01-09 18:04:00,0,Regime 0,short,16839.75,16826.0,0.08165204352796211,win
2024-01-09 18:27:00,2,Regime 2,short,16807.25,16804.25,0.01784943997382082,win
2024-01-09 18:35:00,2,Regime 2,long,16817.5,16838.5,0.12486992715920915,win
2024-01-09 18:49:00,0,Regime 0,long,16838.75,16827.75,-0.06532551406725559,loss
2024-01-09 19:13:00,0,Regime 0,short,16831.25,16833.5,-0.013367991088005942,loss
2024-01-09 19:30:00,2,Regime 2,long,16831.0,16814.0,-0.10100409957815935,loss
2024-01-09 20:03:00,2,Regime 2,short,16817.25,16864.0,-0.2779883750315896,loss
2024-01-09 20:54:00,0,Regime 0,long,16838.5,16861.75,0.13807643198622205,win
2024-01-10 07:23:00,0,Regime 0,long,16845.75,16865.75,0.11872430731786951,win
2024-01-10 09:07:00,0,Regime 0,long,16892.25,16867.5,-0.14651689384185054,loss
2024-01-10 12:34:00,2,Regime 2,short,16844.75,16831.5,0.07865952299677942,win
2024-01-10 14:24:00,0,Regime 0,long,16861.75,16857.25,-0.02668762139161119,loss
2024-01-10 15:02:00,2,Regime 2,short,16810.75,16880.5,-0.41491307645405473,loss
2024-01-10 15:40:00,0,Regime 0,long,16877.0,16926.75,0.2947798779403923,win
2024-01-10 16:10:00,0,Regime 0,short,16868.0,16918.0,-0.29641925539483044,loss
2024-01-10 18:04:00,0,Regime 0,long,16926.75,16939.25,0.07384760807597442,win
2024-01-10 18:08:00,0,Regime 0,short,16897.75,16935.0,-0.22044355017679867,loss
2024-01-10 20:24:00,2,Regime 2,short,16928.0,16999.0,-0.41942344045368624,loss
2024-01-10 20:26:00,2,Regime 2,long,16946.25,17002.5,0.33193184332816994,win
2024-01-10 20:53:00,2,Regime 2,long,16930.0,17009.25,0.46810395747194333,win
2024-01-11 08:14:00,0,Regime 0,long,17041.5,16925.25,-0.6821582607164862,loss
2024-01-11 09:05:00,0,Regime 0,short,17019.75,16958.5,0.3598760263811161,win
2024-01-11 09:17:00,2,Regime 2,short,16999.0,16958.25,0.23971998352844284,win
2024-01-11 10:52:00,0,Regime 0,long,17018.0,16999.0,-0.11164649194970032,loss
2024-01-11 13:21:00,0,Regime 0,long,17026.5,17013.75,-0.07488327019645846,loss
2024-01-11 13:31:00,1,Generic,short,16956.5,17011.75,-0.32583375106891166,loss
2024-01-11 13:32:00,1,Generic,short,16905.5,16991.5,-0.5087101830765136,loss
2024-01-11 13:33:00,1,Generic,long,16923.0,16987.25,0.3796608166400756,win
2024-01-11 13:34:00,1,Generic,long,16949.0,16967.0,0.10620095580860228,win
2024-01-11 13:36:00,1,Generic,long,16968.25,16965.0,-0.01915341888527102,loss
2024-01-11 13:39:00,1,Generic,short,16932.75,16933.5,-0.004429286441954201,loss
2024-01-11 13:53:00,2,Regime 2,short,16923.75,16942.5,-0.11079104808331486,loss
2024-01-11 14:07:00,2,Regime 2,long,16943.0,16841.0,-0.60201853272738,loss
2024-01-11 14:23:00,0,Regime 0,long,16976.0,16852.75,-0.7260249764373233,loss
2024-01-11 14:31:00,0,Regime 0,long,17002.25,16843.75,-0.9322295578526372,loss
2024-01-11 14:33:00,0,Regime 0,short,16980.5,16886.25,0.5550484379140779,win
2024-01-11 14:34:00,0,Regime 0,long,17000.5,16877.0,-0.7264492220817035,loss
2024-01-11 14:35:00,0,Regime 0,long,17031.0,16885.5,-0.8543244671481416,loss
2024-01-11 14:43:00,1,Generic,short,16991.5,16890.5,0.5944148544860666,win
2024-01-11 14:46:00,1,Generic,short,16967.0,16893.5,0.4331938468792361,win
2024-01-11 14:55:00,2,Regime 2,long,16955.75,16870.75,-0.5013048670804889,loss
2024-01-11 14:59:00,2,Regime 2,long,16958.75,16865.0,-0.5528119702218619,loss
2024-01-11 15:03:00,2,Regime 2,short,16920.5,16847.25,0.432906828994415,win
2024-01-11 15:05:00,1,Generic,short,16890.5,16845.75,0.2649418312068914,win
2024-01-11 15:06:00,1,Generic,short,16867.75,16848.5,0.11412310474129626,win
2024-01-11 15:07:00,1,Generic,short,16841.0,16842.25,-0.007422362092512321,loss
2024-01-11 15:09:00,1,Generic,short,16837.75,16787.75,0.29695178987691345,win
2024-01-11 15:17:00,1,Generic,long,16868.25,16795.0,-0.4342477731833474,loss
2024-01-11 15:20:00,1,Generic,long,16886.25,16799.75,-0.5122510918646828,loss
2024-01-11 15:29:00,1,Generic,long,16908.75,16770.0,-0.8205810601020183,loss
2024-01-11 15:33:00,1,Generic,short,16890.5,16791.5,0.5861282969716705,win
2024-01-11 15:35:00,1,Generic,short,16869.0,16802.5,0.3942142391368783,win
2024-01-11 15:36:00,0,Regime 0,long,16893.5,16783.5,-0.6511380116612899,loss
2024-01-11 15:49:00,2,Regime 2,short,16874.75,16802.5,0.4281544911776471,win
2024-01-11 15:53:00,2,Regime 2,short,16853.5,16809.75,0.25958999614323436,win
2024-01-11 16:12:00,2,Regime 2,short,16808.0,16828.5,-0.12196573060447406,loss
2024-01-11 16:15:00,2,Regime 2,short,16787.75,16842.5,-0.3261306607496538,loss
2024-01-11 16:43:00,2,Regime 2,short,16770.0,16898.75,-0.7677400119260585,loss
2024-01-11 16:48:00,2,Regime 2,long,16791.5,16894.0,0.610427895065956,win
2024-01-11 16:52:00,2,Regime 2,short,16783.5,16931.25,-0.8803288944499061,loss
2024-01-11 17:41:00,0,Regime 0,long,16831.75,16979.5,0.8778053381258634,win
2024-01-11 17:59:00,0,Regime 0,long,16858.5,16941.75,0.4938161758163538,win
2024-01-11 18:56:00,0,Regime 0,long,16931.25,16958.75,0.162421557770395,win
2024-01-11 19:20:00,0,Regime 0,short,16921.25,16962.5,-0.24377631676146855,loss
2024-01-11 19:25:00,0,Regime 0,long,16947.75,16949.5,0.010325854464456934,win
2024-01-12 00:24:00,2,Regime 2,short,16934.25,16921.0,0.07824379585750771,win
2024-01-12 01:32:00,2,Regime 2,long,16946.0,16902.0,-0.2596482945827924,loss
2024-01-12 08:02:00,0,Regime 0,long,16944.5,16943.5,-0.005901619994688542,loss
2024-01-12 08:36:00,2,Regime 2,short,16941.25,16962.25,-0.12395779532206892,loss
2024-01-12 08:50:00,0,Regime 0,long,16964.25,16974.25,0.05894749252103689,win
2024-01-12 10:33:00,2,Regime 2,short,16918.0,16980.5,-0.3694290105213382,loss
2024-01-12 11:04:00,2,Regime 2,short,16913.0,17004.5,-0.5410039614497724,loss
2024-01-12 11:37:00,2,Regime 2,short,16896.5,17013.25,-0.6909715029739887,loss
2024-01-12 11:47:00,2,Regime 2,short,16869.0,17027.75,-0.9410753453079613,loss
2024-01-12 12:24:00,0,Regime 0,long,16921.0,17019.25,0.5806394421133503,win
2024-01-12 13:20:00,1,Generic,long,16952.75,16959.0,0.03686717494211854,win
2024-01-12 14:32:00,0,Regime 0,short,16980.5,16967.75,0.07508612820588322,win
2024-01-12 14:59:00,2,Regime 2,short,16986.5,16946.75,0.234009360374415,win
2024-01-12 15:01:00,2,Regime 2,short,16964.75,16973.75,-0.05305117965192531,loss
2024-01-12 15:06:00,2,Regime 2,long,16979.5,16987.0,0.04417091198209606,win
2024-01-12 15:12:00,2,Regime 2,short,16970.0,16989.25,-0.11343547436652916,loss
2024-01-12 15:18:00,2,Regime 2,short,16949.25,16940.5,0.05162470315795684,win
2024-01-12 15:29:00,0,Regime 0,long,16983.0,16938.5,-0.2620267326149679,loss
2024-01-12 15:47:00,2,Regime 2,short,16948.5,16937.25,0.06637755553588813,win
2024-01-12 15:58:00,2,Regime 2,long,16944.5,16957.25,0.0752456549322789,win
2024-01-12 16:07:00,0,Regime 0,long,16973.75,16956.75,-0.1001546505633699,loss
2024-01-12 16:37:00,2,Regime 2,short,16940.5,16988.75,-0.28482040081461585,loss
2024-01-12 17:49:00,0,Regime 0,long,16957.25,16966.5,0.05454893924427605,win
2024-01-12 19:21:00,0,Regime 0,short,16969.25,16998.0,-0.169424105367061,loss
2024-01-12 19:29:00,2,Regime 2,short,16953.25,16990.5,-0.2197218822349697,loss
2024-01-15 02:16:00,0,Regime 0,long,16978.25,16973.25,-0.029449442669297485,loss
2024-01-15 06:30:00,0,Regime 0,long,17016.5,16970.25,-0.27179502247818293,loss
2024-01-15 07:12:00,0,Regime 0,short,16998.0,16958.25,0.23385104129897633,win
2024-01-15 08:54:00,2,Regime 2,short,16963.0,16902.75,0.3551848140069563,win
2024-01-15 09:06:00,2,Regime 2,long,16980.25,16884.5,-0.563890402084775,loss
2024-01-15 14:13:00,2,Regime 2,long,16962.25,16885.0,-0.4554230718212501,loss
2024-01-15 23:40:00,2,Regime 2,short,16921.75,16858.25,0.3752566962636843,win
2024-01-16 00:29:00,2,Regime 2,short,16902.75,16884.25,0.10944964576770051,win
2024-01-16 00:47:00,2,Regime 2,short,16884.5,16885.5,-0.005922591726139358,loss
2024-01-16 07:57:00,2,Regime 2,short,16846.0,16894.0,-0.28493410898729665,loss
2024-01-16 08:22:00,2,Regime 2,long,16839.75,16932.0,0.5478109829421458,win
2024-01-16 13:31:00,0,Regime 0,long,16909.0,16898.25,-0.06357561062156249,loss
2024-01-16 13:44:00,0,Regime 0,short,16903.5,16925.75,-0.1316295441772414,loss
2024-01-16 14:25:00,0,Regime 0,long,16917.0,16964.75,0.2822604480699888,win
2024-01-16 14:41:00,2,Regime 2,short,16884.25,16992.25,-0.639649377378326,loss
2024-01-16 14:55:00,2,Regime 2,long,16894.0,16968.0,0.43802533443826214,win
2024-01-16 15:02:00,0,Regime 0,long,16925.0,16973.0,0.2836041358936484,win
2024-01-16 15:04:00,0,Regime 0,short,16898.25,16975.5,-0.45714792951932887,loss
2024-01-16 15:40:00,0,Regime 0,long,17009.25,16980.0,-0.17196525419992062,loss
2024-01-16 16:00:00,2,Regime 2,short,16968.0,16922.0,0.2710985384252711,win
2024-01-16 16:13:00,2,Regime 2,short,16941.75,16925.25,0.09739253619018107,win
2024-01-16 16:14:00,2,Regime 2,long,16976.0,16922.0,-0.3180961357210179,loss
2024-01-16 16:16:00,0,Regime 0,long,16993.0,16919.75,-0.43105984817277704,loss
2024-01-16 16:22:00,0,Regime 0,long,17014.5,16900.5,-0.6700167504187605,loss
2024-01-16 16:31:00,0,Regime 0,long,17014.0,16925.5,-0.520159868343717,loss
2024-01-16 16:53:00,2,Regime 2,short,16956.75,16924.25,0.19166408657319356,win
2024-01-16 17:26:00,2,Regime 2,short,16916.0,16883.25,0.19360368881532278,win
2024-01-16 18:36:00,0,Regime 0,short,16928.25,16971.5,-0.2554900831450386,loss
2024-01-16 19:09:00,2,Regime 2,short,16882.0,16912.0,-0.17770406349958537,loss
2024-01-16 19:25:00,2,Regime 2,long,16895.75,16847.75,-0.28409511267626475,loss
2024-01-17 05:38:00,2,Regime 2,short,16888.0,16858.25,0.1761605873993368,win
2024-01-17 06:06:00,1,Generic,short,16847.75,16848.5,-0.004451633007374872,loss
2024-01-17 06:21:00,1,Generic,short,16838.75,16820.5,0.10838096652067404,win
2024-01-17 08:40:00,2,Regime 2,short,16838.75,16794.75,0.26130205626902236,win
2024-01-17 08:57:00,2,Regime 2,short,16821.25,16773.25,0.28535334770008175,win
2024-01-17 09:14:00,2,Regime 2,long,16845.75,16774.75,-0.42147129097843666,loss
2024-01-17 09:24:00,0,Regime 0,long,16864.0,16761.0,-0.6107685009487666,loss
2024-01-17 11:17:00,0,Regime 0,long,16887.0,16752.25,-0.7979510866346894,loss
2024-01-17 12:14:00,0,Regime 0,long,16903.0,16718.0,-1.0944802697745961,loss
2024-01-17 13:27:00,2,Regime 2,short,16843.5,16712.25,0.7792323448214445,win
2024-01-17 13:44:00,2,Regime 2,short,16820.5,16738.0,0.4904729348116881,win
2024-01-17 14:32:00,2,Regime 2,short,16794.75,16746.0,0.2902692805787523,win
2024-01-17 14:33:00,2,Regime 2,short,16773.25,16761.25,0.07154248580328798,win
2024-01-17 14:59:00,2,Regime 2,short,16690.75,16810.0,-0.7144675943261987,loss
2024-01-17 15:02:00,2,Regime 2,long,16708.75,16801.5,0.5550983765990873,win
2024-01-17 15:04:00,2,Regime 2,long,16728.0,16806.25,0.46777857484457197,win
2024-01-17 15:14:00,0,Regime 0,long,16749.5,16818.75,0.4134451774679841,win
2024-01-17 15:24:00,0,Regime 0,long,16746.0,16821.25,0.4493610414427326,win
2024-01-17 15:38:00,0,Regime 0,long,16765.5,16805.5,0.23858518982434168,win
2024-01-17 15:59:00,0,Regime 0,long,16777.75,16804.25,0.15794728136967115,win
2024-01-17 16:20:00,0,Regime 0,long,16825.25,16769.5,-0.3313472310961204,loss
2024-01-17 16:51:00,2,Regime 2,short,16803.0,16760.5,0.25293102422186514,win
2024-01-17 18:08:00,2,Regime 2,short,16787.75,16818.75,-0.18465845631487246,loss
2024-01-17 19:19:00,0,Regime 0,long,16788.5,16859.5,0.42290853858295857,win
2024-01-17 19:57:00,0,Regime 0,short,16817.0,16894.0,-0.457870012487364,loss
2024-01-17 20:35:00,0,Regime 0,long,16836.0,16924.25,0.5241743882157283,win
2024-01-17 20:49:00,0,Regime 0,long,16870.5,16941.25,0.41937109155033936,win
2024-01-18 05:38:00,0,Regime 0,long,16870.5,17038.25,0.9943392312023948,win
2024-01-18 06:06:00,0,Regime 0,long,16887.5,17022.75,0.8008882309400445,win
2024-01-18 07:48:00,0,Regime 0,long,16894.0,16993.75,0.5904463123002249,win
2024-01-18 09:02:00,0,Regime 0,long,16917.0,17014.0,0.5733877164981971,win
2024-01-18 11:00:00,0,Regime 0,long,16959.75,17035.0,0.4436975780892997,win
2024-01-18 11:56:00,0,Regime 0,long,17003.0,17039.5,0.2146679997647474,win
2024-01-18 13:33:00,0,Regime 0,long,17038.25,17036.5,-0.01027100787933033,loss
2024-01-18 14:08:00,0,Regime 0,long,17020.0,17034.5,0.08519388954171564,win
2024-01-18 14:30:00,0,Regime 0,long,17030.0,17034.0,0.023487962419260128,win
2024-01-18 14:40:00,0,Regime 0,long,17045.5,17058.75,0.07773312604499721,win
2024-01-18 15:02:00,2,Regime 2,short,17000.25,17037.5,-0.21911442478787074,loss
2024-01-18 15:11:00,0,Regime 0,long,17020.75,17066.25,0.2673207702363292,win
2024-01-18 15:17:00,0,Regime 0,long,17034.5,17075.5,0.24068801549796,win
2024-01-18 15:19:00,2,Regime 2,short,17016.5,17081.0,-0.37904386918579025,loss
2024-01-18 15:34:00,0,Regime 0,long,17039.75,17082.25,0.24941680482401443,win
2024-01-18 15:57:00,0,Regime 0,short,17050.0,17020.5,0.17302052785923755,win
2024-01-18 17:01:00,2,Regime 2,short,17051.25,16956.5,0.5556777362363463,win
2024-01-18 17:04:00,2,Regime 2,short,17023.75,16978.25,0.2672736617960203,win
2024-01-18 17:37:00,2,Regime 2,long,17017.25,17090.25,0.4289764797484905,win
2024-01-18 17:49:00,2,Regime 2,short,17005.5,17099.75,-0.5542324542059922,loss
2024-01-18 18:11:00,2,Regime 2,short,16963.0,17105.0,-0.8371160761657725,loss
2024-01-18 18:31:00,2,Regime 2,long,16977.0,17093.0,0.6832773752724274,win
2024-01-18 18:37:00,0,Regime 0,long,17002.25,17106.5,0.6131541413636431,win
2024-01-18 19:10:00,0,Regime 0,long,17056.25,17117.0,0.3561744228655185,win
2024-01-18 19:22:00,0,Regime 0,long,17076.5,17141.25,0.3791760606681697,win
2024-01-18 19:39:00,0,Regime 0,short,17082.25,17168.0,-0.5019830525838224,loss
2024-01-18 19:48:00,0,Regime 0,long,17094.5,17172.0,0.4533621925180613,win
2024-01-18 21:04:00,0,Regime 0,long,17122.0,17233.75,0.6526690807148697,win
2024-01-18 23:33:00,0,Regime 0,long,17135.75,17246.25,0.6448506776767868,win
2024-01-19 01:03:00,0,Regime 0,short,17132.75,17233.75,-0.5895142344340518,loss
2024-01-19 01:22:00,0,Regime 0,long,17150.5,17245.0,0.5510043438966794,win
2024-01-19 07:06:00,0,Regime 0,long,17188.5,17208.75,0.11781132734095472,win
2024-01-19 08:33:00,0,Regime 0,long,17194.25,17178.75,-0.09014641522602033,loss
2024-01-19 10:20:00,0,Regime 0,long,17234.0,17192.75,-0.2393524428455379,loss
2024-01-19 12:45:00,0,Regime 0,long,17233.75,17214.5,-0.11169942699644593,loss
2024-01-19 14:29:00,2,Regime 2,short,17184.75,17210.25,-0.14838737834417143,loss
2024-01-19 16:11:00,0,Regime 0,long,17265.5,17302.0,0.2114042454606006,win
2024-01-19 21:44:00,0,Regime 0,long,17488.5,17539.25,0.29019069674357434,win
2024-01-22 00:00:00,0,Regime 0,long,17503.25,17581.0,0.44420321940211105,win
2024-01-22 00:45:00,0,Regime 0,long,17540.75,17563.0,0.12684748371648874,win
2024-01-22 00:57:00,1,Generic,long,17559.25,17552.5,-0.03844127738941014,loss
2024-01-22 13:28:00,2,Regime 2,short,17533.25,17504.5,0.1639741633753012,win
2024-01-22 14:37:00,0,Regime 0,short,17549.25,17491.25,0.330498454349901,win
2024-01-22 14:42:00,2,Regime 2,short,17514.0,17477.5,0.2084047048075825,win
2024-01-22 15:04:00,2,Regime 2,short,17504.5,17452.5,0.29706646862235425,win
2024-01-22 15:28:00,2,Regime 2,short,17491.25,17483.25,0.04573715429143143,win
2024-01-22 15:45:00,2,Regime 2,short,17464.25,17481.5,-0.09877320812516999,loss
2024-01-22 16:05:00,0,Regime 0,long,17468.75,17461.5,-0.04150268336314848,loss
2024-01-22 17:33:00,2,Regime 2,short,17473.25,17460.25,0.07439943914268954,win
2024-01-22 19:17:00,2,Regime 2,short,17449.5,17475.5,-0.14900140405169204,loss
2024-01-23 08:08:00,2,Regime 2,short,17451.25,17435.75,0.08881885251772795,win
2024-01-23 09:53:00,2,Regime 2,short,17441.0,17467.5,-0.1519408290809013,loss
2024-01-23 11:32:00,0,Regime 0,long,17472.5,17476.0,0.020031478036915153,win
2024-01-23 14:32:00,2,Regime 2,short,17454.25,17440.0,0.08164200696105534,win
2024-01-23 14:33:00,2,Regime 2,short,17430.25,17455.25,-0.14342880911059794,loss
2024-01-23 14:37:00,2,Regime 2,long,17448.5,17466.75,0.10459351806745565,win
2024-01-23 20:51:00,0,Regime 0,long,17524.5,17654.0,0.7389654483722788,win
2024-01-23 21:11:00,0,Regime 0,long,17544.25,17661.25,0.6668851618051498,win
2024-01-23 21:37:00,0,Regime 0,long,17562.5,17677.25,0.6533807829181494,win
2024-01-24 15:07:00,0,Regime 0,long,17672.5,17711.25,0.21926722308671667,win
2024-01-24 16:06:00,2,Regime 2,short,17717.75,17786.0,-0.38520692525856837,loss
2024-01-24 18:13:00,2,Regime 2,short,17731.0,17664.25,0.37645930855563703,win
2024-01-24 18:37:00,2,Regime 2,short,17709.75,17630.75,0.4460819605019834,win
2024-01-24 19:22:00,2,Regime 2,short,17643.5,17608.5,0.19837333862328904,win
2024-01-24 19:25:00,2,Regime 2,long,17659.75,17582.0,-0.4402667081923583,loss
2024-01-24 19:53:00,2,Regime 2,short,17664.25,17608.25,0.31702449863424714,win
2024-01-24 20:04:00,0,Regime 0,long,17680.75,17600.25,-0.45529742799372197,loss
2024-01-24 20:15:00,2,Regime 2,short,17638.5,17623.25,0.08645859908722398,win
2024-01-24 20:26:00,2,Regime 2,short,17618.25,17607.25,0.06243525889347693,win
2024-01-24 20:48:00,2,Regime 2,short,17633.25,17621.25,0.06805325166943132,win
2024-01-24 21:05:00,2,Regime 2,short,17585.25,17643.5,-0.3312435137402084,loss
2024-01-25 06:47:00,0,Regime 0,long,17645.25,17718.75,0.41654269562630164,win
2024-01-25 07:50:00,2,Regime 2,short,17607.25,17712.25,-0.5963452555055446,loss
2024-01-25 08:23:00,0,Regime 0,long,17636.0,17682.5,0.2636652302109322,win
2024-01-25 08:51:00,0,Regime 0,short,17626.5,17703.5,-0.4368422545598956,loss
2024-01-25 09:28:00,0,Regime 0,long,17640.0,17701.5,0.3486394557823129,win
2024-01-25 13:32:00,0,Regime 0,long,17684.75,17668.25,-0.09330072520109134,loss
2024-01-25 14:28:00,2,Regime 2,short,17687.75,17724.0,-0.20494409973003916,loss
2024-01-25 15:04:00,2,Regime 2,short,17652.25,17714.5,-0.35264626322423487,loss
2024-01-25 15:05:00,2,Regime 2,long,17675.25,17719.5,0.2503500657699325,win
2024-01-25 15:09:00,0,Regime 0,long,17698.75,17714.5,0.08898933540504274,win
2024-01-25 15:35:00,2,Regime 2,short,17687.5,17720.0,-0.18374558303886926,loss
2024-01-25 16:54:00,0,Regime 0,short,17724.25,17628.0,0.5430413134547301,win
2024-01-25 17:17:00,2,Regime 2,short,17679.25,17586.25,0.5260404146103483,win
2024-01-25 17:29:00,2,Regime 2,short,17662.5,17559.25,0.5845718329794763,win
2024-01-25 17:47:00,2,Regime 2,short,17640.0,17571.25,0.3897392290249433,win
2024-01-25 18:01:00,2,Regime 2,long,17670.75,17563.0,-0.6097647241911068,loss
2024-01-25 18:06:00,0,Regime 0,long,17676.5,17573.25,-0.5841088450767968,loss
2024-01-25 18:17:00,2,Regime 2,short,17628.25,17609.0,0.10919972203707118,win
2024-01-25 18:31:00,2,Regime 2,short,17608.0,17608.0,-0.0,loss
2024-01-25 18:53:00,2,Regime 2,short,17601.0,17617.0,-0.09090392591330039,loss
2024-01-25 19:11:00,2,Regime 2,long,17569.25,17598.75,0.16790699659917185,win
2024-01-25 20:58:00,0,Regime 0,long,17638.25,17483.25,-0.8787719870168526,loss
2024-01-25 21:41:00,2,Regime 2,short,17558.0,17517.0,0.23351178949766485,win
2024-01-25 23:19:00,2,Regime 2,short,17534.75,17533.5,0.00712870157829453,win
2024-01-26 00:47:00,2,Regime 2,short,17511.75,17546.75,-0.19986580438848203,loss
2024-01-26 04:47:00,2,Regime 2,long,17505.75,17549.75,0.25134598631878097,win
2024-01-26 09:48:00,0,Regime 0,long,17535.75,17559.75,0.1368632650442667,win
2024-01-26 11:15:00,0,Regime 0,long,17546.75,17544.0,-0.015672417969139582,loss
2024-01-26 12:08:00,0,Regime 0,long,17577.25,17543.25,-0.193431850829908,loss
2024-01-26 13:39:00,0,Regime 0,long,17576.75,17510.75,-0.3754960388012573,loss
2024-01-26 13:45:00,0,Regime 0,long,17604.75,17531.25,-0.4175009585481191,loss
2024-01-26 13:59:00,0,Regime 0,short,17584.25,17537.75,0.2644411902697016,win
2024-01-26 14:08:00,2,Regime 2,short,17549.25,17537.75,0.06552986594868727,win
2024-01-26 14:35:00,2,Regime 2,short,17549.25,17593.5,-0.25214752767212273,loss
2024-01-26 14:52:00,2,Regime 2,short,17524.0,17622.5,-0.5620862816708514,loss
2024-01-26 14:57:00,2,Regime 2,long,17543.75,17621.0,0.4403277520484503,win
2024-01-26 15:08:00,2,Regime 2,long,17528.75,17616.0,0.4977536903658276,win
2024-01-26 16:38:00,2,Regime 2,short,17588.0,17543.25,0.2544348419376848,win
2024-01-26 16:48:00,2,Regime 2,long,17605.0,17526.0,-0.44873615450156207,loss
2024-01-26 17:23:00,2,Regime 2,short,17603.0,17526.25,0.43600522638186673,win
2024-01-26 17:30:00,2,Regime 2,short,17580.75,17520.75,0.3412823684996374,win
2024-01-26 17:47:00,2,Regime 2,short,17522.25,17550.0,-0.1583700723366006,loss
2024-01-26 19:02:00,0,Regime 0,long,17538.5,17481.5,-0.32499928728226474,loss
2024-01-26 19:35:00,0,Regime 0,long,17539.5,17539.75,0.001425354200518829,win
2024-01-26 19:53:00,0,Regime 0,short,17549.25,17545.25,0.02279299685171731,win
2024-01-26 21:47:00,2,Regime 2,short,17470.0,17545.5,-0.432169433314253,loss
2024-01-29 00:30:00,2,Regime 2,long,17499.5,17541.0,0.23714963284665277,win
2024-01-29 08:20:00,0,Regime 0,long,17575.0,17566.75,-0.04694167852062589,loss
2024-01-29 09:15:00,0,Regime 0,short,17546.0,17562.75,-0.09546335347087655,loss
2024-01-29 09:44:00,0,Regime 0,long,17559.25,17551.25,-0.04556003246152313,loss
2024-01-29 17:23:00,0,Regime 0,long,17599.25,17655.5,0.31961589272270124,win
2024-01-29 19:57:00,0,Regime 0,long,17652.5,17721.25,0.38946324883161026,win
2024-01-29 21:47:00,0,Regime 0,long,17720.75,17655.0,-0.3710339573663643,loss
2024-01-30 06:58:00,2,Regime 2,short,17682.0,17672.5,0.053726953964483654,win
2024-01-30 08:22:00,0,Regime 0,long,17711.0,17671.5,-0.2230252385523121,loss
2024-01-30 14:58:00,2,Regime 2,short,17644.5,17635.25,0.052424268185553576,win
2024-01-30 15:02:00,2,Regime 2,short,17622.75,17637.25,-0.08228000737682824,loss
2024-01-30 15:25:00,2,Regime 2,short,17638.25,17615.75,0.1275636755347044,win
2024-01-30 17:23:00,2,Regime 2,short,17597.5,17585.5,0.06819150447506749,win
2024-01-30 17:33:00,2,Regime 2,short,17566.5,17596.25,-0.16935644550707313,loss
2024-01-30 19:21:00,0,Regime 0,long,17580.5,17453.5,-0.7223912857996075,loss
2024-01-30 21:03:00,2,Regime 2,short,17533.25,17382.0,0.8626466855831063,win
2024-01-30 21:25:00,2,Regime 2,short,17517.25,17365.25,0.867716108407427,win
2024-01-30 21:36:00,1,Generic,short,17488.0,17381.0,0.6118481244281793,win
2024-01-30 21:51:00,1,Generic,short,17439.75,17391.75,0.2752333032296908,win
2024-01-30 23:02:00,1,Generic,long,17459.75,17407.5,-0.29925972594109307,loss
2024-01-30 23:11:00,1,Generic,short,17441.0,17400.25,0.23364485981308408,win
2024-01-31 08:44:00,2,Regime 2,short,17431.25,17398.25,0.18931516672642523,win
2024-01-31 09:07:00,2,Regime 2,short,17404.75,17393.0,0.06751030609460061,win
2024-01-31 09:17:00,2,Regime 2,short,17374.5,17390.25,-0.09065009065009065,loss
2024-01-31 09:36:00,2,Regime 2,long,17364.5,17391.25,0.1540499294537706,win
2024-01-31 09:48:00,2,Regime 2,long,17382.0,17406.75,0.14238867794269935,win
2024-01-31 10:36:00,2,Regime 2,short,17357.5,17391.75,-0.1973210427768976,loss
2024-01-31 11:06:00,2,Regime 2,long,17365.25,17369.75,0.02591382214480068,win
2024-01-31 13:37:00,0,Regime 0,short,17402.5,17336.5,0.37925585404395923,win
2024-01-31 13:40:00,0,Regime 0,long,17421.0,17349.25,-0.4118592503300614,loss
2024-01-31 13:50:00,2,Regime 2,short,17404.5,17344.25,0.3461748398402712,win
2024-01-31 13:59:00,2,Regime 2,short,17385.0,17348.0,0.21282714984181766,win
2024-01-31 14:41:00,2,Regime 2,short,17369.75,17301.25,0.3943637645907397,win
2024-01-31 14:57:00,2,Regime 2,short,17365.75,17342.0,0.13676345680434188,win
2024-01-31 15:27:00,2,Regime 2,short,17326.75,17358.75,-0.1846855296001847,loss
2024-01-31 16:01:00,0,Regime 0,long,17319.75,17386.25,0.38395473375770434,win
2024-01-31 16:49:00,0,Regime 0,short,17325.25,17343.5,-0.1053375853162292,loss
2024-01-31 18:41:00,0,Regime 0,long,17393.0,17399.5,0.037371356292761455,win
2024-01-31 18:59:00,2,Regime 2,short,17345.5,17406.5,-0.3516762272635554,loss
2024-01-31 19:15:00,2,Regime 2,short,17343.5,17270.5,0.4209069680283679,win
2024-01-31 19:30:00,2,Regime 2,long,17349.0,17296.25,-0.3040521067496686,loss
2024-01-31 19:39:00,0,Regime 0,long,17387.25,17306.75,-0.46298293289623144,loss
2024-01-31 19:40:00,1,Generic,long,17424.25,17298.75,-0.7202605564084538,loss
2024-01-31 19:49:00,1,Generic,short,17431.75,17268.25,0.9379436946950249,win
2024-01-31 19:52:00,1,Generic,short,17399.5,17246.25,0.8807724359895399,win
2024-01-31 19:58:00,1,Generic,short,17379.0,17258.5,0.6933655561309626,win
2024-01-31 20:02:00,1,Generic,short,17340.25,17226.75,0.6545465030780987,win
2024-01-31 20:03:00,1,Generic,short,17307.25,17258.25,0.28311834635774025,win
2024-01-31 20:06:00,1,Generic,short,17270.5,17283.25,-0.07382530905300946,loss
2024-01-31 20:17:00,1,Generic,short,17280.25,17305.75,-0.1475673095007306,loss
2024-01-31 20:20:00,1,Generic,long,17299.5,17323.75,0.1401774617763519,win
2024-01-31 21:00:00,2,Regime 2,short,17238.25,17328.25,-0.5220947601989762,loss
2024-01-31 21:03:00,2,Regime 2,long,17258.25,17345.25,0.5041067315631654,win
2024-01-31 21:47:00,0,Regime 0,long,17283.25,17318.0,0.20106172160907235,win
2024-02-01 01:34:00,0,Regime 0,long,17318.5,17343.0,0.14146721713774288,win
2024-02-01 03:47:00,0,Regime 0,long,17323.75,17334.25,0.06061043365322173,win
2024-02-01 04:44:00,0,Regime 0,short,17304.5,17314.75,-0.059233147447195815,loss
2024-02-01 05:41:00,2,Regime 2,short,17285.75,17311.25,-0.14752035636290006,loss
2024-02-01 07:13:00,0,Regime 0,long,17296.25,17333.75,0.21681000216810004,win
2024-02-01 08:09:00,0,Regime 0,long,17339.0,17316.5,-0.12976526904665783,loss
2024-02-01 12:54:00,0,Regime 0,short,17333.25,17312.0,0.12259674325357332,win
2024-02-01 13:22:00,0,Regime 0,long,17343.75,17348.25,0.025945945945945945,win
2024-02-01 14:04:00,2,Regime 2,short,17324.0,17323.0,0.005772338951743247,win
2024-02-01 14:19:00,2,Regime 2,short,17314.75,17346.5,-0.18336967036775004,loss
2024-02-01 14:34:00,2,Regime 2,long,17333.75,17366.5,0.18893776591908848,win
2024-02-01 15:03:00,2,Regime 2,long,17303.5,17285.5,-0.10402519721443637,loss
2024-02-01 15:08:00,0,Regime 0,long,17342.5,17281.25,-0.35317860746720486,loss
2024-02-01 15:21:00,2,Regime 2,short,17314.5,17324.0,-0.054867307747841404,loss
2024-02-01 15:29:00,0,Regime 0,long,17368.25,17327.25,-0.23606293092280456,loss
2024-02-01 15:49:00,2,Regime 2,short,17318.75,17370.5,-0.29880909418982315,loss
2024-02-01 15:54:00,2,Regime 2,short,17290.25,17356.5,-0.383163921863478,loss
2024-02-01 16:38:00,0,Regime 0,long,17324.0,17368.5,0.25686908335257447,win
2024-02-01 17:03:00,0,Regime 0,long,17353.0,17348.5,-0.02593211548435429,loss
2024-02-01 17:06:00,0,Regime 0,long,17372.75,17350.5,-0.12807413909714926,loss
2024-02-01 18:01:00,2,Regime 2,short,17361.75,17420.75,-0.33982749434820797,loss
2024-02-01 18:04:00,2,Regime 2,short,17343.75,17433.25,-0.5160360360360361,loss
2024-02-01 18:11:00,2,Regime 2,long,17360.75,17425.75,0.3744077876819838,win
2024-02-01 18:29:00,0,Regime 0,long,17391.0,17442.0,0.2932551319648094,win
2024-02-01 18:36:00,2,Regime 2,short,17354.25,17418.0,-0.36734517481308615,loss
2024-02-01 19:12:00,0,Regime 0,short,17378.0,17568.0,-1.093336402347796,loss
2024-02-01 21:01:00,0,Regime 0,long,17462.0,17600.5,0.7931508418279692,win
2024-02-01 21:03:00,0,Regime 0,long,17493.0,17623.0,0.7431544046189904,win
2024-02-01 21:07:00,1,Generic,long,17525.25,17607.25,0.46789632102252465,win
2024-02-01 21:11:00,1,Generic,long,17540.0,17607.0,0.38198403648802737,win
2024-02-01 21:14:00,1,Generic,long,17568.0,17636.0,0.3870673952641166,win
2024-02-01 21:24:00,1,Generic,long,17574.5,17622.75,0.27454550627329366,win
2024-02-01 21:40:00,1,Generic,long,17599.0,17614.5,0.08807318597647593,win
2024-02-01 21:47:00,1,Generic,long,17623.0,17528.0,-0.5390682630653123,loss
2024-02-01 21:54:00,1,Generic,short,17598.25,17541.0,0.3253164377139772,win
2024-02-02 00:26:00,1,Generic,long,17610.5,17553.0,-0.32650975270435256,loss
2024-02-02 05:31:00,1,Generic,short,17596.5,17496.75,0.5668740942801126,win
2024-02-02 08:14:00,0,Regime 0,long,17604.25,17496.25,-0.6134882201741056,loss
2024-02-02 08:34:00,0,Regime 0,long,17623.75,17490.5,-0.7560819916306121,loss
2024-02-02 10:09:00,0,Regime 0,long,17623.0,17498.0,-0.7093003461385688,loss
2024-02-02 12:13:00,0,Regime 0,long,17636.0,17543.25,-0.5259129054207303,loss
2024-02-02 13:29:00,1,Generic,short,17528.0,17599.5,-0.4079187585577361,loss
2024-02-02 13:35:00,1,Generic,short,17514.25,17609.0,-0.5409880525857516,loss
2024-02-02 13:38:00,1,Generic,long,17533.25,17586.0,0.3008569432364222,win
2024-02-02 13:41:00,1,Generic,long,17553.0,17576.5,0.1338802483905885,win
2024-02-02 13:45:00,2,Regime 2,short,17546.5,17568.75,-0.1268059157096857,loss
2024-02-02 13:52:00,2,Regime 2,short,17512.25,17596.5,-0.4810918071635569,loss
2024-02-02 13:56:00,2,Regime 2,short,17492.75,17608.0,-0.658844378385331,loss
2024-02-02 14:34:00,2,Regime 2,long,17498.0,17605.0,0.6114984569665105,win
2024-02-02 14:46:00,1,Generic,long,17599.5,17627.5,0.15909542884741043,win
2024-02-02 14:50:00,1,Generic,short,17586.0,17654.25,-0.3880928010917775,loss
2024-02-02 14:56:00,0,Regime 0,long,17598.75,17649.5,0.288372753746715,win
2024-02-02 15:04:00,0,Regime 0,short,17585.25,17634.5,-0.2800642583983736,loss
2024-02-02 15:22:00,0,Regime 0,long,17605.0,17677.5,0.411814825333712,win
2024-02-02 15:26:00,2,Regime 2,short,17580.75,17692.0,-0.6327943915930776,loss
2024-02-02 15:34:00,2,Regime 2,long,17585.5,17714.25,0.7321372721844701,win
2024-02-02 15:39:00,0,Regime 0,long,17617.0,17714.0,0.5506045297156156,win
