date,r_rod,r_lh,dir,entry,exit,gross,net3,net2
2025-01-03,0.017071096094322336,-0.0005459339536072472,1,21522.75,21511.0,-23.5,-26.5,-25.5
2025-01-06,0.010064618102366252,0.00032217236221376844,1,21727.5,21734.5,14.0,11.0,12.0
2025-01-07,-0.018760495985644887,0.0014770182986156843,-1,21326.75,21358.25,-63.0,-66.0,-65.0
2025-01-08,-0.0004682031533482789,0.00042158022320326616,-1,21348.25,21357.25,-18.0,-21.0,-20.0
2025-01-10,-0.016223998876259804,0.000916197660721263,-1,21010.75,21030.0,-38.5,-41.5,-40.5
2025-01-13,-0.006978126485972402,0.00365125160116353,-1,20883.25,20959.5,-152.5,-155.5,-154.5
2025-01-14,-0.00592809942985284,0.0027597461033583848,-1,20835.25,20892.75,-115.0,-118.0,-117.0
2025-01-15,0.02620526259109024,-0.0017956880166976052,1,21440.25,21401.75,-77.0,-80.0,-79.0
2025-01-16,-0.0032941231441354635,-0.003246410782302922,-1,21331.25,21262.0,138.5,135.5,136.5
2025-01-17,0.01595569560718646,-0.0009374457496672539,1,21601.25,21581.0,-40.5,-43.5,-42.5
2025-01-21,0.007518187294379253,-0.0014027341818725336,1,21743.25,21712.75,-61.0,-64.0,-63.0
2025-01-22,0.013943420340583268,-0.00039744725307166995,1,22015.5,22006.75,-17.5,-20.5,-19.5
2025-01-23,-0.0016813023276949224,0.002878958568031109,-1,21969.75,22033.0,-126.5,-129.5,-128.5
2025-01-24,-0.007636272863432159,0.0021152768725918314,-1,21864.75,21911.0,-92.5,-95.5,-94.5
2025-01-27,-0.03345351649856232,0.0036004344130702304,-1,21178.0,21254.25,-152.5,-155.5,-154.5
2025-01-28,0.017055412446922436,-0.001954502873928732,1,21616.75,21574.5,-84.5,-87.5,-86.5
2025-01-29,0.00044033465433734875,-0.002223869532987366,1,21584.0,21536.0,-96.0,-99.0,-98.0
2025-01-30,0.007150817236255547,-0.0026970954356846377,1,21690.0,21631.5,-117.0,-120.0,-119.0
2025-01-31,-0.0033400365208146043,0.0014147059846700838,-1,21559.25,21589.75,-61.0,-64.0,-63.0
2025-02-03,-0.00611401243645715,-0.0014913026761892434,-1,21457.75,21425.75,64.0,61.0,62.0
2025-02-04,0.009521253631728177,0.002068909719252332,1,21629.75,21674.5,89.5,86.5,87.5
2025-02-05,0.003206533022676483,0.0009427888153052955,1,21744.0,21764.5,41.0,38.0,39.0
2025-02-06,0.0011716327046336072,0.0036484625975217178,1,21790.0,21869.5,159.0,156.0,157.0
2025-02-07,-0.013477674386702887,0.00054461812998996,-1,21574.75,21586.5,-23.5,-26.5,-25.5
2025-02-10,0.012774187570935513,-0.0007204199018856494,1,21862.25,21846.5,-31.5,-34.5,-33.5
2025-02-11,-0.001636417732817641,-0.0011576860034615555,-1,21810.75,21785.5,50.5,47.5,48.5
2025-02-12,0.001377062725207212,-0.0003896312255048384,1,21815.5,21807.0,-17.0,-20.0,-19.0
2025-02-13,0.01270234328426656,0.0015848578156130166,1,22084.0,22119.0,70.0,67.0,68.0
2025-02-14,0.0029951625299515783,0.0011494123347719487,1,22185.25,22210.75,51.0,48.0,49.0
2025-02-18,-0.0018346971624101371,0.002785295444294178,-1,22170.0,22231.75,-123.5,-126.5,-125.5
2025-02-19,-0.0005735041101128102,0.001451460461767029,-1,22219.0,22251.25,-64.5,-67.5,-66.5
2025-02-20,-0.006696253019493281,0.0019228811546336821,-1,22102.25,22144.75,-85.0,-88.0,-87.0
2025-02-21,-0.02000474153015952,-0.0004031932908636904,-1,21701.75,21693.0,17.5,14.5,15.5
2025-02-24,-0.007871202692112611,-0.004797360870726797,-1,21522.25,21419.0,206.5,203.5,204.5
2025-02-25,-0.00898734768196463,-0.0029444326667137366,-1,21226.5,21164.0,125.0,122.0,123.0
2025-02-26,-0.0007560007560007964,0.00111121619065635,-1,21148.0,21171.5,-47.0,-50.0,-49.0
2025-02-27,-0.022766454903998312,-0.003685444307498953,-1,20689.5,20613.25,152.5,149.5,150.5
2025-02-28,0.007446666585812611,0.008270432301636044,1,20766.75,20938.5,343.5,340.5,341.5
2025-03-07,-0.023903335960073546,0.0013577649476466114,-1,20438.0,20465.75,-55.5,-58.5,-57.5
2025-03-12,-0.03125954338345771,-5.0438817714160145e-05,-1,19826.0,19825.0,2.0,-1.0,0.0
2025-03-14,0.0025220680958386588,0.0031823899371068443,1,19875.0,19938.25,126.5,123.5,124.5
2025-03-17,0.009328802678269188,-0.003838652372138096,1,20124.25,20047.0,-154.5,-157.5,-156.5
2025-03-18,-0.016910260886915718,-7.611122386852465e-05,-1,19708.0,19706.5,3.0,0.0,1.0
2025-03-19,0.01266079719889368,-0.0009771497294046583,1,19956.0,19936.5,-39.0,-42.0,-41.0
2025-03-20,-0.00519148295839289,0.002735340089749405,-1,19833.0,19887.25,-108.5,-111.5,-110.5
2025-03-21,-0.0023381814981960902,0.005695349218149515,-1,19840.75,19953.75,-226.0,-229.0,-228.0
2025-03-24,0.020885798408820433,0.0008099948454873829,1,20370.5,20387.0,33.0,30.0,31.0
2025-03-25,0.0024893314366998265,0.002214040195226863,1,20437.75,20483.0,90.5,87.5,88.5
2025-03-26,-0.020394961675535783,0.00306500043607727,-1,20065.25,20126.75,-123.0,-126.0,-125.0
2025-03-27,-0.0008570683294620851,-0.005146821154180858,-1,20109.5,20006.0,207.0,204.0,205.0
2025-03-28,-0.027329301209637058,0.0006038259439598015,-1,19459.25,19471.0,-23.5,-26.5,-25.5
2025-03-31,-0.005418314416311465,0.006157858046526021,-1,19365.5,19484.75,-238.5,-241.5,-240.5
2025-04-01,-0.0004618996907838069,0.006995879491161983,-1,19475.75,19612.0,-272.5,-275.5,-274.5
2025-04-02,0.004104629818478589,0.004240192966865619,1,19692.5,19776.0,167.0,164.0,165.0
2025-04-03,-0.053082018608414216,-0.001361724851478563,-1,18726.25,18700.75,51.0,48.0,49.0
2025-04-04,-0.05110757589936232,-0.010904480135249361,-1,17745.0,17551.5,387.0,384.0,385.0
2025-04-07,-0.0066803407116200475,0.0070263991855112895,-1,17434.25,17556.75,-245.0,-248.0,-247.0
2025-04-08,-0.016332749512295797,-0.003749276201505447,-1,17270.0,17205.25,129.5,126.5,127.5
2025-04-09,0.11291611572049232,0.00694589513265087,1,19148.0,19281.0,266.0,263.0,264.0
2025-04-10,-0.046509517141227086,0.00561622040605414,-1,18384.25,18487.5,-206.5,-209.5,-208.5
2025-04-11,0.018485463150777592,-0.0009957911228540839,1,18829.25,18810.5,-37.5,-40.5,-39.5
2025-04-14,0.012187342175912441,-0.005908691027980972,1,19039.75,18927.25,-225.0,-228.0,-227.0
2025-04-15,0.0018491856978695154,0.0004746272198710155,1,18962.25,18971.25,18.0,15.0,16.0
2025-04-16,-0.04407985767938327,0.014364488558036959,-1,18135.0,18395.5,-521.0,-524.0,-523.0
2025-04-17,-0.0011144029789894594,-0.0003537414965986141,-1,18375.0,18368.5,13.0,10.0,11.0
2025-04-21,-0.03214742630046008,0.00926707166160412,-1,17778.0,17942.75,-329.5,-332.5,-331.5
2025-04-22,0.018391829569045948,0.0069365585366187865,1,18272.75,18399.5,253.5,250.5,251.5
2025-04-23,0.020408163265306145,0.0024766977363515075,1,18775.0,18821.5,93.0,90.0,91.0
2025-04-24,0.02222192705151027,0.00433997323250046,1,19239.75,19323.25,167.0,164.0,165.0
2025-04-25,0.008487185126725638,0.0025529512886630634,1,19487.25,19537.0,99.5,96.5,97.5
2025-04-28,-0.0015867328658443203,0.0019609350968932127,-1,19506.0,19544.25,-76.5,-79.5,-78.5
2025-04-29,0.005359632628522348,0.0,1,19649.0,19649.0,0.0,-3.0,-2.0
2025-04-30,-0.008677286375897042,0.010447416382164842,-1,19478.5,19682.0,-407.0,-410.0,-409.0
2025-05-01,0.017020627984960957,-0.007181395813558478,1,20017.0,19873.25,-287.5,-290.5,-289.5
2025-05-02,0.017536135257192553,-0.00195334231705957,1,20221.75,20182.25,-79.0,-82.0,-81.0
2025-05-05,-0.0034188457679396045,-0.002896100829055448,-1,20113.25,20055.0,116.5,113.5,114.5
2025-05-06,-0.005335327848416838,-0.0015791056747543886,-1,19948.0,19916.5,63.0,60.0,61.0
2025-05-07,-0.007205081214068709,0.009356192788145368,-1,19773.0,19958.0,-370.0,-373.0,-372.0
2025-05-08,0.01818819520994097,-0.008255007135475667,1,20321.0,20153.25,-335.5,-338.5,-337.5
2025-05-09,0.0002108841005792339,-0.0009921865310678069,1,20157.5,20137.5,-40.0,-43.0,-42.0
2025-05-12,0.03704531346989448,0.0025498599372710817,1,20883.5,20936.75,106.5,103.5,104.5
2025-05-13,0.018352896223148285,-0.0014891421603114852,1,21321.0,21289.25,-63.5,-66.5,-65.5
2025-05-14,0.0031001561821106804,0.0018028353683521292,1,21355.25,21393.75,77.0,74.0,75.0
2025-05-15,-0.0034472684779432994,0.003681988742964437,-1,21320.0,21398.5,-157.0,-160.0,-159.0
2025-05-16,0.004544711077879349,0.00025586453136083875,1,21495.75,21501.25,11.0,8.0,9.0
2025-05-19,-0.0019766292657403817,0.0023999533989631505,-1,21458.75,21510.25,-103.0,-106.0,-105.0
2025-05-20,-0.006171476389163266,0.0025844930417495693,-1,21377.5,21432.75,-110.5,-113.5,-112.5
2025-05-21,-0.015606956643454573,0.0035073999028354397,-1,21098.25,21172.25,-148.0,-151.0,-150.0
2025-05-22,0.007214632360755147,-0.007069167643610763,1,21325.0,21174.25,-301.5,-304.5,-303.5
2025-05-23,-0.0075799615098527395,-0.0006662304443518785,-1,21013.75,20999.75,28.0,25.0,26.0
2025-05-27,0.02082167644852917,0.0007930214115781098,1,21437.0,21454.0,34.0,31.0,32.0
2025-05-28,0.0001980982567353351,-0.003914578309041961,1,21458.25,21374.25,-168.0,-171.0,-170.0
2025-05-29,-0.0001871410692773079,0.0021876206408442123,-1,21370.25,21417.0,-93.5,-96.5,-95.5
2025-05-30,-0.0013890834383900597,0.0006779740265812073,-1,21387.25,21401.75,-29.0,-32.0,-31.0
2025-06-13,0.020944548927073647,-0.0001945080091533269,1,21850.0,21845.75,-8.5,-11.5,-10.5
2025-06-16,0.01468248972912356,-0.0009248189836014165,1,22166.5,22146.0,-41.0,-44.0,-43.0
2025-06-17,-0.007202203558204667,-0.0013531030405021793,-1,21986.5,21956.75,59.5,56.5,57.5
2025-06-18,-0.0016168148746968924,0.0010264013229173141,-1,21921.25,21943.75,-45.0,-48.0,-47.0
2025-06-20,-0.005947023639988558,0.0009741785382737511,-1,21813.25,21834.5,-42.5,-45.5,-44.5
2025-06-23,0.010098697016190039,0.0014735887553842808,1,22055.0,22087.5,65.0,62.0,63.0
2025-06-24,0.01512167515563112,-0.00016725018397523161,1,22421.5,22417.75,-7.5,-10.5,-9.5
2025-06-25,0.0010259727225079285,0.00072412909550712,1,22440.75,22457.0,32.5,29.5,30.5
2025-06-26,0.009540455091953559,0.0005844406461927854,1,22671.25,22684.5,26.5,23.5,24.5
2025-06-27,-0.0005840992748352702,0.0037602690632407842,-1,22671.25,22756.5,-170.5,-173.5,-172.5
2025-06-30,0.005306176257332984,0.0015189762755576375,1,22877.25,22912.0,69.5,66.5,67.5
2025-07-01,-0.008139839385474912,-0.0009790763679566883,-1,22725.5,22703.25,44.5,41.5,42.5
2025-07-02,0.005318621783224842,0.0010077111812127892,1,22824.0,22847.0,46.0,43.0,44.0
2025-07-08,0.0005354430518067499,0.00021843122692821737,1,22890.5,22895.5,10.0,7.0,8.0
2025-07-09,0.006158415409141638,0.0007488116684393198,1,23036.5,23053.75,34.5,31.5,32.5
2025-07-10,-0.001084422274033492,-0.0006079357325082801,-1,23028.75,23014.75,28.0,25.0,26.0
2025-07-11,-0.001488176061004376,-0.0007615151976675394,-1,22980.5,22963.0,35.0,32.0,33.0
2025-07-14,0.0034512041109611147,-0.00010849634909781969,1,23042.25,23039.75,-5.0,-8.0,-7.0
2025-07-15,0.0021701624366583516,-0.0006929481696423823,1,23089.75,23073.75,-32.0,-35.0,-34.0
2025-07-16,-7.584376185054698e-05,0.00039008321775302335,-1,23072.0,23081.0,-18.0,-21.0,-20.0
2025-07-17,0.007831116502751145,7.523079733906535e-05,1,23261.75,23263.5,3.5,0.5,1.5
2025-07-18,-0.002192275452962744,0.0001292407108239857,-1,23212.5,23215.5,-6.0,-9.0,-8.0
2025-07-21,0.006601193168357389,-0.0013372559507889292,1,23368.75,23337.5,-62.5,-65.5,-64.5
2025-07-22,-0.004220674879485853,0.0002043977795946894,-1,23239.0,23243.75,-9.5,-12.5,-11.5
2025-07-23,0.0021188491529982034,0.0003863821749023888,1,23293.0,23302.0,18.0,15.0,16.0
2025-07-24,0.004870826538494466,-0.0010996989173838179,1,23415.5,23389.75,-51.5,-54.5,-53.5
2025-07-25,0.00212700007481903,-0.000703939930459252,1,23439.5,23423.0,-33.0,-36.0,-35.0
2025-07-28,0.0016650300986209565,0.001363907595260505,1,23462.0,23494.0,64.0,61.0,62.0
2025-07-29,-0.0015110240912573625,-0.0007992838416778225,-1,23458.5,23439.75,37.5,34.5,35.5
2025-07-30,-0.0019198156976930614,0.0038042723260560685,-1,23394.75,23483.75,-178.0,-181.0,-180.0
2025-07-31,-0.004460531218395736,-0.001283202874374445,-1,23379.0,23349.0,60.0,57.0,58.0
2025-08-01,-0.020214998501006498,0.0007758884469117877,-1,22877.0,22894.75,-35.5,-38.5,-37.5
2025-08-04,0.016237346990030543,0.0015150538327637353,1,23266.5,23301.75,70.5,67.5,68.5
2025-08-05,-0.005600437735363228,-0.0021146895398392873,-1,23171.25,23122.25,98.0,95.0,96.0
2025-08-06,0.013331315075306271,-0.00030942574849024407,1,23430.5,23423.25,-14.5,-17.5,-16.5
2025-08-07,-0.0011633739980574376,0.0033980167550009543,-1,23396.0,23475.5,-159.0,-162.0,-161.0
2025-08-08,0.009882643607164843,0.00021090372245069489,1,23707.5,23712.5,10.0,7.0,8.0
2025-08-11,-0.0021191354770691007,-0.0017644137814450955,-1,23662.25,23620.5,83.5,80.5,81.5
2025-08-12,0.01282784022353467,0.0007105983656237047,1,23923.5,23940.5,34.0,31.0,32.0
2025-08-13,-0.00018796599903925237,0.0007833389037432692,-1,23936.0,23954.75,-37.5,-40.5,-39.5
2025-08-14,-0.0011062524134044516,0.0004492597661760467,-1,23928.25,23939.0,-21.5,-24.5,-23.5
2025-08-15,-0.005503571577760158,-0.00030452908252742716,-1,23807.25,23800.0,14.5,11.5,12.5
2025-08-18,-0.00035714285714283367,0.0007986045436394473,-1,23791.5,23810.5,-38.0,-41.0,-40.0
2025-08-19,-0.014751895172297913,5.3283885887323024e-05,-1,23459.25,23460.5,-2.5,-5.5,-4.5
2025-08-20,-0.005999445877112541,0.00030017474458343685,-1,23319.75,23326.75,-14.0,-17.0,-16.0
2025-08-21,-0.003858231429581971,-0.0013663700818745683,-1,23236.75,23205.0,63.5,60.5,61.5
2025-08-22,0.015966386554621792,-0.0006574621959237748,1,23575.5,23560.0,-31.0,-34.0,-33.0
2025-08-25,-0.0003077249575551555,-0.001698315483329993,-1,23552.75,23512.75,80.0,77.0,78.0
2025-08-26,0.0023178913568171478,0.0008486352883769754,1,23567.25,23587.25,40.0,37.0,38.0
2025-08-27,0.00043455680505366523,0.001970547727513594,1,23597.5,23644.0,93.0,90.0,91.0
2025-08-28,0.00565682625613273,-1.0514030974295707e-05,1,23777.75,23777.5,-0.5,-3.5,-2.5
2025-09-15,0.031069288192619116,0.0012032835364299554,1,24516.25,24545.75,59.0,56.0,57.0
2025-09-16,-0.00036666225313952694,-8.15103874800549e-05,-1,24536.75,24534.75,4.0,1.0,2.0
2025-09-17,-0.00017322369292538387,-0.002853590428242403,-1,24530.5,24460.5,140.0,137.0,138.0
2025-09-18,0.010660043743995429,-0.000546088891136165,1,24721.25,24707.75,-27.0,-30.0,-29.0
2025-09-19,0.005605528629681,0.0015797152487799782,1,24846.25,24885.5,78.5,75.5,76.5
2025-09-22,0.0052942476542565675,-0.0005296345521590418,1,25017.25,25004.0,-26.5,-29.5,-28.5
2025-09-23,-0.008058710606303032,0.00080637032557207,-1,24802.5,24822.5,-40.0,-43.0,-42.0
2025-09-24,-0.0039983885587672185,0.0009302984033248141,-1,24723.25,24746.25,-46.0,-49.0,-48.0
2025-09-25,-0.005586705056321639,0.0009143368010402497,-1,24608.0,24630.5,-45.0,-48.0,-47.0
2025-09-26,0.0038570065569112355,0.0002224424177468265,1,24725.5,24731.0,11.0,8.0,9.0
2025-09-29,0.003103392503335911,0.0010379820822121744,1,24807.75,24833.5,51.5,48.5,49.5
2025-09-30,0.0011476433044073087,0.0017094360872014214,1,24862.0,24904.5,85.0,82.0,83.0
2025-10-01,0.00478829127266156,0.00016983865327935277,1,25023.75,25028.0,8.5,5.5,6.5
2025-10-02,0.0037258270736775234,-0.0006468627158282558,1,25121.25,25105.0,-32.5,-35.5,-34.5
2025-10-03,-0.00401314479187409,-0.0006498895187817544,-1,25004.25,24988.0,32.5,29.5,30.5
2025-10-06,0.009414518969105279,-0.0010307950006442912,1,25223.25,25197.25,-52.0,-55.0,-54.0
2025-10-07,-0.006498725059282284,2.9959853795835656e-05,-1,25033.5,25034.25,-1.5,-4.5,-3.5
2025-10-08,0.011084813805086968,0.0010469446008276595,1,25311.75,25338.25,53.0,50.0,51.0
2025-10-09,-0.0028908863082494074,0.0003661191371462369,-1,25265.0,25274.25,-18.5,-21.5,-20.5
2025-10-10,-0.029407400813080464,-0.005146549264196332,-1,24531.0,24404.75,252.5,249.5,250.5
2025-10-13,0.020887327262110844,0.0006923678982118098,1,24914.5,24931.75,34.5,31.5,32.5
2025-10-14,-0.001213312342695505,-0.005361122823926312,-1,24901.5,24768.0,267.0,264.0,265.0
2025-10-15,0.007095849483204075,-0.0012027060886995455,1,24943.75,24913.75,-60.0,-63.0,-62.0
2025-10-16,-0.0071446490391852135,0.003234185339033635,-1,24735.75,24815.75,-160.0,-163.0,-162.0
2025-10-17,0.00845229340237541,-0.0007792052106850855,1,25025.5,25006.0,-39.0,-42.0,-41.0
2025-10-20,0.012626969527313348,-0.00035542567160640193,1,25321.75,25312.75,-18.0,-21.0,-20.0
2025-10-21,-0.0001678995763004787,6.914672935964816e-05,-1,25308.5,25310.25,-3.5,-6.5,-5.5
2025-10-22,-0.01190229254946118,0.0008996761165980249,-1,25009.0,25031.5,-45.0,-48.0,-47.0
2025-10-23,0.009717755627908886,-0.0006824993323376605,1,25274.75,25257.5,-34.5,-37.5,-36.5
2025-10-24,0.012016232802138038,-0.0019756660537537662,1,25561.0,25510.5,-101.0,-104.0,-103.0
2025-10-27,0.016326610611316905,0.0017549272958692352,1,25927.0,25972.5,91.0,88.0,89.0
2025-10-28,0.009741072287996921,-0.0019732702903662025,1,26225.5,26173.75,-103.5,-106.5,-105.5
2025-10-29,0.0007068150341467128,0.0024052916416115178,1,26192.25,26255.25,126.0,123.0,124.0
2025-10-30,-0.012502261452471464,-0.0015427932271376843,-1,25927.0,25887.0,80.0,77.0,78.0
2025-10-31,0.007677598794761931,-0.002788878985653054,1,26085.75,26013.0,-145.5,-148.5,-147.5
2025-11-03,0.003325260446699785,3.8314910247416734e-05,1,26099.5,26100.5,2.0,-1.0,0.0
2025-11-04,-0.018390452290185988,-0.0019222887921781506,-1,25620.5,25571.25,98.5,95.5,96.5
2025-11-05,0.010265434814488827,-0.0035225238302607487,1,25833.75,25742.75,-182.0,-185.0,-184.0
2025-11-06,-0.015101339212011178,-0.004062475349057348,-1,25354.0,25251.0,206.0,203.0,204.0
2025-11-07,-0.007742267632965039,0.004420187184450475,-1,25055.5,25166.25,-221.5,-224.5,-223.5
2025-11-10,0.021616251924700736,0.0004472924222829189,1,25710.25,25721.75,23.0,20.0,21.0
2025-11-11,-0.002429850224032193,-0.0012471136139988737,-1,25659.25,25627.25,64.0,61.0,62.0
2025-11-12,-0.0009560136183164314,-0.00028317270605693334,-1,25602.75,25595.5,14.5,11.5,12.5
2025-11-13,-0.020443046629290307,0.00045867443089475657,-1,25072.25,25083.75,-23.0,-26.0,-25.0
2025-11-14,0.0022624208900183795,-0.0023169785803782705,1,25140.5,25082.25,-116.5,-119.5,-118.5
2025-11-17,-0.011701502058228397,0.003832383641773074,-1,24788.75,24883.75,-190.0,-193.0,-192.0
2025-11-18,-0.007645551815944174,-0.0036345597019458165,-1,24693.5,24603.75,179.5,176.5,177.5
2025-11-19,0.00684854950972924,-0.002159674635933362,1,24772.25,24718.75,-107.0,-110.0,-109.0
2025-11-20,-0.01724399494311002,-0.006720181125861924,-1,24292.5,24129.25,326.5,323.5,324.5
2025-11-21,0.010754582094345988,-0.0038439854441084664,1,24388.75,24295.0,-187.5,-190.5,-189.5
2025-11-24,0.026384029635727613,0.00048123195380167516,1,24936.0,24948.0,24.0,21.0,22.0
2025-11-25,0.00399831649831639,0.002026130091525191,1,25047.75,25098.5,101.5,98.5,99.5
2025-11-26,0.009851186325876116,-0.0013414477772407674,1,25345.75,25311.75,-68.0,-71.0,-70.0
2025-12-15,0.002281549082935763,-0.0012416484361141844,1,25369.5,25338.0,-63.0,-66.0,-65.0
2025-12-16,0.0014010576998972901,0.0013399806885137089,1,25373.5,25407.5,68.0,65.0,66.0
2025-12-17,-0.01780970185968711,-0.0026147064716489643,-1,24955.0,24889.75,130.5,127.5,128.5
2025-12-18,0.016784017517251115,-0.001827521485725625,1,25307.5,25261.25,-92.5,-95.5,-94.5
2025-12-19,0.012717106239794163,-0.0007329228965112788,1,25582.5,25563.75,-37.5,-40.5,-39.5
2025-12-22,0.004879956970319288,0.00038927924946952075,1,25688.5,25698.5,20.0,17.0,18.0
2025-12-23,0.0038718213125279455,0.0007171098534770604,1,25798.0,25816.5,37.0,34.0,35.0
2025-12-26,0.0021982065733154865,-0.0002705496990134115,1,25873.25,25866.25,-14.0,-17.0,-16.0
2025-12-29,-0.004484608321654648,-0.0003203852389782602,-1,25750.25,25742.0,16.5,13.5,14.5
2025-12-30,-0.0014470515111491,-0.0007877921395851306,-1,25704.75,25684.5,40.5,37.5,38.5
2025-12-31,-0.008059335396834677,-0.0004906289863605418,-1,25477.5,25465.0,25.0,22.0,23.0
2026-01-06,0.022383663852346247,0.0007681966583445998,1,26035.0,26055.0,40.0,37.0,38.0
2026-01-07,0.0011514104778354017,-0.0012555108299788786,1,26085.0,26052.25,-65.5,-68.5,-67.5
2026-01-08,-0.005959178189983594,0.0006661003205004068,-1,25897.0,25914.25,-34.5,-37.5,-36.5
2026-01-09,0.010814513250431812,-0.0005535513180248142,1,26194.5,26180.0,-29.0,-32.0,-31.0
2026-01-14,-0.014820473644003074,0.002384460297766733,-1,25792.0,25853.5,-123.0,-126.0,-125.0
2026-01-15,0.003896957858703809,-0.0011847770596338236,1,25954.25,25923.5,-61.5,-64.5,-63.5
2026-01-16,0.0008775821166122633,-0.0006070241364358742,1,25946.25,25930.5,-31.5,-34.5,-33.5
2026-01-21,-0.008233547367000216,-0.0003402418633589033,-1,25717.0,25708.25,17.5,14.5,15.5
2026-01-22,0.005076191494948201,0.0015093609404479569,1,25838.75,25877.75,78.0,75.0,76.0
2026-01-30,-0.0018935185632444895,0.002410105018632258,-1,25828.75,25891.0,-124.5,-127.5,-126.5
2026-02-03,-0.012880923873160532,0.004685513058789059,-1,25557.5,25677.25,-239.5,-242.5,-241.5
2026-02-04,-0.015470893495214688,-0.0026503164556962444,-1,25280.0,25213.0,134.0,131.0,132.0
2026-02-05,-0.01408003807559588,0.000623541716952225,-1,24858.0,24873.5,-31.0,-34.0,-33.0
2026-02-06,0.018362916356765124,0.0030990613989203553,1,25330.25,25408.75,157.0,154.0,155.0
2026-02-12,-0.015378560535248664,-0.0011991366216324018,-1,25018.0,24988.0,60.0,57.0,58.0
2026-02-13,-0.0003001440691532409,0.001371069434158656,-1,24980.5,25014.75,-68.5,-71.5,-70.5
2026-02-17,-0.0007095813470052725,-0.000730087610513297,-1,24997.0,24978.75,36.5,33.5,34.5
2026-02-18,0.004613921833558576,0.004423368135809458,1,25094.0,25205.0,222.0,219.0,220.0
2026-02-20,0.001190240031739842,0.0021596988309886544,1,25235.0,25289.5,109.0,106.0,107.0
2026-02-23,-0.014235156883291467,0.0013738743255982122,-1,24929.5,24963.75,-68.5,-71.5,-70.5
2026-02-24,0.010244855039807765,0.0015166835187057082,1,25219.5,25257.75,76.5,73.5,74.5
2026-02-25,0.01315437835911748,0.0002930832356389246,1,25590.0,25597.5,15.0,12.0,13.0
2026-02-26,-0.013516945014161563,0.0016830683325743667,-1,25251.5,25294.0,-85.0,-88.0,-87.0
2026-02-27,-0.0038151340238792297,0.0009822403016173098,-1,25197.5,25222.25,-49.5,-52.5,-51.5
2026-03-02,-0.0012786329530474205,0.0030766177054386556,-1,25190.0,25267.5,-155.0,-158.0,-157.0
2026-03-03,-0.010794498862174762,-0.0009001890396983514,-1,24994.75,24972.25,45.0,42.0,43.0
2026-03-05,0.008088978766430666,0.0037637665471661474,1,25174.25,25269.0,189.5,186.5,187.5
2026-03-06,-0.015958288812378818,0.001457828539255912,-1,24865.75,24902.0,-72.5,-75.5,-74.5
2026-03-09,0.010822423901694744,0.0022346701626840826,1,25171.5,25227.75,112.5,109.5,110.5
2026-03-10,-0.0004459375092903395,-0.0012095255090912582,-1,25216.5,25186.0,61.0,58.0,59.0
2026-03-12,-0.01433335980306516,-0.002286002014098676,-1,24825.0,24768.25,113.5,110.5,111.5
2026-03-13,-0.0072269942365730255,0.0007218601624694454,-1,24589.25,24607.0,-35.5,-38.5,-37.5
2026-03-16,0.011866542040882777,-0.0004618659383911483,1,24899.0,24887.5,-23.0,-26.0,-25.0
2026-03-17,0.004791562029131002,-5.9983804372776284e-05,1,25006.75,25005.25,-3.0,-6.0,-5.0
2026-03-18,-0.011347617000429855,-0.0027506421535909986,-1,24721.5,24653.5,136.0,133.0,134.0
2026-03-19,-0.002281623298923119,-0.00038622203701632607,-1,24597.25,24587.75,19.0,16.0,17.0
2026-03-20,-0.021504611035983334,0.0018600108067667875,-1,24059.0,24103.75,-89.5,-92.5,-91.5
2026-03-23,0.015371052222164616,-0.002625208126908918,1,24474.25,24410.0,-128.5,-131.5,-130.5
2026-03-24,-0.005858254813601027,-0.0027403469732558694,-1,24267.0,24200.5,133.0,130.0,131.0
2026-03-25,0.006342844156112415,0.00040034491254004045,1,24354.0,24363.75,19.5,16.5,17.5
2026-03-26,-0.02139448976450664,-0.002327776030198181,-1,23842.5,23787.0,111.0,108.0,109.0
2026-03-27,-0.01917013494766051,0.00017144571600025138,-1,23331.0,23335.0,-8.0,-11.0,-10.0
2026-03-30,-0.01272766230983502,0.004449170934976987,-1,23038.0,23140.5,-205.0,-208.0,-207.0
2026-03-31,0.0320541907046088,0.000942122287472813,1,23882.25,23904.75,45.0,42.0,43.0
2026-04-01,0.013773413233771459,-0.0012069819262193748,1,24234.0,24204.75,-58.5,-61.5,-60.5
2026-04-02,-0.0023962238816761516,0.0026297534864940797,-1,24146.75,24210.25,-127.0,-130.0,-129.0
2026-04-06,0.005183754814592989,0.0008834739015646242,1,24335.75,24357.25,43.0,40.0,41.0
2026-04-07,-0.005778566956450293,0.005058534470299136,-1,24216.5,24339.0,-245.0,-248.0,-247.0
2026-04-08,0.0254324335428735,0.0037162432887249963,1,24958.0,25050.75,185.5,182.5,183.5
2026-04-09,0.006866061894354569,0.001040727121348839,1,25222.75,25249.0,52.5,49.5,50.5
2026-04-10,0.0018119529486315678,-0.0003656885322053105,1,25294.75,25285.5,-18.5,-21.5,-20.5
2026-04-13,0.0068616400703960245,0.0031914057897011183,1,25459.0,25540.25,162.5,159.5,160.5
2026-04-14,0.017531151809398793,0.00019239649068802933,1,25988.0,25993.0,10.0,7.0,8.0
2026-04-15,0.013205478398030213,0.0012435331529736526,1,26336.25,26369.0,65.5,62.5,63.5
2026-04-16,0.0028916530774774074,0.00176780329170656,1,26445.25,26492.0,93.5,90.5,91.5
2026-04-17,0.010814585535255938,0.001783146927572421,1,26778.5,26826.25,95.5,92.5,93.5
2026-04-20,-0.003671776711243635,0.0005612144681090836,-1,26727.75,26742.75,-30.0,-33.0,-32.0
2026-04-21,0.0013181142552654013,-0.005722981552020334,1,26778.0,26624.75,-306.5,-309.5,-308.5
2026-04-22,0.015784185767002468,0.001340358661490182,1,27045.0,27081.25,72.5,69.5,70.5
2026-04-23,-0.00612970228479115,0.0008173804813256247,-1,26915.25,26937.25,-44.0,-47.0,-46.0
2026-04-24,0.018051211612172713,0.0005652086713949789,1,27423.5,27439.0,31.0,28.0,29.0
2026-04-27,-0.0005740005102227164,0.0007840062720501084,-1,27423.25,27444.75,-43.0,-46.0,-45.0
2026-04-28,-0.009382486632233844,-0.00022988717137628623,-1,27187.25,27181.0,12.5,9.5,10.5
2026-04-29,0.004764357455575574,-0.0006133172223137251,1,27310.5,27293.75,-33.5,-36.5,-35.5
2026-04-30,0.010945729333638576,-0.00017214822868527602,1,27592.5,27587.75,-9.5,-12.5,-11.5
2026-05-01,0.011182499478935348,-0.002446565398575129,1,27896.25,27828.0,-136.5,-139.5,-138.5
2026-05-04,-0.0017787839586028698,-0.000260993214176386,-1,27778.5,27771.25,14.5,11.5,12.5
2026-05-05,0.01422334248548407,-0.0009674699329871306,1,28166.25,28139.0,-54.5,-57.5,-56.5
2026-05-06,0.019732399872063766,0.0006882912081689341,1,28694.25,28714.0,39.5,36.5,37.5
2026-05-07,-0.0035783938148638006,0.0025252304600462683,-1,28611.25,28683.5,-144.5,-147.5,-146.5
2026-05-08,0.02018582111666989,0.0023665100384451243,1,29262.5,29331.75,138.5,135.5,136.5
2026-05-11,0.0017131606535580879,0.0013954121571029265,1,29382.0,29423.0,82.0,79.0,80.0
2026-05-12,-0.012770621622540168,0.004484073363227203,-1,29047.25,29177.5,-260.5,-263.5,-262.5
2026-05-13,0.011944135035558245,-0.0015410146989094375,1,29526.0,29480.5,-91.0,-94.0,-93.0
2026-05-14,0.007420159088210809,-0.00037879744437996354,1,29699.25,29688.0,-22.5,-25.5,-24.5
2026-05-15,-0.013380827270277562,-0.0021849901419389584,-1,29290.75,29226.75,128.0,125.0,126.0
2026-05-18,-0.010401430196652073,0.0057912888643023575,-1,28922.75,29090.25,-335.0,-338.0,-337.0
2026-05-19,-0.003884463007365002,-0.00238980579592607,-1,28977.25,28908.0,138.5,135.5,136.5
2026-05-20,0.014969904524699151,0.0012951270843450935,1,29340.75,29378.75,76.0,73.0,74.0
2026-05-21,0.0016423435306132106,0.0008325687293981865,1,29427.0,29451.5,49.0,46.0,47.0
2026-05-22,0.003378435733324192,0.0007698555040438482,1,29551.0,29573.75,45.5,42.5,43.5
2026-05-26,0.016196796145230064,0.0006322216768848143,1,30052.75,30071.75,38.0,35.0,36.0
2026-05-27,-0.0014964210596323246,0.0007826354833606608,-1,30026.75,30050.25,-47.0,-50.0,-49.0
2026-05-28,0.008510744502957523,0.0002969708968521001,1,30306.0,30315.0,18.0,15.0,16.0
2026-05-29,0.002210126999835138,0.0007241129616220032,1,30382.0,30404.0,44.0,41.0,42.0
2026-06-01,0.007260557821339386,-0.0020898129780650976,1,30624.75,30560.75,-128.0,-131.0,-130.0
2026-06-02,0.003378516561275413,0.0016387294547350884,1,30664.0,30714.25,100.5,97.5,98.5
2026-06-03,-0.0025802355584134684,0.00017137261302435647,-1,30635.0,30640.25,-10.5,-13.5,-12.5
2026-06-04,-0.0014931340312170915,-0.0030969618722319625,-1,30594.5,30499.75,189.5,186.5,187.5
2026-06-05,-0.0441069189091714,-0.003404277212780138,-1,29154.5,29055.25,198.5,195.5,196.5
2026-06-08,0.013147365794477839,0.0008152935481404722,1,29437.25,29461.25,48.0,45.0,46.0
2026-06-09,-0.017268445839874413,0.005327691909161603,-1,28952.5,29106.75,-308.5,-311.5,-310.5
2026-06-10,-0.01923952347823099,0.0024871482743218376,-1,28546.75,28617.75,-142.0,-145.0,-144.0
2026-06-11,0.028173074403123888,0.0020136623164763723,1,29424.0,29483.25,118.5,115.5,116.5
