regression_lookback,regression_timeframe,sl_multiplier,tp_multiplier,min_gap_atr_ratio,gate_mode,band_k,n_trades,n_candidate_bars,pf,total_pnl
10,15min,3.0,6.0,0.25,combined,2.0,1,225,inf,311.0
100,15min,3.0,10.0,0.25,position,2.0,1,125,inf,1196.0
100,15min,3.0,10.0,0.25,position,2.5,1,75,inf,1196.0
100,15min,3.0,8.0,0.25,position,2.0,1,125,inf,956.0
100,15min,3.0,8.0,0.25,position,2.5,1,75,inf,956.0
150,15min,7.0,8.0,0.25,position,2.5,1,73,inf,956.0
150,15min,7.0,10.0,0.25,position,2.5,1,73,inf,1196.0
10,15min,7.0,10.0,0.25,combined,2.0,1,225,inf,359.75
100,15min,5.0,8.0,0.25,position,2.5,1,75,inf,956.0
100,15min,5.0,8.0,0.25,position,2.0,1,125,inf,956.0
100,15min,5.0,6.0,0.25,position,2.5,1,75,inf,716.0
100,15min,5.0,6.0,0.25,position,2.0,1,125,inf,716.0
100,15min,7.0,8.0,0.25,position,2.0,1,125,inf,956.0
100,15min,7.0,8.0,0.25,position,2.5,1,75,inf,956.0
100,15min,7.0,10.0,0.25,position,2.0,1,125,inf,1196.0
100,15min,7.0,10.0,0.25,position,2.5,1,75,inf,1196.0
100,15min,7.0,6.0,0.25,position,2.5,1,75,inf,716.0
100,15min,5.0,10.0,0.25,position,2.0,1,125,inf,1196.0
100,15min,5.0,10.0,0.25,position,2.5,1,75,inf,1196.0
100,15min,7.0,6.0,0.25,position,2.0,1,125,inf,716.0
20,15min,7.0,10.0,0.25,combined,2.0,1,300,inf,289.75
20,15min,5.0,10.0,0.25,combined,2.0,1,300,inf,289.75
20,15min,7.0,6.0,0.25,combined,2.0,1,300,inf,289.75
150,15min,3.0,8.0,0.25,position,2.5,1,73,inf,956.0
150,15min,3.0,6.0,0.25,position,2.5,1,73,inf,716.0
20,15min,5.0,8.0,0.25,combined,2.0,1,300,inf,289.75
20,15min,5.0,6.0,0.25,combined,2.0,1,300,inf,289.75
20,15min,7.0,8.0,0.25,combined,2.0,1,300,inf,289.75
10,15min,7.0,8.0,0.25,combined,2.0,1,225,inf,416.0
10,15min,5.0,8.0,0.25,combined,2.0,1,225,inf,416.0
10,15min,7.0,6.0,0.25,combined,2.0,1,225,inf,311.0
100,15min,3.0,6.0,0.25,position,2.5,1,75,inf,716.0
10,15min,5.0,10.0,0.25,combined,2.0,1,225,inf,359.75
150,15min,7.0,6.0,0.25,position,2.5,1,73,inf,716.0
150,15min,5.0,10.0,0.25,position,2.5,1,73,inf,1196.0
150,15min,5.0,8.0,0.25,position,2.5,1,73,inf,956.0
10,15min,3.0,8.0,0.25,combined,2.0,1,225,inf,416.0
10,15min,5.0,6.0,0.25,combined,2.0,1,225,inf,311.0
100,15min,3.0,6.0,0.25,position,2.0,1,125,inf,716.0
150,15min,5.0,6.0,0.25,position,2.5,1,73,inf,716.0
150,15min,3.0,10.0,0.25,position,2.5,1,73,inf,1196.0
10,15min,3.0,10.0,0.25,combined,2.0,1,225,inf,359.75
150,15min,5.0,8.0,0.25,position,2.0,3,358,7.68503937007874,1698.0
150,15min,5.0,6.0,0.25,position,2.0,3,358,5.755905511811024,1208.0
150,15min,7.0,8.0,0.25,position,2.0,3,358,5.5141242937853105,1598.0
150,15min,3.0,10.0,0.25,position,2.0,4,363,4.440900562851782,1834.0
150,15min,7.0,6.0,0.25,position,2.0,3,358,4.129943502824859,1108.0
150,15min,5.0,8.0,0.25,combined,2.0,2,310,3.921259842519685,742.0
10,5min,3.0,10.0,0.25,combined,2.0,2,497,3.757401315789474,838.25
150,15min,3.0,8.0,0.25,position,2.0,4,363,3.549718574108818,1359.0
10,5min,3.0,8.0,0.25,combined,2.0,2,497,3.473684210526316,752.0
20,15min,3.0,10.0,0.35,combined,1.5,2,686,3.2664092664092665,587.0
20,15min,3.0,10.0,0.25,position,2.5,2,195,3.1556728232189974,817.0
100,15min,7.0,8.0,0.25,position,1.5,6,641,2.9928057553956835,1869.75
150,15min,5.0,6.0,0.25,combined,2.0,2,310,2.937007874015748,492.0
150,15min,7.0,8.0,0.25,combined,2.0,2,310,2.8135593220338984,642.0
20,15min,5.0,10.0,0.25,combined,1.5,4,657,2.664335664335664,714.0
150,15min,3.0,6.0,0.25,position,2.0,4,363,2.658536585365854,884.0
20,15min,3.0,8.0,0.35,combined,1.5,2,686,2.61003861003861,417.0
10,5min,3.0,6.0,0.25,combined,2.0,2,497,2.601973684210526,487.0
20,15min,3.0,8.0,0.25,position,2.5,2,195,2.5224274406332454,577.0
20,15min,5.0,8.0,0.25,combined,1.5,4,657,2.3263403263403264,569.0
10,5min,5.0,10.0,0.25,combined,2.0,2,497,2.2663690476190474,638.25
100,15min,7.0,6.0,0.25,position,1.5,6,641,2.2414068745003997,1164.75
150,15min,3.0,10.0,0.25,combined,2.0,3,315,2.196998123827392,638.0
150,15min,7.0,6.0,0.25,combined,2.0,2,310,2.1073446327683616,392.0
10,5min,5.0,8.0,0.25,combined,2.0,2,497,2.0952380952380953,552.0
20,15min,5.0,6.0,0.25,combined,1.5,4,657,1.9883449883449884,424.0
20,15min,5.0,10.0,0.35,combined,1.5,2,676,1.972027972027972,417.0
20,15min,3.0,6.0,0.35,combined,1.5,2,686,1.9536679536679538,247.0
20,15min,7.0,10.0,0.25,combined,1.5,4,657,1.9081803005008346,544.0
20,15min,5.0,10.0,0.25,position,2.5,2,195,1.9014308426073132,567.0
20,15min,3.0,6.0,0.25,position,2.5,2,195,1.8891820580474934,337.0
100,15min,5.0,8.0,0.25,combined,1.5,3,543,1.8686679174484053,463.0
100,15min,5.0,8.0,0.35,slope,1.5,39,7326,1.8546309330925124,8044.0
100,5min,7.0,10.0,0.25,position,2.5,3,286,1.831146408839779,601.75
150,5min,7.0,10.0,0.25,position,2.0,3,405,1.831146408839779,601.75
150,5min,7.0,10.0,0.25,position,2.5,3,281,1.831146408839779,601.75
150,15min,5.0,8.0,0.35,slope,1.5,30,7282,1.8107238424279375,5983.75
10,5min,7.0,8.0,0.25,combined,1.5,18,2142,1.7813125388171969,2830.5
20,5min,5.0,10.0,0.25,combined,1.5,21,2262,1.7804610318331504,3377.25
150,15min,3.0,8.0,0.25,combined,2.0,3,315,1.7560975609756098,403.0
150,15min,7.0,8.0,0.35,slope,1.5,30,7281,1.7202267266342184,5845.0
10,5min,7.0,10.0,0.25,combined,1.5,18,2142,1.6881512663032228,2493.0
20,15min,7.0,8.0,0.25,combined,1.5,4,657,1.666110183639399,399.0
20,5min,7.0,10.0,0.25,combined,1.5,21,2262,1.6605420550676222,3064.75
20,5min,3.0,10.0,0.25,combined,2.0,11,872,1.656093489148581,1277.25
20,15min,7.0,10.0,0.25,position,2.5,2,195,1.6519337016574585,472.0
10,5min,7.0,10.0,0.25,combined,2.0,2,497,1.6225142045454546,438.25
10,5min,5.0,8.0,0.25,combined,1.5,18,2182,1.6174286298289842,2265.5
100,15min,7.0,8.0,0.35,slope,1.5,39,7322,1.615124809877427,6875.25
20,5min,5.0,8.0,0.25,combined,1.5,22,2274,1.5769500674763832,2672.0
20,15min,5.0,8.0,0.35,combined,1.5,2,676,1.5757575757575757,247.0
20,5min,5.0,8.0,0.35,slope,1.5,77,17969,1.573289097059589,11015.75
10,5min,5.0,6.0,0.25,combined,2.0,2,497,1.5694444444444444,287.0
20,5min,7.0,8.0,0.25,combined,1.5,22,2274,1.5584422512670046,2617.0
20,5min,3.0,10.0,0.25,combined,1.5,22,2271,1.5480076368787337,2224.5
100,15min,5.0,8.0,0.25,position,1.5,6,643,1.5373104941917701,682.25
10,5min,7.0,6.0,0.25,combined,1.5,18,2142,1.5342626457801394,1935.5
10,5min,5.0,10.0,0.25,combined,1.5,18,2182,1.5254479798323908,1928.0
20,5min,3.0,10.0,0.25,combined,2.5,4,246,1.5242434103481939,402.75
20,15min,5.0,8.0,0.25,position,2.5,2,195,1.5198728139904611,327.0
10,5min,3.0,8.0,0.25,combined,1.5,19,2190,1.514827828531272,1831.5
20,5min,3.0,8.0,0.25,combined,2.0,11,872,1.5032746885835366,979.75
10,5min,7.0,8.0,0.25,combined,2.0,2,497,1.5,352.0
100,5min,7.0,8.0,0.25,position,2.5,3,286,1.4996546961325967,361.75
150,5min,7.0,8.0,0.25,position,2.5,3,281,1.4996546961325967,361.75
150,5min,7.0,8.0,0.25,position,2.0,3,405,1.4996546961325967,361.75
100,5min,7.0,8.0,0.25,position,1.5,7,981,1.4797104210325775,629.5
20,5min,7.0,8.0,0.25,slope,1.5,158,14611,1.4730799011835847,16038.0
150,15min,7.0,8.0,0.25,slope,1.5,59,6259,1.4667738478027867,6750.25
20,5min,3.0,6.0,0.25,combined,2.0,11,872,1.461399431964885,893.5
20,5min,3.0,8.0,0.25,combined,1.5,23,2279,1.4405231838802806,1869.25
20,15min,5.0,8.0,0.35,slope,1.5,49,11474,1.438485316846986,5674.0
10,5min,3.0,10.0,0.25,combined,1.5,19,2190,1.4283907238229094,1524.0
20,15min,7.0,6.0,0.25,combined,1.5,4,657,1.4240400667779634,254.0
20,5min,3.0,6.0,0.25,combined,2.5,4,246,1.4142480211081794,314.0
20,15min,7.0,10.0,0.35,combined,1.5,2,676,1.4123539232053421,247.0
20,5min,5.0,6.0,0.35,slope,1.5,78,18050,1.4117110205809216,7781.75
20,5min,5.0,6.0,0.25,combined,1.5,22,2274,1.406459640770396,1878.25
20,5min,5.0,10.0,0.25,combined,2.0,10,869,1.4034927519689533,883.75
20,5min,7.0,8.0,0.35,slope,1.5,77,17831,1.4028531607990664,8888.25
100,15min,5.0,6.0,0.25,combined,1.5,3,543,1.399624765478424,213.0
100,15min,5.0,6.0,0.35,slope,1.5,38,7382,1.3991341071476002,3756.75
20,5min,7.0,6.0,0.25,combined,1.5,22,2274,1.3899165953806671,1823.25
100,15min,5.0,10.0,0.35,slope,1.5,39,7305,1.388736653122933,4114.0
20,15min,3.0,10.0,0.25,combined,1.5,4,667,1.3862713241267262,237.75
10,5min,5.0,6.0,0.25,combined,1.5,18,2182,1.3687402057641207,1353.0
150,15min,5.0,6.0,0.35,slope,1.5,29,7314,1.3646648375842563,2691.5
20,5min,7.0,6.0,0.25,slope,1.5,164,14860,1.3632373287262358,12930.25
20,5min,5.0,10.0,0.35,slope,1.5,77,17897,1.356535815459328,7268.25
150,15min,5.0,10.0,0.25,position,2.0,3,358,1.3544733861834655,313.0
100,15min,7.0,8.0,0.25,combined,1.5,3,541,1.3405114401076716,253.0
150,15min,5.0,10.0,0.35,slope,1.5,30,7274,1.333284414440857,2838.75
20,5min,3.0,8.0,0.35,slope,1.5,82,18655,1.330988472971337,6152.0
20,5min,7.0,10.0,0.25,combined,2.0,10,869,1.321298087255534,747.5
20,15min,7.0,8.0,0.25,position,2.5,2,195,1.3204419889502763,232.0
100,15min,7.0,8.0,0.25,slope,1.5,65,6421,1.3157302467647296,4910.0
150,15min,3.0,6.0,0.25,combined,2.0,3,315,1.3151969981238274,168.0
20,5min,3.0,8.0,0.25,slope,1.5,172,15604,1.3105967656394708,9809.5
10,5min,5.0,8.0,0.35,slope,1.5,74,18195,1.309702216873083,5982.75
20,5min,3.0,6.0,0.25,combined,1.5,23,2279,1.3084101110323647,1305.5
20,15min,7.0,8.0,0.35,slope,1.5,49,11452,1.3076815715556795,4409.0
20,15min,5.0,10.0,0.35,slope,1.5,49,11400,1.3032412158758,4062.75
20,5min,3.0,6.0,0.25,slope,1.5,176,15856,1.301846602032985,9636.0
10,5min,7.0,8.0,0.25,slope,1.5,160,15150,1.2997075520385344,10888.75
20,5min,7.0,10.0,0.25,slope,1.5,155,14237,1.2975386282430237,10846.25
150,15min,7.0,6.0,0.35,slope,1.5,29,7313,1.2960692502002342,2402.75
20,5min,3.0,6.0,0.35,slope,1.5,83,18749,1.2943716395539115,5351.75
20,15min,5.0,10.0,0.25,position,2.0,4,616,1.2830310880829014,327.75
10,5min,5.0,6.0,0.35,slope,1.5,74,18343,1.2829624843516536,5255.25
10,15min,7.0,8.0,0.25,slope,1.5,145,12657,1.281701438770227,9657.5
20,5min,5.0,8.0,0.25,combined,2.0,10,869,1.281360575276795,616.25
150,15min,7.0,10.0,0.25,slope,1.5,57,6064,1.2755568046090073,3922.0
20,5min,7.0,6.0,0.35,slope,1.5,78,18011,1.267354127672437,5749.25
20,15min,7.0,8.0,0.25,slope,1.5,101,9103,1.2651626823901387,6206.0
20,5min,5.0,6.0,0.25,slope,1.5,161,14921,1.261803338145459,9203.5
150,15min,7.0,6.0,0.25,slope,1.5,61,6309,1.2614529858990189,4023.5
150,15min,7.0,10.0,0.35,slope,1.5,30,7091,1.2609677334663552,2485.0
20,5min,5.0,6.0,0.25,combined,2.0,10,869,1.2568807339449541,560.0
20,5min,5.0,8.0,0.25,slope,1.5,156,14694,1.256582593250444,9028.5
10,15min,3.0,8.0,0.25,slope,1.5,159,14034,1.2515133072342666,7645.25
10,5min,3.0,6.0,0.25,combined,1.5,19,2190,1.249894588896697,889.0
10,15min,3.0,6.0,0.25,slope,1.5,164,14216,1.2380917915188947,7401.5
10,15min,7.0,6.0,0.25,slope,1.5,150,12927,1.2369206016985954,8320.0
10,5min,7.0,6.0,0.25,slope,1.5,165,15475,1.2364149847441899,8852.5
100,5min,7.0,10.0,0.25,position,2.0,4,582,1.2298237476808906,247.75
20,5min,3.0,8.0,0.25,combined,2.5,4,246,1.2183534005857468,167.75
100,15min,7.0,6.0,0.35,slope,1.5,38,7378,1.2181265097969043,2438.0
100,15min,7.0,10.0,0.35,slope,1.5,39,7301,1.2163816845317112,2730.25
10,5min,5.0,10.0,0.35,slope,1.5,74,18152,1.2128524192937733,4216.5
20,15min,7.0,10.0,0.25,slope,1.5,98,8957,1.2111900179199575,4773.0
20,5min,7.0,10.0,0.35,slope,1.5,77,17627,1.2095707113682777,4925.75
20,5min,3.0,10.0,0.25,slope,1.5,172,15377,1.2083976347273366,6819.5
10,15min,5.0,6.0,0.35,slope,1.5,73,15995,1.207339104252917,4131.75
20,5min,7.0,8.0,0.25,combined,2.0,10,869,1.2063185041908446,480.0
10,5min,7.0,8.0,0.35,slope,1.5,74,18040,1.2042832845456966,4414.0
10,5min,7.0,10.0,0.25,slope,1.5,158,14771,1.1901945117734345,7081.75
20,15min,7.0,10.0,0.35,slope,1.5,49,11378,1.1891969568892646,2797.75
20,5min,7.0,10.0,0.25,position,1.5,26,2976,1.1870975073869232,1234.75
20,15min,5.0,6.0,0.35,slope,1.5,49,11504,1.1867344004600786,2435.25
10,5min,7.0,6.0,0.35,slope,1.5,74,18292,1.1834188220742843,3781.5
20,5min,7.0,6.0,0.25,combined,2.0,10,869,1.1829465731246627,423.75
20,15min,5.0,6.0,0.35,combined,1.5,2,676,1.1794871794871795,77.0
10,15min,7.0,10.0,0.25,slope,1.5,142,12333,1.1727331511649737,6210.75
10,5min,5.0,8.0,0.25,slope,1.5,156,15006,1.1718064735850762,6179.75
20,15min,7.0,6.0,0.25,slope,1.5,105,9189,1.1717843004533055,4187.5
10,15min,5.0,6.0,0.25,slope,1.5,151,13080,1.17157670282336,6014.75
10,15min,5.0,8.0,0.25,slope,1.5,145,12910,1.1707264027838191,5887.5
100,5min,7.0,6.0,0.25,position,2.5,3,286,1.1681629834254144,121.75
150,5min,7.0,6.0,0.25,position,2.0,3,405,1.1681629834254144,121.75
150,5min,7.0,6.0,0.25,position,2.5,3,281,1.1681629834254144,121.75
10,15min,3.0,6.0,0.35,slope,1.5,78,16931,1.1620525921195124,2918.0
100,15min,5.0,8.0,0.25,slope,1.5,65,6526,1.1617356057704584,2533.75
10,15min,3.0,10.0,0.25,slope,1.5,159,13842,1.1568834174917362,4947.75
100,15min,5.0,6.0,0.25,position,1.5,6,643,1.1514077574325654,192.25
20,15min,3.0,8.0,0.25,combined,1.5,4,667,1.1506904955320878,92.75
150,15min,5.0,8.0,0.25,slope,1.5,58,6342,1.1492149553823563,2311.75
10,15min,5.0,8.0,0.35,slope,1.5,73,15799,1.1414154317833418,3044.25
150,5min,3.0,10.0,0.25,position,2.5,3,300,1.1385054735840077,145.5
150,5min,3.0,10.0,0.25,position,2.0,3,434,1.1385054735840077,145.5
100,5min,3.0,10.0,0.25,position,2.5,3,305,1.1385054735840077,145.5
20,15min,5.0,6.0,0.25,position,2.5,2,195,1.1383147853736089,87.0
20,15min,3.0,10.0,0.25,position,2.0,4,616,1.1341868183973447,141.5
100,5min,7.0,6.0,0.25,position,1.5,7,981,1.1329777100400076,174.5
20,15min,7.0,8.0,0.35,combined,1.5,2,676,1.1285475792988313,77.0
10,5min,7.0,6.0,0.25,combined,2.0,2,497,1.1235795454545454,87.0
10,5min,7.0,10.0,0.35,slope,1.5,74,17997,1.122301914113761,2702.75
20,5min,3.0,10.0,0.35,slope,1.5,82,18587,1.12216805644644,2380.75
100,15min,7.0,10.0,0.25,slope,1.5,65,6358,1.1188713879677878,2007.5
20,5min,7.0,8.0,0.25,position,1.5,27,2978,1.1184170929882635,787.0
100,15min,7.0,6.0,0.25,slope,1.5,67,6491,1.116783556486626,1923.25
150,15min,5.0,6.0,0.25,slope,1.5,60,6371,1.1142994936098385,1777.5
10,5min,5.0,6.0,0.25,slope,1.5,161,15187,1.1071988170416545,3951.0
10,15min,7.0,6.0,0.35,slope,1.5,73,15943,1.1032721897466908,2305.5
100,15min,5.0,6.0,0.25,slope,1.5,67,6575,1.094468396519083,1484.5
20,5min,3.0,10.0,0.25,position,2.0,14,1182,1.0933446375582874,275.25
20,5min,5.0,10.0,0.25,slope,1.5,154,14387,1.0887595319089214,3320.25
10,5min,3.0,6.0,0.25,slope,1.5,174,16149,1.0876630506390268,2994.0
10,5min,3.0,8.0,0.25,slope,1.5,170,15949,1.0874915164212577,2965.0
20,15min,7.0,6.0,0.35,slope,1.5,49,11482,1.0810927863626913,1170.25
100,15min,3.0,8.0,0.35,slope,1.5,43,7529,1.0774058577405858,888.0
20,15min,5.0,8.0,0.25,position,2.0,4,616,1.075777202072539,87.75
10,15min,3.0,8.0,0.35,slope,1.5,78,16774,1.0730376951790126,1389.25
20,5min,5.0,10.0,0.25,position,1.5,26,2947,1.0725273195517506,521.0
10,5min,3.0,8.0,0.25,position,1.5,28,2886,1.0723519688043064,426.75
20,15min,5.0,6.0,0.25,slope,1.5,102,9100,1.0712593516209477,1714.5
20,15min,3.0,6.0,0.25,slope,1.5,110,9714,1.0690512125097875,1521.25
10,5min,3.0,10.0,0.25,position,1.5,28,2886,1.0600601873437037,354.25
20,5min,3.0,10.0,0.25,position,1.5,27,3006,1.0548957065513913,327.0
10,15min,5.0,10.0,0.25,slope,1.5,143,12630,1.0527847653894928,1904.25
100,5min,3.0,6.0,0.25,slope,1.5,79,7499,1.0467360484598531,725.25
20,15min,3.0,8.0,0.25,slope,1.5,107,9642,1.0448061945299765,989.5
20,15min,5.0,8.0,0.25,slope,1.5,98,9047,1.0382209006999938,925.5
10,15min,7.0,8.0,0.35,slope,1.5,73,15643,1.0319474478762904,783.0
10,5min,5.0,10.0,0.25,slope,1.5,155,14723,1.0293513847144697,1093.75
150,5min,5.0,8.0,0.35,slope,1.5,34,6535,1.0251410472136988,254.0
20,5min,3.0,10.0,0.25,position,2.5,5,364,1.020701677925474,23.75
100,5min,3.0,10.0,0.25,slope,1.5,75,7407,1.0204294944887875,322.5
20,15min,7.0,10.0,0.25,position,2.0,4,616,1.0155502392344498,22.75
100,5min,7.0,8.0,0.25,position,2.0,4,582,1.0071892393320965,7.75
100,15min,7.0,6.0,0.25,combined,1.5,3,541,1.0040376850605652,3.0
20,5min,7.0,6.0,0.25,position,1.5,27,2978,0.9989827826545605,-6.75
20,5min,3.0,8.0,0.25,position,1.5,28,3014,0.9953995847412775,-28.25
100,5min,5.0,10.0,0.25,slope,1.5,71,7130,0.9952922055176472,-84.0
100,5min,3.0,10.0,0.25,position,2.0,4,601,0.9929431299294313,-8.5
20,5min,3.0,8.0,0.25,position,2.0,14,1182,0.9924544298431539,-22.25
20,15min,7.0,6.0,0.25,position,2.5,2,195,0.988950276243094,-8.0
10,5min,3.0,10.0,0.25,slope,1.5,170,15681,0.9784325530332543,-761.25
100,15min,5.0,10.0,0.25,slope,1.5,65,6471,0.9764963961140708,-393.75
20,5min,5.0,8.0,0.25,position,1.5,27,2956,0.9753923205342238,-184.25
10,5min,3.0,6.0,0.35,slope,1.5,78,18807,0.9715943759980267,-547.0
150,15min,7.0,10.0,0.25,position,2.0,3,358,0.9699918896999189,-37.0
100,5min,3.0,8.0,0.25,slope,1.5,75,7486,0.9666634993031801,-526.25
100,5min,5.0,6.0,0.25,slope,1.5,74,7249,0.9664850798553025,-586.0
20,5min,3.0,6.0,0.25,position,2.0,14,1182,0.9630763995235665,-108.5
10,5min,3.0,10.0,0.25,position,2.0,4,668,0.9602774274905422,-47.25
150,15min,3.0,8.0,0.35,slope,1.5,34,7584,0.9598731008501251,-404.75
100,15min,3.0,6.0,0.35,slope,1.5,42,7575,0.957115366993494,-468.0
10,5min,3.0,8.0,0.35,slope,1.5,78,18669,0.950866137746903,-970.75
150,5min,5.0,10.0,0.35,slope,1.5,34,6517,0.949128176590614,-548.5
20,5min,3.0,6.0,0.25,position,2.5,5,364,0.9428320140721196,-65.0
20,15min,5.0,10.0,0.25,slope,1.5,95,8919,0.940025894261532,-1401.25
10,5min,3.0,6.0,0.25,position,1.5,28,2896,0.9372452445652174,-369.5
10,15min,5.0,10.0,0.35,slope,1.5,73,15756,0.9315130354330275,-1554.5
10,5min,7.0,8.0,0.25,position,1.5,26,2795,0.9288333211116815,-485.25
100,5min,5.0,8.0,0.25,slope,1.5,71,7214,0.9281781115579156,-1281.5
20,15min,3.0,10.0,0.25,slope,1.5,105,9547,0.9241979601554801,-1711.25
20,5min,5.0,10.0,0.25,combined,2.5,4,246,0.9233195347920363,-97.25
20,15min,3.0,6.0,0.25,combined,1.5,4,667,0.9151096669374492,-52.25
20,15min,3.0,8.0,0.35,slope,1.5,50,11777,0.9107937650334287,-1177.5
100,5min,7.0,10.0,0.25,slope,1.5,69,6978,0.9104095231933752,-1731.0
150,5min,3.0,8.0,0.25,position,2.5,3,300,0.9100428367444074,-94.5
100,5min,3.0,8.0,0.25,position,2.5,3,305,0.9100428367444074,-94.5
150,5min,3.0,8.0,0.25,position,2.0,3,434,0.9100428367444074,-94.5
20,15min,3.0,8.0,0.25,position,2.0,4,616,0.9065908013276435,-98.5
150,15min,3.0,8.0,0.25,slope,1.5,67,6685,0.90530314227438,-1601.75
20,5min,3.0,6.0,0.25,position,1.5,28,3014,0.9034336514150558,-592.0
10,5min,7.0,10.0,0.25,position,1.5,26,2795,0.9033511769450759,-659.0
10,5min,5.0,8.0,0.25,position,1.5,26,2849,0.901336950203449,-636.5
150,5min,7.0,10.0,0.25,slope,1.5,56,5768,0.8991721990000819,-1537.75
100,15min,3.0,8.0,0.25,slope,1.5,71,6746,0.8968115942028986,-1646.5
150,5min,5.0,10.0,0.25,slope,1.5,56,5803,0.8944106035976492,-1477.75
100,15min,3.0,10.0,0.25,position,1.5,6,644,0.8925373134328358,-144.0
150,15min,5.0,10.0,0.25,slope,1.5,57,6210,0.8904459197094007,-1749.25
10,5min,3.0,8.0,0.25,position,2.0,4,668,0.8877679697351829,-133.5
100,5min,7.0,6.0,0.25,slope,1.5,72,7097,0.886453048627025,-2143.0
150,5min,7.0,8.0,0.35,slope,1.5,34,6475,0.8858383047875639,-1334.75
20,15min,3.0,6.0,0.35,slope,1.5,50,11807,0.8830231600415743,-1491.25
150,15min,3.0,6.0,0.35,slope,1.5,33,7609,0.8823699194458293,-1120.75
10,5min,5.0,10.0,0.25,position,1.5,26,2849,0.8744041852354195,-810.25
100,5min,3.0,6.0,0.35,slope,1.5,38,9124,0.8710016256096036,-1289.5
10,15min,7.0,10.0,0.25,combined,1.5,9,803,0.8698986975397974,-224.75
20,5min,5.0,6.0,0.25,position,1.5,27,2956,0.8692032498579023,-978.0
20,15min,5.0,6.0,0.25,position,2.0,4,616,0.8685233160621761,-152.25
150,5min,3.0,6.0,0.35,slope,1.5,34,6666,0.8676817752596789,-1121.0
10,15min,3.0,10.0,0.35,slope,1.5,78,16735,0.8674438741576418,-2640.75
150,5min,5.0,6.0,0.25,slope,1.5,56,5863,0.8616185036475711,-1835.25
150,15min,3.0,6.0,0.25,slope,1.5,68,6714,0.8611488081189521,-2353.25
100,15min,3.0,6.0,0.25,slope,1.5,72,6801,0.8597108795644419,-2241.75
10,5min,7.0,6.0,0.25,position,1.5,26,2805,0.8576726765321485,-969.0
100,15min,3.0,10.0,0.25,slope,1.5,71,6704,0.8551389058121116,-2377.75
20,5min,5.0,6.0,0.25,combined,2.5,4,246,0.8521462639109698,-186.0
20,15min,7.0,8.0,0.25,position,2.0,4,616,0.8515037593984962,-217.25
10,5min,3.0,10.0,0.35,slope,1.5,78,18630,0.8503259420218282,-3030.75
100,5min,3.0,8.0,0.35,slope,1.5,38,9076,0.8486950939482976,-1532.0
100,5min,7.0,8.0,0.25,slope,1.5,69,7062,0.8484311315261693,-2928.5
20,15min,7.0,6.0,0.35,combined,1.5,2,676,0.8447412353923205,-93.0
100,5min,5.0,8.0,0.35,slope,1.5,36,8767,0.8447039973013999,-1841.5
10,15min,7.0,10.0,0.35,slope,1.5,73,15433,0.8446709505871925,-4030.75
150,5min,5.0,6.0,0.35,slope,1.5,33,6546,0.8433928213354722,-1562.0
150,5min,3.0,10.0,0.25,slope,1.5,59,5930,0.8376575694529433,-1989.75
100,5min,5.0,6.0,0.35,slope,1.5,36,8818,0.8334043823002814,-1954.0
20,5min,5.0,10.0,0.25,position,2.0,13,1179,0.829465731246627,-632.0
10,15min,3.0,10.0,0.25,combined,1.5,9,823,0.829103448275862,-309.75
10,5min,5.0,6.0,0.25,position,1.5,26,2859,0.8233581741965533,-1137.75
10,15min,7.0,8.0,0.25,combined,1.5,9,803,0.8185238784370478,-313.5
20,5min,3.0,8.0,0.25,position,2.5,5,364,0.8158640226628895,-211.25
150,5min,5.0,8.0,0.25,slope,1.5,56,5843,0.8152766117075436,-2585.25
150,5min,3.0,8.0,0.35,slope,1.5,35,6658,0.8149563318777293,-1695.0
150,5min,7.0,8.0,0.25,slope,1.5,56,5808,0.8108187853454635,-2885.25
150,5min,7.0,10.0,0.35,slope,1.5,34,6457,0.8095643059153926,-2407.25
150,5min,3.0,6.0,0.25,slope,1.5,59,5971,0.8071577336677009,-2268.5
20,15min,3.0,10.0,0.35,slope,1.5,50,11707,0.800109829763866,-2730.0
150,15min,7.0,8.0,0.25,combined,1.5,12,1478,0.7966788573687852,-514.25
100,5min,3.0,8.0,0.25,position,2.0,4,601,0.7936903279369033,-248.5
150,15min,7.0,6.0,0.25,combined,1.5,12,1480,0.7907482455273303,-529.25
100,5min,7.0,6.0,0.25,position,2.0,4,582,0.7845547309833024,-232.25
10,15min,3.0,8.0,0.25,combined,1.5,9,823,0.7801379310344828,-398.5
150,5min,3.0,8.0,0.25,slope,1.5,59,5955,0.7770774690980297,-2732.25
100,5min,5.0,10.0,0.35,slope,1.5,36,8746,0.7691632767009652,-2894.0
100,15min,3.0,10.0,0.35,slope,1.5,43,7512,0.7627245357741812,-2935.75
150,15min,3.0,10.0,0.25,slope,1.5,67,6631,0.7602973143538321,-4273.0
20,5min,5.0,8.0,0.25,position,2.0,13,1179,0.7572854830005397,-899.5
20,5min,7.0,10.0,0.25,position,2.0,13,1176,0.7567234906763494,-988.25
150,5min,7.0,6.0,0.25,slope,1.5,56,5828,0.7556415215989684,-3695.25
100,5min,3.0,10.0,0.35,slope,1.5,38,9059,0.746588508911408,-2669.5
20,5min,5.0,6.0,0.25,position,2.0,13,1179,0.7413921396198336,-955.75
20,5min,5.0,8.0,0.25,combined,2.5,4,246,0.7380248373743347,-332.25
150,5min,7.0,6.0,0.35,slope,1.5,33,6486,0.7275085944087696,-3150.75
100,5min,7.0,8.0,0.35,slope,1.5,36,8756,0.7201970089157319,-3891.5
150,15min,3.0,10.0,0.35,slope,1.5,34,7576,0.7180353311726845,-3088.5
100,15min,3.0,8.0,0.25,position,1.5,6,644,0.7134328358208956,-384.0
100,5min,7.0,6.0,0.35,slope,1.5,36,8807,0.7094128746643443,-4004.0
150,5min,3.0,10.0,0.35,slope,1.5,35,6644,0.6914515623367123,-2952.5
20,5min,7.0,8.0,0.25,position,2.0,13,1176,0.690873284509816,-1255.75
20,15min,7.0,6.0,0.25,position,2.0,4,616,0.6874572795625428,-457.25
150,5min,5.0,10.0,0.25,position,2.0,3,422,0.685190489830994,-549.5
100,5min,5.0,10.0,0.25,position,2.5,3,293,0.685190489830994,-549.5
150,5min,5.0,10.0,0.25,position,2.5,3,288,0.685190489830994,-549.5
100,5min,3.0,6.0,0.25,position,2.5,3,305,0.6815801999048072,-334.5
150,5min,3.0,6.0,0.25,position,2.0,3,434,0.6815801999048072,-334.5
150,5min,3.0,6.0,0.25,position,2.5,3,300,0.6815801999048072,-334.5
20,15min,3.0,6.0,0.25,position,2.0,4,616,0.6789947842579421,-338.5
20,5min,7.0,6.0,0.25,position,2.0,13,1176,0.6762092793682132,-1312.0
10,15min,7.0,6.0,0.25,combined,1.5,9,803,0.6738060781476122,-563.5
20,15min,5.0,10.0,0.35,position,1.5,7,1379,0.6655696202531646,-660.5
10,5min,3.0,6.0,0.25,position,2.0,4,668,0.6649852879361076,-398.5
150,5min,3.0,10.0,0.25,position,1.5,6,995,0.6639833448993754,-605.25
20,5min,7.0,10.0,0.25,combined,2.5,4,246,0.6622366746783543,-597.25
10,15min,5.0,10.0,0.25,combined,1.5,9,815,0.6519522776572668,-802.25
100,5min,7.0,10.0,0.35,slope,1.5,36,8735,0.6490543178299791,-5214.0
10,15min,3.0,6.0,0.25,combined,1.5,9,823,0.6422068965517241,-648.5
100,5min,7.0,10.0,0.25,position,1.5,7,976,0.6408459214501511,-743.0
150,5min,7.0,10.0,0.25,position,1.5,6,959,0.6389926497168333,-749.0
100,15min,5.0,10.0,0.25,position,1.5,6,643,0.6298880842659644,-702.75
10,5min,5.0,10.0,0.25,position,2.0,4,668,0.6247777929714208,-686.0
20,5min,5.0,10.0,0.25,position,2.5,5,364,0.6172091184609303,-726.25
10,15min,5.0,8.0,0.25,combined,1.5,9,815,0.6134490238611714,-891.0
20,5min,7.0,6.0,0.25,combined,2.5,4,246,0.6097838452787259,-686.0
100,5min,5.0,10.0,0.25,position,2.0,4,589,0.5981495373843461,-803.5
20,15min,5.0,10.0,0.25,position,1.5,13,1307,0.5972931562819204,-1577.0
100,5min,3.0,6.0,0.25,position,2.0,4,601,0.5944375259443753,-488.5
20,15min,5.0,8.0,0.35,position,1.5,7,1379,0.579493670886076,-830.5
10,5min,5.0,8.0,0.25,position,2.0,4,668,0.5776015315192123,-772.25
20,5min,5.0,6.0,0.25,position,2.5,5,364,0.5680975092739798,-815.0
20,5min,3.0,8.0,0.35,combined,1.5,4,2357,0.564507635597683,-413.5
20,15min,3.0,10.0,0.25,position,1.5,14,1343,0.558721286892509,-1618.5
150,15min,5.0,8.0,0.25,combined,1.5,12,1481,0.5535491448285987,-1520.5
150,15min,5.0,6.0,0.25,combined,1.5,12,1483,0.5491448285986934,-1535.5
150,15min,3.0,10.0,0.25,combined,1.5,13,1556,0.5485962831158561,-1427.0
150,5min,5.0,8.0,0.25,position,2.0,3,422,0.5476940704669149,-789.5
100,5min,5.0,8.0,0.25,position,2.5,3,293,0.5476940704669149,-789.5
150,5min,5.0,8.0,0.25,position,2.5,3,288,0.5476940704669149,-789.5
100,15min,3.0,6.0,0.25,position,1.5,6,644,0.5343283582089552,-624.0
150,5min,3.0,8.0,0.25,position,1.5,6,995,0.5307425399028453,-845.25
20,5min,7.0,8.0,0.25,combined,2.5,4,246,0.5293369150289835,-832.25
100,5min,3.0,10.0,0.25,position,1.5,7,1057,0.527685859254357,-1070.5
150,15min,3.0,10.0,0.25,position,1.5,20,2104,0.5239372401770149,-2662.5
150,5min,7.0,8.0,0.25,position,1.5,6,959,0.5233160621761658,-989.0
20,15min,7.0,10.0,0.25,position,1.5,12,1303,0.5169632003536302,-2185.5
20,15min,7.0,10.0,0.35,position,1.5,7,1379,0.5114785992217898,-1255.5
150,15min,5.0,8.0,0.35,position,1.5,2,2214,0.5111838516093835,-448.0
150,15min,5.0,6.0,0.35,position,1.5,2,2214,0.5111838516093835,-448.0
150,15min,5.0,10.0,0.35,position,1.5,2,2214,0.5111838516093835,-448.0
10,15min,5.0,6.0,0.25,combined,1.5,9,815,0.5049891540130151,-1141.0
20,15min,5.0,8.0,0.25,position,1.5,13,1307,0.4989785495403473,-1962.0
20,15min,5.0,6.0,0.35,position,1.5,7,1379,0.49341772151898733,-1000.5
20,5min,5.0,8.0,0.25,position,2.5,5,364,0.49334563183555147,-961.25
10,5min,7.0,10.0,0.25,position,2.0,4,668,0.4906045313003329,-1186.0
100,5min,5.0,8.0,0.25,position,2.0,4,589,0.47811952988247064,-1043.5
150,15min,7.0,8.0,0.25,position,1.5,17,1952,0.4749610327325047,-3284.25
150,15min,3.0,8.0,0.25,combined,1.5,13,1558,0.4742586002372479,-1662.0
150,15min,3.0,6.0,0.25,combined,1.5,13,1558,0.4742586002372479,-1662.0
10,15min,3.0,8.0,0.25,position,2.0,3,326,0.47380410022779046,-462.0
20,5min,7.0,10.0,0.25,position,2.5,5,364,0.4698565553214966,-1321.25
100,15min,7.0,10.0,0.25,position,1.5,6,641,0.4646915978630403,-1377.75
20,15min,3.0,8.0,0.25,position,1.5,14,1343,0.45375230045668324,-2003.5
10,5min,7.0,8.0,0.25,position,2.0,4,668,0.45355954042735963,-1272.25
20,15min,7.0,8.0,0.35,position,1.5,7,1379,0.4453307392996109,-1425.5
150,15min,3.0,8.0,0.25,position,1.5,20,2106,0.4390058557954495,-3137.5
150,15min,7.0,10.0,0.25,position,1.5,15,1878,0.43613093773074085,-2863.75
150,15min,7.0,6.0,0.25,position,1.5,17,1954,0.43419527596818674,-3539.25
10,5min,5.0,6.0,0.25,position,2.0,4,668,0.4326541774921373,-1037.25
20,5min,7.0,6.0,0.25,position,2.5,5,364,0.43190975020145045,-1410.0
20,15min,7.0,8.0,0.25,position,1.5,12,1303,0.4318709249640844,-2570.5
150,15min,5.0,8.0,0.25,position,1.5,18,1942,0.4296299096510793,-3772.0
150,5min,5.0,10.0,0.25,position,1.5,6,976,0.4277156906571301,-1600.25
20,5min,3.0,6.0,0.35,combined,1.5,4,2357,0.42232754081095314,-548.5
100,5min,3.0,8.0,0.25,position,1.5,7,1057,0.4217957202735495,-1310.5
150,5min,5.0,6.0,0.25,position,2.0,3,422,0.41019765110283585,-1029.5
100,5min,5.0,6.0,0.25,position,2.5,3,293,0.41019765110283585,-1029.5
150,5min,5.0,6.0,0.25,position,2.5,3,288,0.41019765110283585,-1029.5
10,15min,3.0,10.0,0.25,position,2.0,3,326,0.4097380410022779,-518.25
150,5min,7.0,6.0,0.25,position,1.5,6,959,0.40763947463549827,-1229.0
150,15min,7.0,10.0,0.25,combined,1.5,11,1412,0.4056932417637106,-1492.75
10,15min,7.0,8.0,0.25,position,1.5,15,1320,0.4024732996065205,-2657.5
20,15min,5.0,6.0,0.25,position,1.5,13,1307,0.40066394279877426,-2347.0
150,5min,3.0,6.0,0.25,position,1.5,6,995,0.3975017349063151,-1085.25
150,15min,3.0,6.0,0.25,position,1.5,20,2106,0.396093156318448,-3377.5
20,15min,3.0,10.0,0.35,position,1.5,7,1398,0.39528092512556945,-1294.25
150,15min,5.0,6.0,0.25,position,1.5,18,1944,0.3910709560352323,-4027.0
10,15min,3.0,10.0,0.25,position,1.5,16,1365,0.3850243402510889,-2400.25
100,5min,5.0,10.0,0.25,position,1.5,7,1002,0.3814687823937485,-1939.25
20,15min,7.0,6.0,0.35,position,1.5,7,1379,0.3791828793774319,-1595.5
20,5min,7.0,8.0,0.25,position,2.5,5,364,0.37556424917243453,-1556.25
150,15min,7.0,10.0,0.35,position,1.5,2,2214,0.3655872024970737,-813.0
150,15min,7.0,6.0,0.35,position,1.5,2,2214,0.3655872024970737,-813.0
150,15min,7.0,8.0,0.35,position,1.5,2,2214,0.3655872024970737,-813.0
10,15min,3.0,8.0,0.25,position,1.5,16,1365,0.3622854214706636,-2489.0
100,5min,5.0,6.0,0.25,position,2.0,4,589,0.35808952238059516,-1283.5
10,15min,3.0,6.0,0.25,position,2.0,3,326,0.3542141230068337,-567.0
20,15min,3.0,6.0,0.25,position,1.5,14,1343,0.3487833140208575,-2388.5
20,15min,7.0,6.0,0.25,position,1.5,12,1303,0.34677864957453863,-2955.5
150,5min,5.0,8.0,0.25,position,1.5,6,976,0.3418864550737595,-1840.25
20,5min,5.0,8.0,0.35,combined,1.5,4,2355,0.3404255319148936,-1038.5
10,5min,7.0,6.0,0.25,position,2.0,4,668,0.3397401481799635,-1537.25
10,15min,5.0,8.0,0.25,position,1.5,16,1349,0.33811862485833016,-3504.0
150,15min,5.0,10.0,0.25,position,1.5,17,1923,0.32514715627801816,-4328.0
10,15min,7.0,6.0,0.25,position,1.5,15,1320,0.32490163012928613,-3002.5
100,5min,3.0,6.0,0.25,position,1.5,7,1057,0.3159055812927421,-1550.5
20,15min,3.0,8.0,0.35,position,1.5,7,1398,0.31585095199158975,-1464.25
10,15min,7.0,10.0,0.25,position,1.5,15,1320,0.314119983277592,-3281.25
100,5min,5.0,8.0,0.25,position,1.5,7,1002,0.3049198628498525,-2179.25
10,15min,3.0,6.0,0.25,position,1.5,16,1365,0.2982321291314374,-2739.0
10,15min,5.0,8.0,0.25,position,2.0,3,326,0.28532235939643347,-1042.0
20,5min,3.0,8.0,0.35,position,1.5,7,3108,0.2746605175506021,-1415.5
10,15min,5.0,6.0,0.25,position,1.5,16,1349,0.2729505100113336,-3849.0
10,15min,5.0,10.0,0.25,position,1.5,16,1349,0.27147502483967123,-4032.75
10,5min,3.0,10.0,0.35,combined,1.5,4,2235,0.27089627391742194,-1086.0
10,5min,3.0,8.0,0.35,combined,1.5,4,2235,0.27089627391742194,-1086.0
10,5min,3.0,6.0,0.35,combined,1.5,4,2235,0.27089627391742194,-1086.0
150,5min,5.0,6.0,0.25,position,1.5,6,976,0.2560572194903889,-2080.25
20,5min,5.0,6.0,0.35,combined,1.5,4,2355,0.25468402667513496,-1173.5
10,15min,5.0,10.0,0.25,position,2.0,3,326,0.24674211248285322,-1098.25
20,5min,7.0,8.0,0.35,combined,1.5,4,2355,0.24369174812457375,-1663.5
20,15min,3.0,6.0,0.35,position,1.5,7,1398,0.2364209788576101,-1634.25
100,5min,5.0,6.0,0.25,position,1.5,7,1002,0.22837094330595648,-2419.25
10,15min,7.0,8.0,0.25,position,2.0,3,326,0.22092405735528411,-1467.0
150,15min,5.0,10.0,0.25,combined,1.5,12,1470,0.22039779416320715,-3145.5
10,15min,5.0,6.0,0.25,position,2.0,3,326,0.21330589849108367,-1147.0
20,5min,3.0,6.0,0.35,position,1.5,7,3108,0.20548296182423775,-1550.5
20,5min,3.0,10.0,0.35,combined,1.5,4,2344,0.20510795155344919,-754.75
10,5min,5.0,10.0,0.35,combined,1.5,4,2235,0.20167437211045858,-1597.25
10,5min,5.0,6.0,0.35,combined,1.5,4,2235,0.20167437211045858,-1597.25
10,5min,5.0,8.0,0.35,combined,1.5,4,2235,0.20167437211045858,-1597.25
10,15min,7.0,10.0,0.25,position,2.0,3,326,0.19105151354221986,-1523.25
20,5min,7.0,6.0,0.35,combined,1.5,4,2355,0.18231416230961583,-1798.5
20,5min,5.0,8.0,0.35,position,1.5,7,3106,0.1734487501011245,-2554.25
10,15min,7.0,6.0,0.25,position,2.0,3,326,0.1651619755708975,-1572.0
10,5min,7.0,8.0,0.35,combined,1.5,4,2230,0.16464347648678976,-2047.25
10,5min,7.0,6.0,0.35,combined,1.5,4,2230,0.16464347648678976,-2047.25
10,5min,7.0,10.0,0.35,combined,1.5,4,2230,0.16464347648678976,-2047.25
20,5min,7.0,8.0,0.35,position,1.5,7,3100,0.13620481545009847,-3399.25
20,5min,5.0,6.0,0.35,position,1.5,7,3106,0.12976296416147562,-2689.25
20,5min,5.0,10.0,0.35,combined,1.5,4,2342,0.1236900603366148,-1379.75
10,5min,3.0,10.0,0.35,position,1.5,10,2946,0.11074516261836147,-3240.0
10,5min,3.0,8.0,0.35,position,1.5,10,2946,0.11074516261836147,-3240.0
10,5min,3.0,6.0,0.35,position,1.5,10,2946,0.11074516261836147,-3240.0
20,5min,7.0,6.0,0.35,position,1.5,7,3100,0.10189949812591322,-3534.25
20,5min,3.0,10.0,0.35,position,1.5,7,3095,0.09979502946451448,-1756.75
10,5min,5.0,8.0,0.35,position,1.5,10,2923,0.09004686453916537,-4077.5
10,5min,5.0,6.0,0.35,position,1.5,10,2923,0.09004686453916537,-4077.5
10,5min,5.0,10.0,0.35,position,1.5,10,2923,0.09004686453916537,-4077.5
20,5min,7.0,10.0,0.35,combined,1.5,4,2342,0.08854285064787451,-2004.75
10,5min,7.0,10.0,0.35,position,1.5,10,2909,0.07402311502476609,-5047.5
10,5min,7.0,6.0,0.35,position,1.5,10,2909,0.07402311502476609,-5047.5
10,5min,7.0,8.0,0.35,position,1.5,10,2909,0.07402311502476609,-5047.5
20,5min,5.0,10.0,0.35,position,1.5,7,3093,0.06302079119812314,-2895.5
20,5min,7.0,10.0,0.35,position,1.5,7,3087,0.04948859665840798,-3740.5
10,15min,7.0,8.0,0.35,position,1.5,4,1441,0.0,-2244.75
10,15min,7.0,8.0,0.35,position,2.0,2,328,0.0,-1883.0
150,15min,7.0,8.0,0.35,position,2.0,1,391,0.0,-1281.5
150,5min,3.0,8.0,0.35,combined,1.5,2,546,0.0,-526.75
10,5min,3.0,6.0,0.35,combined,2.0,1,500,0.0,-304.0
150,5min,3.0,10.0,0.25,combined,1.5,3,516,0.0,-750.75
10,5min,3.0,6.0,0.35,position,2.0,3,671,0.0,-1189.5
10,5min,3.0,8.0,0.35,position,2.0,3,671,0.0,-1189.5
10,15min,7.0,8.0,0.35,combined,1.5,1,885,0.0,-225.25
10,15min,7.0,6.0,0.35,combined,1.5,1,885,0.0,-225.25
10,15min,7.0,6.0,0.35,position,2.0,2,328,0.0,-1883.0
10,15min,7.0,10.0,0.35,position,1.5,4,1441,0.0,-2244.75
150,15min,5.0,10.0,0.35,combined,2.0,1,316,0.0,-916.5
10,15min,7.0,6.0,0.35,position,1.5,4,1441,0.0,-2244.75
150,5min,5.0,6.0,0.35,position,1.5,3,1043,0.0,-1455.75
150,15min,7.0,6.0,0.35,position,2.0,1,391,0.0,-1281.5
150,15min,7.0,6.0,0.35,combined,1.5,1,1589,0.0,-1281.5
150,15min,7.0,6.0,0.35,combined,2.0,1,316,0.0,-1281.5
150,5min,5.0,6.0,0.25,combined,1.5,3,516,0.0,-1050.75
150,5min,3.0,10.0,0.35,combined,1.5,2,546,0.0,-526.75
10,5min,5.0,8.0,0.35,combined,2.0,1,500,0.0,-504.0
150,15min,5.0,10.0,0.35,combined,1.5,1,1589,0.0,-916.5
10,5min,3.0,10.0,0.35,combined,2.0,1,500,0.0,-304.0
20,5min,7.0,8.0,0.35,position,2.0,5,1201,0.0,-3493.75
10,5min,5.0,6.0,0.35,position,2.0,3,671,0.0,-1828.25
10,5min,5.0,6.0,0.35,combined,2.0,1,500,0.0,-504.0
10,5min,5.0,8.0,0.35,position,2.0,3,671,0.0,-1828.25
20,5min,7.0,6.0,0.35,combined,2.5,2,248,0.0,-1758.0
20,5min,7.0,6.0,0.35,combined,2.0,2,894,0.0,-1758.0
150,15min,5.0,8.0,0.35,position,2.0,1,391,0.0,-916.5
150,15min,5.0,8.0,0.35,combined,1.5,1,1589,0.0,-916.5
10,5min,3.0,8.0,0.35,combined,2.0,1,500,0.0,-304.0
10,5min,3.0,10.0,0.35,position,2.0,3,671,0.0,-1189.5
20,5min,5.0,8.0,0.35,position,2.0,5,1204,0.0,-2773.75
150,15min,3.0,10.0,0.35,position,2.0,1,391,0.0,-551.5
10,5min,7.0,8.0,0.35,combined,2.0,1,500,0.0,-704.0
150,15min,3.0,10.0,0.35,combined,2.0,1,316,0.0,-551.5
20,5min,5.0,6.0,0.35,combined,2.5,2,248,0.0,-1258.0
20,5min,5.0,6.0,0.35,combined,2.0,2,894,0.0,-1258.0
150,15min,5.0,6.0,0.35,position,2.0,1,391,0.0,-916.5
150,15min,5.0,6.0,0.35,combined,1.5,1,1589,0.0,-916.5
150,15min,5.0,6.0,0.35,combined,2.0,1,316,0.0,-916.5
20,5min,7.0,8.0,0.35,combined,2.5,2,248,0.0,-1758.0
10,5min,7.0,8.0,0.35,position,2.0,3,671,0.0,-2328.25
150,15min,5.0,8.0,0.35,combined,2.0,1,316,0.0,-916.5
20,5min,7.0,8.0,0.35,combined,2.0,2,894,0.0,-1758.0
10,15min,3.0,8.0,0.35,position,2.0,2,328,0.0,-878.0
150,15min,3.0,10.0,0.35,position,1.5,3,2315,0.0,-1549.5
10,15min,7.0,10.0,0.35,position,2.0,2,328,0.0,-1883.0
10,15min,7.0,10.0,0.35,combined,1.5,1,885,0.0,-225.25
150,15min,3.0,10.0,0.35,combined,1.5,1,1669,0.0,-551.5
150,5min,5.0,8.0,0.35,combined,1.5,2,546,0.0,-826.75
150,5min,7.0,10.0,0.25,combined,1.5,3,516,0.0,-1350.75
150,5min,3.0,8.0,0.35,position,2.5,1,307,0.0,-379.0
150,5min,3.0,8.0,0.35,position,2.0,1,451,0.0,-379.0
150,5min,3.0,8.0,0.35,position,1.5,3,1050,0.0,-905.75
150,5min,3.0,8.0,0.25,combined,1.5,3,516,0.0,-750.75
10,15min,3.0,8.0,0.35,combined,1.5,1,885,0.0,-266.5
150,15min,5.0,10.0,0.25,combined,2.0,2,310,0.0,-883.0
10,15min,5.0,10.0,0.35,combined,1.5,1,885,0.0,-225.25
10,15min,5.0,10.0,0.35,position,2.0,2,328,0.0,-1458.0
10,15min,5.0,10.0,0.35,position,1.5,4,1441,0.0,-1819.75
150,5min,7.0,10.0,0.35,position,2.0,1,427,0.0,-724.0
150,5min,7.0,10.0,0.35,position,2.5,1,293,0.0,-724.0
10,15min,5.0,8.0,0.35,combined,1.5,1,885,0.0,-225.25
150,15min,7.0,10.0,0.35,position,2.0,1,391,0.0,-1281.5
20,5min,7.0,10.0,0.35,position,2.5,3,366,0.0,-2482.0
150,5min,7.0,10.0,0.35,position,1.5,3,1026,0.0,-1850.75
150,5min,3.0,10.0,0.35,position,1.5,3,1050,0.0,-905.75
150,15min,7.0,10.0,0.25,combined,2.0,2,310,0.0,-1233.0
150,5min,7.0,10.0,0.35,combined,1.5,2,546,0.0,-1126.75
10,15min,3.0,6.0,0.35,position,1.5,4,1441,0.0,-1281.0
150,15min,7.0,8.0,0.35,combined,2.0,1,316,0.0,-1281.5
150,15min,7.0,8.0,0.35,combined,1.5,1,1589,0.0,-1281.5
10,15min,3.0,6.0,0.35,position,2.0,2,328,0.0,-878.0
10,15min,5.0,8.0,0.35,position,1.5,4,1441,0.0,-1819.75
150,5min,3.0,6.0,0.35,position,2.5,1,307,0.0,-379.0
150,5min,3.0,6.0,0.35,position,2.0,1,451,0.0,-379.0
150,5min,3.0,6.0,0.35,position,1.5,3,1050,0.0,-905.75
150,5min,3.0,6.0,0.25,combined,1.5,3,516,0.0,-750.75
10,15min,3.0,6.0,0.35,combined,1.5,1,885,0.0,-266.5
150,15min,7.0,10.0,0.35,combined,2.0,1,316,0.0,-1281.5
150,15min,7.0,10.0,0.35,combined,1.5,1,1589,0.0,-1281.5
10,15min,5.0,8.0,0.35,position,2.0,2,328,0.0,-1458.0
150,5min,3.0,6.0,0.35,combined,1.5,2,546,0.0,-526.75
150,5min,7.0,6.0,0.35,position,1.5,3,1026,0.0,-1850.75
150,5min,7.0,6.0,0.25,combined,1.5,3,516,0.0,-1350.75
150,5min,5.0,8.0,0.35,position,2.0,1,444,0.0,-629.0
150,5min,5.0,10.0,0.35,combined,1.5,2,546,0.0,-826.75
10,15min,3.0,8.0,0.35,position,1.5,4,1441,0.0,-1281.0
20,5min,7.0,10.0,0.35,position,2.0,5,1201,0.0,-3493.75
150,5min,7.0,8.0,0.35,combined,1.5,2,546,0.0,-1126.75
150,5min,5.0,6.0,0.35,position,2.0,1,444,0.0,-629.0
150,5min,7.0,8.0,0.35,position,2.0,1,427,0.0,-724.0
150,5min,7.0,8.0,0.35,position,1.5,3,1026,0.0,-1850.75
150,5min,7.0,8.0,0.25,combined,1.5,3,516,0.0,-1350.75
150,15min,5.0,10.0,0.35,position,2.0,1,391,0.0,-916.5
150,5min,5.0,8.0,0.35,position,2.5,1,300,0.0,-629.0
100,5min,7.0,10.0,0.35,position,1.5,2,1034,0.0,-739.25
150,5min,3.0,10.0,0.35,position,2.0,1,451,0.0,-379.0
150,5min,3.0,10.0,0.35,position,2.5,1,307,0.0,-379.0
150,5min,7.0,8.0,0.35,position,2.5,1,293,0.0,-724.0
10,15min,3.0,10.0,0.35,combined,1.5,1,885,0.0,-266.5
10,15min,3.0,10.0,0.35,position,2.0,2,328,0.0,-878.0
10,15min,3.0,10.0,0.35,position,1.5,4,1441,0.0,-1281.0
150,5min,5.0,6.0,0.35,position,2.5,1,300,0.0,-629.0
150,5min,5.0,6.0,0.35,combined,1.5,2,546,0.0,-826.75
150,5min,5.0,10.0,0.35,position,2.5,1,300,0.0,-629.0
150,5min,5.0,10.0,0.35,position,2.0,1,444,0.0,-629.0
150,5min,7.0,6.0,0.35,position,2.0,1,427,0.0,-724.0
150,5min,5.0,10.0,0.25,combined,1.5,3,516,0.0,-1050.75
150,5min,5.0,8.0,0.25,combined,1.5,3,516,0.0,-1050.75
10,15min,5.0,6.0,0.35,combined,1.5,1,885,0.0,-225.25
10,15min,5.0,6.0,0.35,position,2.0,2,328,0.0,-1458.0
10,15min,5.0,6.0,0.35,position,1.5,4,1441,0.0,-1819.75
150,5min,5.0,8.0,0.35,position,1.5,3,1043,0.0,-1455.75
150,5min,7.0,6.0,0.35,combined,1.5,2,546,0.0,-1126.75
150,5min,7.0,6.0,0.35,position,2.5,1,293,0.0,-724.0
150,5min,5.0,10.0,0.35,position,1.5,3,1043,0.0,-1455.75
20,5min,3.0,8.0,0.35,position,2.0,5,1204,0.0,-1760.0
100,5min,3.0,8.0,0.25,combined,1.5,2,476,0.0,-735.5
20,5min,5.0,6.0,0.35,position,2.5,3,366,0.0,-1887.0
100,15min,7.0,6.0,0.35,combined,1.5,1,570,0.0,-1281.5
100,15min,7.0,8.0,0.35,position,1.5,2,697,0.0,-1476.75
100,15min,7.0,8.0,0.35,combined,1.5,1,570,0.0,-1281.5
100,15min,7.0,6.0,0.35,position,1.5,2,697,0.0,-1476.75
100,15min,7.0,10.0,0.25,combined,1.5,3,541,0.0,-1622.0
100,15min,7.0,10.0,0.35,position,1.5,2,697,0.0,-1476.75
100,15min,7.0,10.0,0.35,combined,1.5,1,570,0.0,-1281.5
100,15min,5.0,10.0,0.35,combined,1.5,1,570,0.0,-916.5
20,15min,7.0,8.0,0.35,position,2.0,1,631,0.0,-724.0
20,15min,7.0,8.0,0.35,position,2.5,1,207,0.0,-724.0
20,15min,3.0,10.0,0.25,combined,2.0,1,300,0.0,-356.5
20,5min,5.0,6.0,0.35,position,2.0,5,1204,0.0,-2773.75
100,15min,3.0,8.0,0.35,combined,1.5,1,570,0.0,-551.5
20,15min,3.0,10.0,0.35,position,2.5,1,207,0.0,-379.0
100,5min,5.0,8.0,0.35,position,2.0,1,605,0.0,-629.0
20,15min,5.0,10.0,0.35,position,2.0,1,631,0.0,-629.0
20,15min,5.0,10.0,0.35,position,2.5,1,207,0.0,-629.0
20,5min,3.0,10.0,0.35,combined,2.5,2,248,0.0,-758.0
20,5min,3.0,10.0,0.35,combined,2.0,2,894,0.0,-758.0
20,15min,7.0,6.0,0.35,position,2.0,1,631,0.0,-724.0
20,15min,7.0,6.0,0.35,position,2.5,1,207,0.0,-724.0
20,5min,3.0,10.0,0.35,position,2.5,3,366,0.0,-1137.0
100,5min,5.0,6.0,0.35,position,1.5,2,1051,0.0,-644.25
100,5min,5.0,6.0,0.35,position,2.0,1,605,0.0,-629.0
100,5min,5.0,6.0,0.35,position,2.5,1,300,0.0,-629.0
100,5min,5.0,6.0,0.35,combined,1.5,1,450,0.0,-15.25
20,5min,3.0,10.0,0.35,position,2.0,5,1204,0.0,-1760.0
100,5min,5.0,8.0,0.25,combined,1.5,2,438,0.0,-594.25
20,15min,3.0,10.0,0.35,position,2.0,1,631,0.0,-379.0
100,15min,5.0,8.0,0.35,position,1.5,2,697,0.0,-1111.75
100,15min,5.0,8.0,0.35,combined,1.5,1,570,0.0,-916.5
100,15min,5.0,10.0,0.25,combined,1.5,3,543,0.0,-1162.0
100,15min,5.0,10.0,0.35,position,1.5,2,697,0.0,-1111.75
20,5min,5.0,8.0,0.35,position,2.5,3,366,0.0,-1887.0
100,15min,5.0,6.0,0.35,combined,1.5,1,570,0.0,-916.5
20,5min,5.0,8.0,0.35,combined,2.0,2,894,0.0,-1258.0
20,5min,5.0,8.0,0.35,combined,2.5,2,248,0.0,-1258.0
20,5min,5.0,10.0,0.35,position,2.0,5,1204,0.0,-2773.75
20,5min,5.0,10.0,0.35,position,2.5,3,366,0.0,-1887.0
20,5min,3.0,6.0,0.35,combined,2.0,2,894,0.0,-758.0
20,5min,3.0,6.0,0.35,combined,2.5,2,248,0.0,-758.0
100,5min,3.0,8.0,0.35,position,1.5,2,1091,0.0,-765.5
100,5min,3.0,8.0,0.35,position,2.0,1,612,0.0,-379.0
100,5min,3.0,8.0,0.35,position,2.5,1,307,0.0,-379.0
100,5min,3.0,6.0,0.35,combined,1.5,1,483,0.0,-386.5
100,15min,5.0,6.0,0.35,position,1.5,2,697,0.0,-1111.75
100,5min,3.0,10.0,0.25,combined,1.5,2,476,0.0,-735.5
20,5min,5.0,10.0,0.35,combined,2.5,2,248,0.0,-1258.0
20,5min,5.0,10.0,0.35,combined,2.0,2,894,0.0,-1258.0
20,15min,7.0,10.0,0.35,position,2.0,1,631,0.0,-724.0
20,15min,7.0,10.0,0.35,position,2.5,1,207,0.0,-724.0
20,5min,3.0,8.0,0.35,combined,2.5,2,248,0.0,-758.0
20,5min,3.0,6.0,0.35,position,2.0,5,1204,0.0,-1760.0
20,5min,3.0,6.0,0.35,position,2.5,3,366,0.0,-1137.0
20,5min,3.0,8.0,0.35,combined,2.0,2,894,0.0,-758.0
20,5min,3.0,8.0,0.35,position,2.5,3,366,0.0,-1137.0
100,5min,3.0,6.0,0.25,combined,1.5,2,476,0.0,-735.5
100,5min,3.0,6.0,0.35,position,1.5,2,1091,0.0,-765.5
100,5min,3.0,6.0,0.35,position,2.0,1,612,0.0,-379.0
100,5min,3.0,6.0,0.35,position,2.5,1,307,0.0,-379.0
100,5min,3.0,8.0,0.35,combined,1.5,1,483,0.0,-386.5
20,15min,5.0,6.0,0.35,position,2.5,1,207,0.0,-629.0
20,15min,5.0,8.0,0.35,position,2.0,1,631,0.0,-629.0
20,15min,5.0,8.0,0.35,position,2.5,1,207,0.0,-629.0
100,5min,5.0,8.0,0.35,position,2.5,1,300,0.0,-629.0
100,5min,5.0,8.0,0.35,combined,1.5,1,450,0.0,-15.25
10,5min,5.0,10.0,0.35,position,2.0,3,671,0.0,-1828.25
20,5min,7.0,6.0,0.35,position,2.5,3,366,0.0,-2482.0
10,5min,5.0,10.0,0.35,combined,2.0,1,500,0.0,-504.0
20,5min,7.0,6.0,0.35,position,2.0,5,1201,0.0,-3493.75
10,5min,7.0,6.0,0.35,position,2.0,3,671,0.0,-2328.25
10,5min,7.0,6.0,0.35,combined,2.0,1,500,0.0,-704.0
150,15min,3.0,6.0,0.35,combined,2.0,1,316,0.0,-551.5
100,15min,3.0,10.0,0.35,combined,1.5,1,570,0.0,-551.5
150,15min,3.0,8.0,0.35,position,1.5,3,2315,0.0,-1549.5
150,15min,3.0,8.0,0.35,position,2.0,1,391,0.0,-551.5
100,5min,5.0,8.0,0.35,position,1.5,2,1051,0.0,-644.25
150,15min,3.0,8.0,0.35,combined,2.0,1,316,0.0,-551.5
100,5min,7.0,10.0,0.35,position,2.0,1,598,0.0,-724.0
100,5min,7.0,10.0,0.35,position,2.5,1,293,0.0,-724.0
100,5min,7.0,10.0,0.35,combined,1.5,1,450,0.0,-15.25
100,15min,3.0,10.0,0.35,position,1.5,2,697,0.0,-863.0
100,15min,3.0,10.0,0.25,combined,1.5,3,544,0.0,-702.0
150,15min,3.0,6.0,0.35,position,1.5,3,2315,0.0,-1549.5
150,15min,3.0,6.0,0.35,position,2.0,1,391,0.0,-551.5
150,15min,3.0,6.0,0.35,combined,1.5,1,1669,0.0,-551.5
20,15min,3.0,6.0,0.35,position,2.5,1,207,0.0,-379.0
20,15min,3.0,8.0,0.25,combined,2.0,1,300,0.0,-356.5
20,5min,7.0,8.0,0.35,position,2.5,3,366,0.0,-2482.0
20,15min,3.0,8.0,0.35,position,2.0,1,631,0.0,-379.0
20,15min,3.0,8.0,0.35,position,2.5,1,207,0.0,-379.0
100,5min,7.0,10.0,0.25,combined,1.5,2,434,0.0,-234.25
150,15min,3.0,8.0,0.35,combined,1.5,1,1669,0.0,-551.5
100,5min,3.0,10.0,0.35,position,1.5,2,1091,0.0,-765.5
100,5min,3.0,10.0,0.35,position,2.0,1,612,0.0,-379.0
100,5min,3.0,10.0,0.35,position,2.5,1,307,0.0,-379.0
100,5min,3.0,10.0,0.35,combined,1.5,1,483,0.0,-386.5
100,15min,3.0,8.0,0.35,position,1.5,2,697,0.0,-863.0
100,15min,3.0,8.0,0.25,combined,1.5,3,544,0.0,-702.0
100,15min,3.0,6.0,0.35,combined,1.5,1,570,0.0,-551.5
100,5min,5.0,6.0,0.25,combined,1.5,2,438,0.0,-594.25
10,5min,7.0,10.0,0.35,position,2.0,3,671,0.0,-2328.25
10,5min,7.0,10.0,0.35,combined,2.0,1,500,0.0,-704.0
100,15min,3.0,6.0,0.35,position,1.5,2,697,0.0,-863.0
20,15min,3.0,6.0,0.25,combined,2.0,1,300,0.0,-356.5
100,15min,3.0,6.0,0.25,combined,1.5,3,544,0.0,-702.0
20,15min,3.0,6.0,0.35,position,2.0,1,631,0.0,-379.0
100,5min,7.0,6.0,0.35,position,2.0,1,598,0.0,-724.0
20,15min,5.0,6.0,0.35,position,2.0,1,631,0.0,-629.0
100,5min,7.0,6.0,0.35,combined,1.5,1,450,0.0,-15.25
100,5min,7.0,8.0,0.25,combined,1.5,2,434,0.0,-234.25
100,5min,7.0,8.0,0.35,position,1.5,2,1034,0.0,-739.25
100,5min,7.0,8.0,0.35,position,2.0,1,598,0.0,-724.0
100,5min,7.0,8.0,0.35,position,2.5,1,293,0.0,-724.0
100,5min,7.0,8.0,0.35,combined,1.5,1,450,0.0,-15.25
20,5min,7.0,10.0,0.35,combined,2.5,2,248,0.0,-1758.0
100,5min,5.0,10.0,0.25,combined,1.5,2,438,0.0,-594.25
100,5min,5.0,10.0,0.35,position,1.5,2,1051,0.0,-644.25
100,5min,5.0,10.0,0.35,position,2.0,1,605,0.0,-629.0
100,5min,5.0,10.0,0.35,position,2.5,1,300,0.0,-629.0
100,5min,5.0,10.0,0.35,combined,1.5,1,450,0.0,-15.25
100,5min,7.0,6.0,0.25,combined,1.5,2,434,0.0,-234.25
100,5min,7.0,6.0,0.35,position,1.5,2,1034,0.0,-739.25
20,5min,7.0,10.0,0.35,combined,2.0,2,894,0.0,-1758.0
100,5min,7.0,6.0,0.35,position,2.5,1,293,0.0,-724.0
10,15min,3.0,6.0,0.25,position,2.5,0,0,,0.0
10,15min,3.0,6.0,0.25,combined,2.5,0,0,,0.0
10,15min,3.0,6.0,0.35,position,2.5,0,0,,0.0
10,15min,3.0,6.0,0.35,combined,2.0,0,227,,0.0
10,15min,3.0,6.0,0.35,combined,2.5,0,0,,0.0
10,15min,3.0,6.0,0.45,slope,1.5,0,19293,,0.0
10,15min,3.0,6.0,0.45,position,1.5,0,1465,,0.0
10,15min,3.0,6.0,0.45,position,2.0,0,342,,0.0
10,15min,3.0,6.0,0.45,position,2.5,0,0,,0.0
10,15min,3.0,6.0,0.45,combined,1.5,0,886,,0.0
10,15min,3.0,6.0,0.45,combined,2.0,0,227,,0.0
10,15min,3.0,6.0,0.45,combined,2.5,0,0,,0.0
10,15min,3.0,8.0,0.25,position,2.5,0,0,,0.0
10,15min,3.0,8.0,0.25,combined,2.5,0,0,,0.0
10,15min,3.0,8.0,0.35,position,2.5,0,0,,0.0
10,15min,3.0,8.0,0.35,combined,2.0,0,227,,0.0
10,15min,3.0,8.0,0.35,combined,2.5,0,0,,0.0
10,15min,3.0,8.0,0.45,slope,1.5,0,19293,,0.0
10,15min,3.0,8.0,0.45,position,1.5,0,1465,,0.0
10,15min,3.0,8.0,0.45,position,2.0,0,342,,0.0
10,15min,3.0,8.0,0.45,position,2.5,0,0,,0.0
10,15min,3.0,8.0,0.45,combined,1.5,0,886,,0.0
10,15min,3.0,8.0,0.45,combined,2.0,0,227,,0.0
10,15min,3.0,8.0,0.45,combined,2.5,0,0,,0.0
10,15min,3.0,10.0,0.25,position,2.5,0,0,,0.0
10,15min,3.0,10.0,0.25,combined,2.5,0,0,,0.0
10,15min,3.0,10.0,0.35,position,2.5,0,0,,0.0
10,15min,3.0,10.0,0.35,combined,2.0,0,227,,0.0
10,15min,3.0,10.0,0.35,combined,2.5,0,0,,0.0
10,15min,3.0,10.0,0.45,slope,1.5,0,19293,,0.0
10,15min,3.0,10.0,0.45,position,1.5,0,1465,,0.0
10,15min,3.0,10.0,0.45,position,2.0,0,342,,0.0
10,15min,3.0,10.0,0.45,position,2.5,0,0,,0.0
10,15min,3.0,10.0,0.45,combined,1.5,0,886,,0.0
10,15min,3.0,10.0,0.45,combined,2.0,0,227,,0.0
10,15min,3.0,10.0,0.45,combined,2.5,0,0,,0.0
10,15min,5.0,6.0,0.25,position,2.5,0,0,,0.0
10,15min,5.0,6.0,0.25,combined,2.5,0,0,,0.0
10,15min,5.0,6.0,0.35,position,2.5,0,0,,0.0
10,15min,5.0,6.0,0.35,combined,2.0,0,227,,0.0
10,15min,5.0,6.0,0.35,combined,2.5,0,0,,0.0
10,15min,5.0,6.0,0.45,slope,1.5,0,19293,,0.0
10,15min,5.0,6.0,0.45,position,1.5,0,1465,,0.0
10,15min,5.0,6.0,0.45,position,2.0,0,342,,0.0
10,15min,5.0,6.0,0.45,position,2.5,0,0,,0.0
10,15min,5.0,6.0,0.45,combined,1.5,0,886,,0.0
10,15min,5.0,6.0,0.45,combined,2.0,0,227,,0.0
10,15min,5.0,6.0,0.45,combined,2.5,0,0,,0.0
10,15min,5.0,8.0,0.25,position,2.5,0,0,,0.0
10,15min,5.0,8.0,0.25,combined,2.5,0,0,,0.0
10,15min,5.0,8.0,0.35,position,2.5,0,0,,0.0
10,15min,5.0,8.0,0.35,combined,2.0,0,227,,0.0
10,15min,5.0,8.0,0.35,combined,2.5,0,0,,0.0
10,15min,5.0,8.0,0.45,slope,1.5,0,19293,,0.0
10,15min,5.0,8.0,0.45,position,1.5,0,1465,,0.0
10,15min,5.0,8.0,0.45,position,2.0,0,342,,0.0
10,15min,5.0,8.0,0.45,position,2.5,0,0,,0.0
10,15min,5.0,8.0,0.45,combined,1.5,0,886,,0.0
10,15min,5.0,8.0,0.45,combined,2.0,0,227,,0.0
10,15min,5.0,8.0,0.45,combined,2.5,0,0,,0.0
10,15min,5.0,10.0,0.25,position,2.5,0,0,,0.0
10,15min,5.0,10.0,0.25,combined,2.5,0,0,,0.0
10,15min,5.0,10.0,0.35,position,2.5,0,0,,0.0
10,15min,5.0,10.0,0.35,combined,2.0,0,227,,0.0
10,15min,5.0,10.0,0.35,combined,2.5,0,0,,0.0
10,15min,5.0,10.0,0.45,slope,1.5,0,19293,,0.0
10,15min,5.0,10.0,0.45,position,1.5,0,1465,,0.0
10,15min,5.0,10.0,0.45,position,2.0,0,342,,0.0
10,15min,5.0,10.0,0.45,position,2.5,0,0,,0.0
10,15min,5.0,10.0,0.45,combined,1.5,0,886,,0.0
10,15min,5.0,10.0,0.45,combined,2.0,0,227,,0.0
10,15min,5.0,10.0,0.45,combined,2.5,0,0,,0.0
10,15min,7.0,6.0,0.25,position,2.5,0,0,,0.0
10,15min,7.0,6.0,0.25,combined,2.5,0,0,,0.0
10,15min,7.0,6.0,0.35,position,2.5,0,0,,0.0
10,15min,7.0,6.0,0.35,combined,2.0,0,227,,0.0
10,15min,7.0,6.0,0.35,combined,2.5,0,0,,0.0
10,15min,7.0,6.0,0.45,slope,1.5,0,19293,,0.0
10,15min,7.0,6.0,0.45,position,1.5,0,1465,,0.0
10,15min,7.0,6.0,0.45,position,2.0,0,342,,0.0
10,15min,7.0,6.0,0.45,position,2.5,0,0,,0.0
10,15min,7.0,6.0,0.45,combined,1.5,0,886,,0.0
10,15min,7.0,6.0,0.45,combined,2.0,0,227,,0.0
10,15min,7.0,6.0,0.45,combined,2.5,0,0,,0.0
10,15min,7.0,8.0,0.25,position,2.5,0,0,,0.0
10,15min,7.0,8.0,0.25,combined,2.5,0,0,,0.0
10,15min,7.0,8.0,0.35,position,2.5,0,0,,0.0
10,15min,7.0,8.0,0.35,combined,2.0,0,227,,0.0
10,15min,7.0,8.0,0.35,combined,2.5,0,0,,0.0
10,15min,7.0,8.0,0.45,slope,1.5,0,19293,,0.0
10,15min,7.0,8.0,0.45,position,1.5,0,1465,,0.0
10,15min,7.0,8.0,0.45,position,2.0,0,342,,0.0
10,15min,7.0,8.0,0.45,position,2.5,0,0,,0.0
10,15min,7.0,8.0,0.45,combined,1.5,0,886,,0.0
10,15min,7.0,8.0,0.45,combined,2.0,0,227,,0.0
10,15min,7.0,8.0,0.45,combined,2.5,0,0,,0.0
10,15min,7.0,10.0,0.25,position,2.5,0,0,,0.0
10,15min,7.0,10.0,0.25,combined,2.5,0,0,,0.0
10,15min,7.0,10.0,0.35,position,2.5,0,0,,0.0
10,15min,7.0,10.0,0.35,combined,2.0,0,227,,0.0
10,15min,7.0,10.0,0.35,combined,2.5,0,0,,0.0
10,15min,7.0,10.0,0.45,slope,1.5,0,19293,,0.0
10,15min,7.0,10.0,0.45,position,1.5,0,1465,,0.0
10,15min,7.0,10.0,0.45,position,2.0,0,342,,0.0
10,15min,7.0,10.0,0.45,position,2.5,0,0,,0.0
10,15min,7.0,10.0,0.45,combined,1.5,0,886,,0.0
10,15min,7.0,10.0,0.45,combined,2.0,0,227,,0.0
10,15min,7.0,10.0,0.45,combined,2.5,0,0,,0.0
10,5min,3.0,6.0,0.25,position,2.5,0,10,,0.0
10,5min,3.0,6.0,0.25,combined,2.5,0,0,,0.0
10,5min,3.0,6.0,0.35,position,2.5,0,10,,0.0
10,5min,3.0,6.0,0.35,combined,2.5,0,0,,0.0
10,5min,3.0,6.0,0.45,slope,1.5,0,21192,,0.0
10,5min,3.0,6.0,0.45,position,1.5,0,2993,,0.0
10,5min,3.0,6.0,0.45,position,2.0,0,672,,0.0
10,5min,3.0,6.0,0.45,position,2.5,0,10,,0.0
10,5min,3.0,6.0,0.45,combined,1.5,0,2263,,0.0
10,5min,3.0,6.0,0.45,combined,2.0,0,500,,0.0
10,5min,3.0,6.0,0.45,combined,2.5,0,0,,0.0
10,5min,3.0,8.0,0.25,position,2.5,0,10,,0.0
10,5min,3.0,8.0,0.25,combined,2.5,0,0,,0.0
10,5min,3.0,8.0,0.35,position,2.5,0,10,,0.0
10,5min,3.0,8.0,0.35,combined,2.5,0,0,,0.0
10,5min,3.0,8.0,0.45,slope,1.5,0,21192,,0.0
10,5min,3.0,8.0,0.45,position,1.5,0,2993,,0.0
10,5min,3.0,8.0,0.45,position,2.0,0,672,,0.0
10,5min,3.0,8.0,0.45,position,2.5,0,10,,0.0
10,5min,3.0,8.0,0.45,combined,1.5,0,2263,,0.0
10,5min,3.0,8.0,0.45,combined,2.0,0,500,,0.0
10,5min,3.0,8.0,0.45,combined,2.5,0,0,,0.0
10,5min,3.0,10.0,0.25,position,2.5,0,10,,0.0
10,5min,3.0,10.0,0.25,combined,2.5,0,0,,0.0
10,5min,3.0,10.0,0.35,position,2.5,0,10,,0.0
10,5min,3.0,10.0,0.35,combined,2.5,0,0,,0.0
10,5min,3.0,10.0,0.45,slope,1.5,0,21192,,0.0
10,5min,3.0,10.0,0.45,position,1.5,0,2993,,0.0
10,5min,3.0,10.0,0.45,position,2.0,0,672,,0.0
10,5min,3.0,10.0,0.45,position,2.5,0,10,,0.0
10,5min,3.0,10.0,0.45,combined,1.5,0,2263,,0.0
10,5min,3.0,10.0,0.45,combined,2.0,0,500,,0.0
10,5min,3.0,10.0,0.45,combined,2.5,0,0,,0.0
10,5min,5.0,6.0,0.25,position,2.5,0,10,,0.0
10,5min,5.0,6.0,0.25,combined,2.5,0,0,,0.0
10,5min,5.0,6.0,0.35,position,2.5,0,10,,0.0
10,5min,5.0,6.0,0.35,combined,2.5,0,0,,0.0
10,5min,5.0,6.0,0.45,slope,1.5,0,21192,,0.0
10,5min,5.0,6.0,0.45,position,1.5,0,2993,,0.0
10,5min,5.0,6.0,0.45,position,2.0,0,672,,0.0
10,5min,5.0,6.0,0.45,position,2.5,0,10,,0.0
10,5min,5.0,6.0,0.45,combined,1.5,0,2263,,0.0
10,5min,5.0,6.0,0.45,combined,2.0,0,500,,0.0
10,5min,5.0,6.0,0.45,combined,2.5,0,0,,0.0
10,5min,5.0,8.0,0.25,position,2.5,0,10,,0.0
10,5min,5.0,8.0,0.25,combined,2.5,0,0,,0.0
10,5min,5.0,8.0,0.35,position,2.5,0,10,,0.0
10,5min,5.0,8.0,0.35,combined,2.5,0,0,,0.0
10,5min,5.0,8.0,0.45,slope,1.5,0,21192,,0.0
10,5min,5.0,8.0,0.45,position,1.5,0,2993,,0.0
10,5min,5.0,8.0,0.45,position,2.0,0,672,,0.0
10,5min,5.0,8.0,0.45,position,2.5,0,10,,0.0
10,5min,5.0,8.0,0.45,combined,1.5,0,2263,,0.0
10,5min,5.0,8.0,0.45,combined,2.0,0,500,,0.0
10,5min,5.0,8.0,0.45,combined,2.5,0,0,,0.0
10,5min,5.0,10.0,0.25,position,2.5,0,10,,0.0
10,5min,5.0,10.0,0.25,combined,2.5,0,0,,0.0
10,5min,5.0,10.0,0.35,position,2.5,0,10,,0.0
10,5min,5.0,10.0,0.35,combined,2.5,0,0,,0.0
10,5min,5.0,10.0,0.45,slope,1.5,0,21192,,0.0
10,5min,5.0,10.0,0.45,position,1.5,0,2993,,0.0
10,5min,5.0,10.0,0.45,position,2.0,0,672,,0.0
10,5min,5.0,10.0,0.45,position,2.5,0,10,,0.0
10,5min,5.0,10.0,0.45,combined,1.5,0,2263,,0.0
10,5min,5.0,10.0,0.45,combined,2.0,0,500,,0.0
10,5min,5.0,10.0,0.45,combined,2.5,0,0,,0.0
10,5min,7.0,6.0,0.25,position,2.5,0,10,,0.0
10,5min,7.0,6.0,0.25,combined,2.5,0,0,,0.0
10,5min,7.0,6.0,0.35,position,2.5,0,10,,0.0
10,5min,7.0,6.0,0.35,combined,2.5,0,0,,0.0
10,5min,7.0,6.0,0.45,slope,1.5,0,21192,,0.0
10,5min,7.0,6.0,0.45,position,1.5,0,2993,,0.0
10,5min,7.0,6.0,0.45,position,2.0,0,672,,0.0
10,5min,7.0,6.0,0.45,position,2.5,0,10,,0.0
10,5min,7.0,6.0,0.45,combined,1.5,0,2263,,0.0
10,5min,7.0,6.0,0.45,combined,2.0,0,500,,0.0
10,5min,7.0,6.0,0.45,combined,2.5,0,0,,0.0
10,5min,7.0,8.0,0.25,position,2.5,0,10,,0.0
10,5min,7.0,8.0,0.25,combined,2.5,0,0,,0.0
10,5min,7.0,8.0,0.35,position,2.5,0,10,,0.0
10,5min,7.0,8.0,0.35,combined,2.5,0,0,,0.0
10,5min,7.0,8.0,0.45,slope,1.5,0,21192,,0.0
10,5min,7.0,8.0,0.45,position,1.5,0,2993,,0.0
10,5min,7.0,8.0,0.45,position,2.0,0,672,,0.0
10,5min,7.0,8.0,0.45,position,2.5,0,10,,0.0
10,5min,7.0,8.0,0.45,combined,1.5,0,2263,,0.0
10,5min,7.0,8.0,0.45,combined,2.0,0,500,,0.0
10,5min,7.0,8.0,0.45,combined,2.5,0,0,,0.0
10,5min,7.0,10.0,0.25,position,2.5,0,10,,0.0
10,5min,7.0,10.0,0.25,combined,2.5,0,0,,0.0
10,5min,7.0,10.0,0.35,position,2.5,0,10,,0.0
10,5min,7.0,10.0,0.35,combined,2.5,0,0,,0.0
10,5min,7.0,10.0,0.45,slope,1.5,0,21192,,0.0
10,5min,7.0,10.0,0.45,position,1.5,0,2993,,0.0
10,5min,7.0,10.0,0.45,position,2.0,0,672,,0.0
10,5min,7.0,10.0,0.45,position,2.5,0,10,,0.0
10,5min,7.0,10.0,0.45,combined,1.5,0,2263,,0.0
10,5min,7.0,10.0,0.45,combined,2.0,0,500,,0.0
10,5min,7.0,10.0,0.45,combined,2.5,0,0,,0.0
20,15min,3.0,6.0,0.25,combined,2.5,0,48,,0.0
20,15min,3.0,6.0,0.35,combined,2.0,0,303,,0.0
20,15min,3.0,6.0,0.35,combined,2.5,0,48,,0.0
20,15min,3.0,6.0,0.45,slope,1.5,0,13628,,0.0
20,15min,3.0,6.0,0.45,position,1.5,0,1460,,0.0
20,15min,3.0,6.0,0.45,position,2.0,0,642,,0.0
20,15min,3.0,6.0,0.45,position,2.5,0,218,,0.0
20,15min,3.0,6.0,0.45,combined,1.5,0,690,,0.0
20,15min,3.0,6.0,0.45,combined,2.0,0,303,,0.0
20,15min,3.0,6.0,0.45,combined,2.5,0,48,,0.0
20,15min,3.0,8.0,0.25,combined,2.5,0,48,,0.0
20,15min,3.0,8.0,0.35,combined,2.0,0,303,,0.0
20,15min,3.0,8.0,0.35,combined,2.5,0,48,,0.0
20,15min,3.0,8.0,0.45,slope,1.5,0,13628,,0.0
20,15min,3.0,8.0,0.45,position,1.5,0,1460,,0.0
20,15min,3.0,8.0,0.45,position,2.0,0,642,,0.0
20,15min,3.0,8.0,0.45,position,2.5,0,218,,0.0
20,15min,3.0,8.0,0.45,combined,1.5,0,690,,0.0
20,15min,3.0,8.0,0.45,combined,2.0,0,303,,0.0
20,15min,3.0,8.0,0.45,combined,2.5,0,48,,0.0
20,15min,3.0,10.0,0.25,combined,2.5,0,48,,0.0
20,15min,3.0,10.0,0.35,combined,2.0,0,303,,0.0
20,15min,3.0,10.0,0.35,combined,2.5,0,48,,0.0
20,15min,3.0,10.0,0.45,slope,1.5,0,13628,,0.0
20,15min,3.0,10.0,0.45,position,1.5,0,1460,,0.0
20,15min,3.0,10.0,0.45,position,2.0,0,642,,0.0
20,15min,3.0,10.0,0.45,position,2.5,0,218,,0.0
20,15min,3.0,10.0,0.45,combined,1.5,0,690,,0.0
20,15min,3.0,10.0,0.45,combined,2.0,0,303,,0.0
20,15min,3.0,10.0,0.45,combined,2.5,0,48,,0.0
20,15min,5.0,6.0,0.25,combined,2.5,0,48,,0.0
20,15min,5.0,6.0,0.35,combined,2.0,0,303,,0.0
20,15min,5.0,6.0,0.35,combined,2.5,0,48,,0.0
20,15min,5.0,6.0,0.45,slope,1.5,0,13628,,0.0
20,15min,5.0,6.0,0.45,position,1.5,0,1460,,0.0
20,15min,5.0,6.0,0.45,position,2.0,0,642,,0.0
20,15min,5.0,6.0,0.45,position,2.5,0,218,,0.0
20,15min,5.0,6.0,0.45,combined,1.5,0,690,,0.0
20,15min,5.0,6.0,0.45,combined,2.0,0,303,,0.0
20,15min,5.0,6.0,0.45,combined,2.5,0,48,,0.0
20,15min,5.0,8.0,0.25,combined,2.5,0,48,,0.0
20,15min,5.0,8.0,0.35,combined,2.0,0,303,,0.0
20,15min,5.0,8.0,0.35,combined,2.5,0,48,,0.0
20,15min,5.0,8.0,0.45,slope,1.5,0,13628,,0.0
20,15min,5.0,8.0,0.45,position,1.5,0,1460,,0.0
20,15min,5.0,8.0,0.45,position,2.0,0,642,,0.0
20,15min,5.0,8.0,0.45,position,2.5,0,218,,0.0
20,15min,5.0,8.0,0.45,combined,1.5,0,690,,0.0
20,15min,5.0,8.0,0.45,combined,2.0,0,303,,0.0
20,15min,5.0,8.0,0.45,combined,2.5,0,48,,0.0
20,15min,5.0,10.0,0.25,combined,2.5,0,48,,0.0
20,15min,5.0,10.0,0.35,combined,2.0,0,303,,0.0
20,15min,5.0,10.0,0.35,combined,2.5,0,48,,0.0
20,15min,5.0,10.0,0.45,slope,1.5,0,13628,,0.0
20,15min,5.0,10.0,0.45,position,1.5,0,1460,,0.0
20,15min,5.0,10.0,0.45,position,2.0,0,642,,0.0
20,15min,5.0,10.0,0.45,position,2.5,0,218,,0.0
20,15min,5.0,10.0,0.45,combined,1.5,0,690,,0.0
20,15min,5.0,10.0,0.45,combined,2.0,0,303,,0.0
20,15min,5.0,10.0,0.45,combined,2.5,0,48,,0.0
20,15min,7.0,6.0,0.25,combined,2.5,0,48,,0.0
20,15min,7.0,6.0,0.35,combined,2.0,0,303,,0.0
20,15min,7.0,6.0,0.35,combined,2.5,0,48,,0.0
20,15min,7.0,6.0,0.45,slope,1.5,0,13628,,0.0
20,15min,7.0,6.0,0.45,position,1.5,0,1460,,0.0
20,15min,7.0,6.0,0.45,position,2.0,0,642,,0.0
20,15min,7.0,6.0,0.45,position,2.5,0,218,,0.0
20,15min,7.0,6.0,0.45,combined,1.5,0,690,,0.0
20,15min,7.0,6.0,0.45,combined,2.0,0,303,,0.0
20,15min,7.0,6.0,0.45,combined,2.5,0,48,,0.0
20,15min,7.0,8.0,0.25,combined,2.5,0,48,,0.0
20,15min,7.0,8.0,0.35,combined,2.0,0,303,,0.0
20,15min,7.0,8.0,0.35,combined,2.5,0,48,,0.0
20,15min,7.0,8.0,0.45,slope,1.5,0,13628,,0.0
20,15min,7.0,8.0,0.45,position,1.5,0,1460,,0.0
20,15min,7.0,8.0,0.45,position,2.0,0,642,,0.0
20,15min,7.0,8.0,0.45,position,2.5,0,218,,0.0
20,15min,7.0,8.0,0.45,combined,1.5,0,690,,0.0
20,15min,7.0,8.0,0.45,combined,2.0,0,303,,0.0
20,15min,7.0,8.0,0.45,combined,2.5,0,48,,0.0
20,15min,7.0,10.0,0.25,combined,2.5,0,48,,0.0
20,15min,7.0,10.0,0.35,combined,2.0,0,303,,0.0
20,15min,7.0,10.0,0.35,combined,2.5,0,48,,0.0
20,15min,7.0,10.0,0.45,slope,1.5,0,13628,,0.0
20,15min,7.0,10.0,0.45,position,1.5,0,1460,,0.0
20,15min,7.0,10.0,0.45,position,2.0,0,642,,0.0
20,15min,7.0,10.0,0.45,position,2.5,0,218,,0.0
20,15min,7.0,10.0,0.45,combined,1.5,0,690,,0.0
20,15min,7.0,10.0,0.45,combined,2.0,0,303,,0.0
20,15min,7.0,10.0,0.45,combined,2.5,0,48,,0.0
20,5min,3.0,6.0,0.45,slope,1.5,0,21187,,0.0
20,5min,3.0,6.0,0.45,position,1.5,0,3123,,0.0
20,5min,3.0,6.0,0.45,position,2.0,0,1212,,0.0
20,5min,3.0,6.0,0.45,position,2.5,0,367,,0.0
20,5min,3.0,6.0,0.45,combined,1.5,0,2368,,0.0
20,5min,3.0,6.0,0.45,combined,2.0,0,899,,0.0
20,5min,3.0,6.0,0.45,combined,2.5,0,248,,0.0
20,5min,3.0,8.0,0.45,slope,1.5,0,21187,,0.0
20,5min,3.0,8.0,0.45,position,1.5,0,3123,,0.0
20,5min,3.0,8.0,0.45,position,2.0,0,1212,,0.0
20,5min,3.0,8.0,0.45,position,2.5,0,367,,0.0
20,5min,3.0,8.0,0.45,combined,1.5,0,2368,,0.0
20,5min,3.0,8.0,0.45,combined,2.0,0,899,,0.0
20,5min,3.0,8.0,0.45,combined,2.5,0,248,,0.0
20,5min,3.0,10.0,0.45,slope,1.5,0,21187,,0.0
20,5min,3.0,10.0,0.45,position,1.5,0,3123,,0.0
20,5min,3.0,10.0,0.45,position,2.0,0,1212,,0.0
20,5min,3.0,10.0,0.45,position,2.5,0,367,,0.0
20,5min,3.0,10.0,0.45,combined,1.5,0,2368,,0.0
20,5min,3.0,10.0,0.45,combined,2.0,0,899,,0.0
20,5min,3.0,10.0,0.45,combined,2.5,0,248,,0.0
20,5min,5.0,6.0,0.45,slope,1.5,0,21187,,0.0
20,5min,5.0,6.0,0.45,position,1.5,0,3123,,0.0
20,5min,5.0,6.0,0.45,position,2.0,0,1212,,0.0
20,5min,5.0,6.0,0.45,position,2.5,0,367,,0.0
20,5min,5.0,6.0,0.45,combined,1.5,0,2368,,0.0
20,5min,5.0,6.0,0.45,combined,2.0,0,899,,0.0
20,5min,5.0,6.0,0.45,combined,2.5,0,248,,0.0
20,5min,5.0,8.0,0.45,slope,1.5,0,21187,,0.0
20,5min,5.0,8.0,0.45,position,1.5,0,3123,,0.0
20,5min,5.0,8.0,0.45,position,2.0,0,1212,,0.0
20,5min,5.0,8.0,0.45,position,2.5,0,367,,0.0
20,5min,5.0,8.0,0.45,combined,1.5,0,2368,,0.0
20,5min,5.0,8.0,0.45,combined,2.0,0,899,,0.0
20,5min,5.0,8.0,0.45,combined,2.5,0,248,,0.0
20,5min,5.0,10.0,0.45,slope,1.5,0,21187,,0.0
20,5min,5.0,10.0,0.45,position,1.5,0,3123,,0.0
20,5min,5.0,10.0,0.45,position,2.0,0,1212,,0.0
20,5min,5.0,10.0,0.45,position,2.5,0,367,,0.0
20,5min,5.0,10.0,0.45,combined,1.5,0,2368,,0.0
20,5min,5.0,10.0,0.45,combined,2.0,0,899,,0.0
20,5min,5.0,10.0,0.45,combined,2.5,0,248,,0.0
20,5min,7.0,6.0,0.45,slope,1.5,0,21187,,0.0
20,5min,7.0,6.0,0.45,position,1.5,0,3123,,0.0
20,5min,7.0,6.0,0.45,position,2.0,0,1212,,0.0
20,5min,7.0,6.0,0.45,position,2.5,0,367,,0.0
20,5min,7.0,6.0,0.45,combined,1.5,0,2368,,0.0
20,5min,7.0,6.0,0.45,combined,2.0,0,899,,0.0
20,5min,7.0,6.0,0.45,combined,2.5,0,248,,0.0
20,5min,7.0,8.0,0.45,slope,1.5,0,21187,,0.0
20,5min,7.0,8.0,0.45,position,1.5,0,3123,,0.0
20,5min,7.0,8.0,0.45,position,2.0,0,1212,,0.0
20,5min,7.0,8.0,0.45,position,2.5,0,367,,0.0
20,5min,7.0,8.0,0.45,combined,1.5,0,2368,,0.0
20,5min,7.0,8.0,0.45,combined,2.0,0,899,,0.0
20,5min,7.0,8.0,0.45,combined,2.5,0,248,,0.0
20,5min,7.0,10.0,0.45,slope,1.5,0,21187,,0.0
20,5min,7.0,10.0,0.45,position,1.5,0,3123,,0.0
20,5min,7.0,10.0,0.45,position,2.0,0,1212,,0.0
20,5min,7.0,10.0,0.45,position,2.5,0,367,,0.0
20,5min,7.0,10.0,0.45,combined,1.5,0,2368,,0.0
20,5min,7.0,10.0,0.45,combined,2.0,0,899,,0.0
20,5min,7.0,10.0,0.45,combined,2.5,0,248,,0.0
100,15min,3.0,6.0,0.25,combined,2.0,0,77,,0.0
100,15min,3.0,6.0,0.25,combined,2.5,0,42,,0.0
100,15min,3.0,6.0,0.35,position,2.0,0,137,,0.0
100,15min,3.0,6.0,0.35,position,2.5,0,87,,0.0
100,15min,3.0,6.0,0.35,combined,2.0,0,77,,0.0
100,15min,3.0,6.0,0.35,combined,2.5,0,42,,0.0
100,15min,3.0,6.0,0.45,slope,1.5,0,8663,,0.0
100,15min,3.0,6.0,0.45,position,1.5,0,714,,0.0
100,15min,3.0,6.0,0.45,position,2.0,0,137,,0.0
100,15min,3.0,6.0,0.45,position,2.5,0,87,,0.0
100,15min,3.0,6.0,0.45,combined,1.5,0,575,,0.0
100,15min,3.0,6.0,0.45,combined,2.0,0,77,,0.0
100,15min,3.0,6.0,0.45,combined,2.5,0,42,,0.0
100,15min,3.0,8.0,0.25,combined,2.0,0,77,,0.0
100,15min,3.0,8.0,0.25,combined,2.5,0,42,,0.0
100,15min,3.0,8.0,0.35,position,2.0,0,137,,0.0
100,15min,3.0,8.0,0.35,position,2.5,0,87,,0.0
100,15min,3.0,8.0,0.35,combined,2.0,0,77,,0.0
100,15min,3.0,8.0,0.35,combined,2.5,0,42,,0.0
100,15min,3.0,8.0,0.45,slope,1.5,0,8663,,0.0
100,15min,3.0,8.0,0.45,position,1.5,0,714,,0.0
100,15min,3.0,8.0,0.45,position,2.0,0,137,,0.0
100,15min,3.0,8.0,0.45,position,2.5,0,87,,0.0
100,15min,3.0,8.0,0.45,combined,1.5,0,575,,0.0
100,15min,3.0,8.0,0.45,combined,2.0,0,77,,0.0
100,15min,3.0,8.0,0.45,combined,2.5,0,42,,0.0
100,15min,3.0,10.0,0.25,combined,2.0,0,77,,0.0
100,15min,3.0,10.0,0.25,combined,2.5,0,42,,0.0
100,15min,3.0,10.0,0.35,position,2.0,0,137,,0.0
100,15min,3.0,10.0,0.35,position,2.5,0,87,,0.0
100,15min,3.0,10.0,0.35,combined,2.0,0,77,,0.0
100,15min,3.0,10.0,0.35,combined,2.5,0,42,,0.0
100,15min,3.0,10.0,0.45,slope,1.5,0,8663,,0.0
100,15min,3.0,10.0,0.45,position,1.5,0,714,,0.0
100,15min,3.0,10.0,0.45,position,2.0,0,137,,0.0
100,15min,3.0,10.0,0.45,position,2.5,0,87,,0.0
100,15min,3.0,10.0,0.45,combined,1.5,0,575,,0.0
100,15min,3.0,10.0,0.45,combined,2.0,0,77,,0.0
100,15min,3.0,10.0,0.45,combined,2.5,0,42,,0.0
100,15min,5.0,6.0,0.25,combined,2.0,0,77,,0.0
100,15min,5.0,6.0,0.25,combined,2.5,0,42,,0.0
100,15min,5.0,6.0,0.35,position,2.0,0,137,,0.0
100,15min,5.0,6.0,0.35,position,2.5,0,87,,0.0
100,15min,5.0,6.0,0.35,combined,2.0,0,77,,0.0
100,15min,5.0,6.0,0.35,combined,2.5,0,42,,0.0
100,15min,5.0,6.0,0.45,slope,1.5,0,8663,,0.0
100,15min,5.0,6.0,0.45,position,1.5,0,714,,0.0
100,15min,5.0,6.0,0.45,position,2.0,0,137,,0.0
100,15min,5.0,6.0,0.45,position,2.5,0,87,,0.0
100,15min,5.0,6.0,0.45,combined,1.5,0,575,,0.0
100,15min,5.0,6.0,0.45,combined,2.0,0,77,,0.0
100,15min,5.0,6.0,0.45,combined,2.5,0,42,,0.0
100,15min,5.0,8.0,0.25,combined,2.0,0,77,,0.0
100,15min,5.0,8.0,0.25,combined,2.5,0,42,,0.0
100,15min,5.0,8.0,0.35,position,2.0,0,137,,0.0
100,15min,5.0,8.0,0.35,position,2.5,0,87,,0.0
100,15min,5.0,8.0,0.35,combined,2.0,0,77,,0.0
100,15min,5.0,8.0,0.35,combined,2.5,0,42,,0.0
100,15min,5.0,8.0,0.45,slope,1.5,0,8663,,0.0
100,15min,5.0,8.0,0.45,position,1.5,0,714,,0.0
100,15min,5.0,8.0,0.45,position,2.0,0,137,,0.0
100,15min,5.0,8.0,0.45,position,2.5,0,87,,0.0
100,15min,5.0,8.0,0.45,combined,1.5,0,575,,0.0
100,15min,5.0,8.0,0.45,combined,2.0,0,77,,0.0
100,15min,5.0,8.0,0.45,combined,2.5,0,42,,0.0
100,15min,5.0,10.0,0.25,combined,2.0,0,77,,0.0
100,15min,5.0,10.0,0.25,combined,2.5,0,42,,0.0
100,15min,5.0,10.0,0.35,position,2.0,0,137,,0.0
100,15min,5.0,10.0,0.35,position,2.5,0,87,,0.0
100,15min,5.0,10.0,0.35,combined,2.0,0,77,,0.0
100,15min,5.0,10.0,0.35,combined,2.5,0,42,,0.0
100,15min,5.0,10.0,0.45,slope,1.5,0,8663,,0.0
100,15min,5.0,10.0,0.45,position,1.5,0,714,,0.0
100,15min,5.0,10.0,0.45,position,2.0,0,137,,0.0
100,15min,5.0,10.0,0.45,position,2.5,0,87,,0.0
100,15min,5.0,10.0,0.45,combined,1.5,0,575,,0.0
100,15min,5.0,10.0,0.45,combined,2.0,0,77,,0.0
100,15min,5.0,10.0,0.45,combined,2.5,0,42,,0.0
100,15min,7.0,6.0,0.25,combined,2.0,0,77,,0.0
100,15min,7.0,6.0,0.25,combined,2.5,0,42,,0.0
100,15min,7.0,6.0,0.35,position,2.0,0,137,,0.0
100,15min,7.0,6.0,0.35,position,2.5,0,87,,0.0
100,15min,7.0,6.0,0.35,combined,2.0,0,77,,0.0
100,15min,7.0,6.0,0.35,combined,2.5,0,42,,0.0
100,15min,7.0,6.0,0.45,slope,1.5,0,8663,,0.0
100,15min,7.0,6.0,0.45,position,1.5,0,714,,0.0
100,15min,7.0,6.0,0.45,position,2.0,0,137,,0.0
100,15min,7.0,6.0,0.45,position,2.5,0,87,,0.0
100,15min,7.0,6.0,0.45,combined,1.5,0,575,,0.0
100,15min,7.0,6.0,0.45,combined,2.0,0,77,,0.0
100,15min,7.0,6.0,0.45,combined,2.5,0,42,,0.0
100,15min,7.0,8.0,0.25,combined,2.0,0,77,,0.0
100,15min,7.0,8.0,0.25,combined,2.5,0,42,,0.0
100,15min,7.0,8.0,0.35,position,2.0,0,137,,0.0
100,15min,7.0,8.0,0.35,position,2.5,0,87,,0.0
100,15min,7.0,8.0,0.35,combined,2.0,0,77,,0.0
100,15min,7.0,8.0,0.35,combined,2.5,0,42,,0.0
100,15min,7.0,8.0,0.45,slope,1.5,0,8663,,0.0
100,15min,7.0,8.0,0.45,position,1.5,0,714,,0.0
100,15min,7.0,8.0,0.45,position,2.0,0,137,,0.0
100,15min,7.0,8.0,0.45,position,2.5,0,87,,0.0
100,15min,7.0,8.0,0.45,combined,1.5,0,575,,0.0
100,15min,7.0,8.0,0.45,combined,2.0,0,77,,0.0
100,15min,7.0,8.0,0.45,combined,2.5,0,42,,0.0
100,15min,7.0,10.0,0.25,combined,2.0,0,77,,0.0
100,15min,7.0,10.0,0.25,combined,2.5,0,42,,0.0
100,15min,7.0,10.0,0.35,position,2.0,0,137,,0.0
100,15min,7.0,10.0,0.35,position,2.5,0,87,,0.0
100,15min,7.0,10.0,0.35,combined,2.0,0,77,,0.0
100,15min,7.0,10.0,0.35,combined,2.5,0,42,,0.0
100,15min,7.0,10.0,0.45,slope,1.5,0,8663,,0.0
100,15min,7.0,10.0,0.45,position,1.5,0,714,,0.0
100,15min,7.0,10.0,0.45,position,2.0,0,137,,0.0
100,15min,7.0,10.0,0.45,position,2.5,0,87,,0.0
100,15min,7.0,10.0,0.45,combined,1.5,0,575,,0.0
100,15min,7.0,10.0,0.45,combined,2.0,0,77,,0.0
100,15min,7.0,10.0,0.45,combined,2.5,0,42,,0.0
100,5min,3.0,6.0,0.25,combined,2.0,0,260,,0.0
100,5min,3.0,6.0,0.25,combined,2.5,0,110,,0.0
100,5min,3.0,6.0,0.35,combined,2.0,0,260,,0.0
100,5min,3.0,6.0,0.35,combined,2.5,0,110,,0.0
100,5min,3.0,6.0,0.45,slope,1.5,0,10410,,0.0
100,5min,3.0,6.0,0.45,position,1.5,0,1162,,0.0
100,5min,3.0,6.0,0.45,position,2.0,0,664,,0.0
100,5min,3.0,6.0,0.45,position,2.5,0,354,,0.0
100,5min,3.0,6.0,0.45,combined,1.5,0,502,,0.0
100,5min,3.0,6.0,0.45,combined,2.0,0,260,,0.0
100,5min,3.0,6.0,0.45,combined,2.5,0,110,,0.0
100,5min,3.0,8.0,0.25,combined,2.0,0,260,,0.0
100,5min,3.0,8.0,0.25,combined,2.5,0,110,,0.0
100,5min,3.0,8.0,0.35,combined,2.0,0,260,,0.0
100,5min,3.0,8.0,0.35,combined,2.5,0,110,,0.0
100,5min,3.0,8.0,0.45,slope,1.5,0,10410,,0.0
100,5min,3.0,8.0,0.45,position,1.5,0,1162,,0.0
100,5min,3.0,8.0,0.45,position,2.0,0,664,,0.0
100,5min,3.0,8.0,0.45,position,2.5,0,354,,0.0
100,5min,3.0,8.0,0.45,combined,1.5,0,502,,0.0
100,5min,3.0,8.0,0.45,combined,2.0,0,260,,0.0
100,5min,3.0,8.0,0.45,combined,2.5,0,110,,0.0
100,5min,3.0,10.0,0.25,combined,2.0,0,260,,0.0
100,5min,3.0,10.0,0.25,combined,2.5,0,110,,0.0
100,5min,3.0,10.0,0.35,combined,2.0,0,260,,0.0
100,5min,3.0,10.0,0.35,combined,2.5,0,110,,0.0
100,5min,3.0,10.0,0.45,slope,1.5,0,10410,,0.0
100,5min,3.0,10.0,0.45,position,1.5,0,1162,,0.0
100,5min,3.0,10.0,0.45,position,2.0,0,664,,0.0
100,5min,3.0,10.0,0.45,position,2.5,0,354,,0.0
100,5min,3.0,10.0,0.45,combined,1.5,0,502,,0.0
100,5min,3.0,10.0,0.45,combined,2.0,0,260,,0.0
100,5min,3.0,10.0,0.45,combined,2.5,0,110,,0.0
100,5min,5.0,6.0,0.25,combined,2.0,0,260,,0.0
100,5min,5.0,6.0,0.25,combined,2.5,0,110,,0.0
100,5min,5.0,6.0,0.35,combined,2.0,0,260,,0.0
100,5min,5.0,6.0,0.35,combined,2.5,0,110,,0.0
100,5min,5.0,6.0,0.45,slope,1.5,0,10410,,0.0
100,5min,5.0,6.0,0.45,position,1.5,0,1162,,0.0
100,5min,5.0,6.0,0.45,position,2.0,0,664,,0.0
100,5min,5.0,6.0,0.45,position,2.5,0,354,,0.0
100,5min,5.0,6.0,0.45,combined,1.5,0,502,,0.0
100,5min,5.0,6.0,0.45,combined,2.0,0,260,,0.0
100,5min,5.0,6.0,0.45,combined,2.5,0,110,,0.0
100,5min,5.0,8.0,0.25,combined,2.0,0,260,,0.0
100,5min,5.0,8.0,0.25,combined,2.5,0,110,,0.0
100,5min,5.0,8.0,0.35,combined,2.0,0,260,,0.0
100,5min,5.0,8.0,0.35,combined,2.5,0,110,,0.0
100,5min,5.0,8.0,0.45,slope,1.5,0,10410,,0.0
100,5min,5.0,8.0,0.45,position,1.5,0,1162,,0.0
100,5min,5.0,8.0,0.45,position,2.0,0,664,,0.0
100,5min,5.0,8.0,0.45,position,2.5,0,354,,0.0
100,5min,5.0,8.0,0.45,combined,1.5,0,502,,0.0
100,5min,5.0,8.0,0.45,combined,2.0,0,260,,0.0
100,5min,5.0,8.0,0.45,combined,2.5,0,110,,0.0
100,5min,5.0,10.0,0.25,combined,2.0,0,260,,0.0
100,5min,5.0,10.0,0.25,combined,2.5,0,110,,0.0
100,5min,5.0,10.0,0.35,combined,2.0,0,260,,0.0
100,5min,5.0,10.0,0.35,combined,2.5,0,110,,0.0
100,5min,5.0,10.0,0.45,slope,1.5,0,10410,,0.0
100,5min,5.0,10.0,0.45,position,1.5,0,1162,,0.0
100,5min,5.0,10.0,0.45,position,2.0,0,664,,0.0
100,5min,5.0,10.0,0.45,position,2.5,0,354,,0.0
100,5min,5.0,10.0,0.45,combined,1.5,0,502,,0.0
100,5min,5.0,10.0,0.45,combined,2.0,0,260,,0.0
100,5min,5.0,10.0,0.45,combined,2.5,0,110,,0.0
100,5min,7.0,6.0,0.25,combined,2.0,0,260,,0.0
100,5min,7.0,6.0,0.25,combined,2.5,0,110,,0.0
100,5min,7.0,6.0,0.35,combined,2.0,0,260,,0.0
100,5min,7.0,6.0,0.35,combined,2.5,0,110,,0.0
100,5min,7.0,6.0,0.45,slope,1.5,0,10410,,0.0
100,5min,7.0,6.0,0.45,position,1.5,0,1162,,0.0
100,5min,7.0,6.0,0.45,position,2.0,0,664,,0.0
100,5min,7.0,6.0,0.45,position,2.5,0,354,,0.0
100,5min,7.0,6.0,0.45,combined,1.5,0,502,,0.0
100,5min,7.0,6.0,0.45,combined,2.0,0,260,,0.0
100,5min,7.0,6.0,0.45,combined,2.5,0,110,,0.0
100,5min,7.0,8.0,0.25,combined,2.0,0,260,,0.0
100,5min,7.0,8.0,0.25,combined,2.5,0,110,,0.0
100,5min,7.0,8.0,0.35,combined,2.0,0,260,,0.0
100,5min,7.0,8.0,0.35,combined,2.5,0,110,,0.0
100,5min,7.0,8.0,0.45,slope,1.5,0,10410,,0.0
100,5min,7.0,8.0,0.45,position,1.5,0,1162,,0.0
100,5min,7.0,8.0,0.45,position,2.0,0,664,,0.0
100,5min,7.0,8.0,0.45,position,2.5,0,354,,0.0
100,5min,7.0,8.0,0.45,combined,1.5,0,502,,0.0
100,5min,7.0,8.0,0.45,combined,2.0,0,260,,0.0
100,5min,7.0,8.0,0.45,combined,2.5,0,110,,0.0
100,5min,7.0,10.0,0.25,combined,2.0,0,260,,0.0
100,5min,7.0,10.0,0.25,combined,2.5,0,110,,0.0
100,5min,7.0,10.0,0.35,combined,2.0,0,260,,0.0
100,5min,7.0,10.0,0.35,combined,2.5,0,110,,0.0
100,5min,7.0,10.0,0.45,slope,1.5,0,10410,,0.0
100,5min,7.0,10.0,0.45,position,1.5,0,1162,,0.0
100,5min,7.0,10.0,0.45,position,2.0,0,664,,0.0
100,5min,7.0,10.0,0.45,position,2.5,0,354,,0.0
100,5min,7.0,10.0,0.45,combined,1.5,0,502,,0.0
100,5min,7.0,10.0,0.45,combined,2.0,0,260,,0.0
100,5min,7.0,10.0,0.45,combined,2.5,0,110,,0.0
150,15min,3.0,6.0,0.25,combined,2.5,0,25,,0.0
150,15min,3.0,6.0,0.35,position,2.5,0,85,,0.0
150,15min,3.0,6.0,0.35,combined,2.5,0,25,,0.0
150,15min,3.0,6.0,0.45,slope,1.5,0,8621,,0.0
150,15min,3.0,6.0,0.45,position,1.5,0,2389,,0.0
150,15min,3.0,6.0,0.45,position,2.0,0,436,,0.0
150,15min,3.0,6.0,0.45,position,2.5,0,85,,0.0
150,15min,3.0,6.0,0.45,combined,1.5,0,1731,,0.0
150,15min,3.0,6.0,0.45,combined,2.0,0,361,,0.0
150,15min,3.0,6.0,0.45,combined,2.5,0,25,,0.0
150,15min,3.0,8.0,0.25,combined,2.5,0,25,,0.0
150,15min,3.0,8.0,0.35,position,2.5,0,85,,0.0
150,15min,3.0,8.0,0.35,combined,2.5,0,25,,0.0
150,15min,3.0,8.0,0.45,slope,1.5,0,8621,,0.0
150,15min,3.0,8.0,0.45,position,1.5,0,2389,,0.0
150,15min,3.0,8.0,0.45,position,2.0,0,436,,0.0
150,15min,3.0,8.0,0.45,position,2.5,0,85,,0.0
150,15min,3.0,8.0,0.45,combined,1.5,0,1731,,0.0
150,15min,3.0,8.0,0.45,combined,2.0,0,361,,0.0
150,15min,3.0,8.0,0.45,combined,2.5,0,25,,0.0
150,15min,3.0,10.0,0.25,combined,2.5,0,25,,0.0
150,15min,3.0,10.0,0.35,position,2.5,0,85,,0.0
150,15min,3.0,10.0,0.35,combined,2.5,0,25,,0.0
150,15min,3.0,10.0,0.45,slope,1.5,0,8621,,0.0
150,15min,3.0,10.0,0.45,position,1.5,0,2389,,0.0
150,15min,3.0,10.0,0.45,position,2.0,0,436,,0.0
150,15min,3.0,10.0,0.45,position,2.5,0,85,,0.0
150,15min,3.0,10.0,0.45,combined,1.5,0,1731,,0.0
150,15min,3.0,10.0,0.45,combined,2.0,0,361,,0.0
150,15min,3.0,10.0,0.45,combined,2.5,0,25,,0.0
150,15min,5.0,6.0,0.25,combined,2.5,0,25,,0.0
150,15min,5.0,6.0,0.35,position,2.5,0,85,,0.0
150,15min,5.0,6.0,0.35,combined,2.5,0,25,,0.0
150,15min,5.0,6.0,0.45,slope,1.5,0,8621,,0.0
150,15min,5.0,6.0,0.45,position,1.5,0,2389,,0.0
150,15min,5.0,6.0,0.45,position,2.0,0,436,,0.0
150,15min,5.0,6.0,0.45,position,2.5,0,85,,0.0
150,15min,5.0,6.0,0.45,combined,1.5,0,1731,,0.0
150,15min,5.0,6.0,0.45,combined,2.0,0,361,,0.0
150,15min,5.0,6.0,0.45,combined,2.5,0,25,,0.0
150,15min,5.0,8.0,0.25,combined,2.5,0,25,,0.0
150,15min,5.0,8.0,0.35,position,2.5,0,85,,0.0
150,15min,5.0,8.0,0.35,combined,2.5,0,25,,0.0
150,15min,5.0,8.0,0.45,slope,1.5,0,8621,,0.0
150,15min,5.0,8.0,0.45,position,1.5,0,2389,,0.0
150,15min,5.0,8.0,0.45,position,2.0,0,436,,0.0
150,15min,5.0,8.0,0.45,position,2.5,0,85,,0.0
150,15min,5.0,8.0,0.45,combined,1.5,0,1731,,0.0
150,15min,5.0,8.0,0.45,combined,2.0,0,361,,0.0
150,15min,5.0,8.0,0.45,combined,2.5,0,25,,0.0
150,15min,5.0,10.0,0.25,combined,2.5,0,25,,0.0
150,15min,5.0,10.0,0.35,position,2.5,0,85,,0.0
150,15min,5.0,10.0,0.35,combined,2.5,0,25,,0.0
150,15min,5.0,10.0,0.45,slope,1.5,0,8621,,0.0
150,15min,5.0,10.0,0.45,position,1.5,0,2389,,0.0
150,15min,5.0,10.0,0.45,position,2.0,0,436,,0.0
150,15min,5.0,10.0,0.45,position,2.5,0,85,,0.0
150,15min,5.0,10.0,0.45,combined,1.5,0,1731,,0.0
150,15min,5.0,10.0,0.45,combined,2.0,0,361,,0.0
150,15min,5.0,10.0,0.45,combined,2.5,0,25,,0.0
150,15min,7.0,6.0,0.25,combined,2.5,0,25,,0.0
150,15min,7.0,6.0,0.35,position,2.5,0,85,,0.0
150,15min,7.0,6.0,0.35,combined,2.5,0,25,,0.0
150,15min,7.0,6.0,0.45,slope,1.5,0,8621,,0.0
150,15min,7.0,6.0,0.45,position,1.5,0,2389,,0.0
150,15min,7.0,6.0,0.45,position,2.0,0,436,,0.0
150,15min,7.0,6.0,0.45,position,2.5,0,85,,0.0
150,15min,7.0,6.0,0.45,combined,1.5,0,1731,,0.0
150,15min,7.0,6.0,0.45,combined,2.0,0,361,,0.0
150,15min,7.0,6.0,0.45,combined,2.5,0,25,,0.0
150,15min,7.0,8.0,0.25,combined,2.5,0,25,,0.0
150,15min,7.0,8.0,0.35,position,2.5,0,85,,0.0
150,15min,7.0,8.0,0.35,combined,2.5,0,25,,0.0
150,15min,7.0,8.0,0.45,slope,1.5,0,8621,,0.0
150,15min,7.0,8.0,0.45,position,1.5,0,2389,,0.0
150,15min,7.0,8.0,0.45,position,2.0,0,436,,0.0
150,15min,7.0,8.0,0.45,position,2.5,0,85,,0.0
150,15min,7.0,8.0,0.45,combined,1.5,0,1731,,0.0
150,15min,7.0,8.0,0.45,combined,2.0,0,361,,0.0
150,15min,7.0,8.0,0.45,combined,2.5,0,25,,0.0
150,15min,7.0,10.0,0.25,combined,2.5,0,25,,0.0
150,15min,7.0,10.0,0.35,position,2.5,0,85,,0.0
150,15min,7.0,10.0,0.35,combined,2.5,0,25,,0.0
150,15min,7.0,10.0,0.45,slope,1.5,0,8621,,0.0
150,15min,7.0,10.0,0.45,position,1.5,0,2389,,0.0
150,15min,7.0,10.0,0.45,position,2.0,0,436,,0.0
150,15min,7.0,10.0,0.45,position,2.5,0,85,,0.0
150,15min,7.0,10.0,0.45,combined,1.5,0,1731,,0.0
150,15min,7.0,10.0,0.45,combined,2.0,0,361,,0.0
150,15min,7.0,10.0,0.45,combined,2.5,0,25,,0.0
150,5min,3.0,6.0,0.25,combined,2.0,0,164,,0.0
150,5min,3.0,6.0,0.25,combined,2.5,0,124,,0.0
150,5min,3.0,6.0,0.35,combined,2.0,0,164,,0.0
150,5min,3.0,6.0,0.35,combined,2.5,0,124,,0.0
150,5min,3.0,6.0,0.45,slope,1.5,0,7778,,0.0
150,5min,3.0,6.0,0.45,position,1.5,0,1116,,0.0
150,5min,3.0,6.0,0.45,position,2.0,0,488,,0.0
150,5min,3.0,6.0,0.45,position,2.5,0,324,,0.0
150,5min,3.0,6.0,0.45,combined,1.5,0,570,,0.0
150,5min,3.0,6.0,0.45,combined,2.0,0,164,,0.0
150,5min,3.0,6.0,0.45,combined,2.5,0,124,,0.0
150,5min,3.0,8.0,0.25,combined,2.0,0,164,,0.0
150,5min,3.0,8.0,0.25,combined,2.5,0,124,,0.0
150,5min,3.0,8.0,0.35,combined,2.0,0,164,,0.0
150,5min,3.0,8.0,0.35,combined,2.5,0,124,,0.0
150,5min,3.0,8.0,0.45,slope,1.5,0,7778,,0.0
150,5min,3.0,8.0,0.45,position,1.5,0,1116,,0.0
150,5min,3.0,8.0,0.45,position,2.0,0,488,,0.0
150,5min,3.0,8.0,0.45,position,2.5,0,324,,0.0
150,5min,3.0,8.0,0.45,combined,1.5,0,570,,0.0
150,5min,3.0,8.0,0.45,combined,2.0,0,164,,0.0
150,5min,3.0,8.0,0.45,combined,2.5,0,124,,0.0
150,5min,3.0,10.0,0.25,combined,2.0,0,164,,0.0
150,5min,3.0,10.0,0.25,combined,2.5,0,124,,0.0
150,5min,3.0,10.0,0.35,combined,2.0,0,164,,0.0
150,5min,3.0,10.0,0.35,combined,2.5,0,124,,0.0
150,5min,3.0,10.0,0.45,slope,1.5,0,7778,,0.0
150,5min,3.0,10.0,0.45,position,1.5,0,1116,,0.0
150,5min,3.0,10.0,0.45,position,2.0,0,488,,0.0
150,5min,3.0,10.0,0.45,position,2.5,0,324,,0.0
150,5min,3.0,10.0,0.45,combined,1.5,0,570,,0.0
150,5min,3.0,10.0,0.45,combined,2.0,0,164,,0.0
150,5min,3.0,10.0,0.45,combined,2.5,0,124,,0.0
150,5min,5.0,6.0,0.25,combined,2.0,0,164,,0.0
150,5min,5.0,6.0,0.25,combined,2.5,0,124,,0.0
150,5min,5.0,6.0,0.35,combined,2.0,0,164,,0.0
150,5min,5.0,6.0,0.35,combined,2.5,0,124,,0.0
150,5min,5.0,6.0,0.45,slope,1.5,0,7778,,0.0
150,5min,5.0,6.0,0.45,position,1.5,0,1116,,0.0
150,5min,5.0,6.0,0.45,position,2.0,0,488,,0.0
150,5min,5.0,6.0,0.45,position,2.5,0,324,,0.0
150,5min,5.0,6.0,0.45,combined,1.5,0,570,,0.0
150,5min,5.0,6.0,0.45,combined,2.0,0,164,,0.0
150,5min,5.0,6.0,0.45,combined,2.5,0,124,,0.0
150,5min,5.0,8.0,0.25,combined,2.0,0,164,,0.0
150,5min,5.0,8.0,0.25,combined,2.5,0,124,,0.0
150,5min,5.0,8.0,0.35,combined,2.0,0,164,,0.0
150,5min,5.0,8.0,0.35,combined,2.5,0,124,,0.0
150,5min,5.0,8.0,0.45,slope,1.5,0,7778,,0.0
150,5min,5.0,8.0,0.45,position,1.5,0,1116,,0.0
150,5min,5.0,8.0,0.45,position,2.0,0,488,,0.0
150,5min,5.0,8.0,0.45,position,2.5,0,324,,0.0
150,5min,5.0,8.0,0.45,combined,1.5,0,570,,0.0
150,5min,5.0,8.0,0.45,combined,2.0,0,164,,0.0
150,5min,5.0,8.0,0.45,combined,2.5,0,124,,0.0
150,5min,5.0,10.0,0.25,combined,2.0,0,164,,0.0
150,5min,5.0,10.0,0.25,combined,2.5,0,124,,0.0
150,5min,5.0,10.0,0.35,combined,2.0,0,164,,0.0
150,5min,5.0,10.0,0.35,combined,2.5,0,124,,0.0
150,5min,5.0,10.0,0.45,slope,1.5,0,7778,,0.0
150,5min,5.0,10.0,0.45,position,1.5,0,1116,,0.0
150,5min,5.0,10.0,0.45,position,2.0,0,488,,0.0
150,5min,5.0,10.0,0.45,position,2.5,0,324,,0.0
150,5min,5.0,10.0,0.45,combined,1.5,0,570,,0.0
150,5min,5.0,10.0,0.45,combined,2.0,0,164,,0.0
150,5min,5.0,10.0,0.45,combined,2.5,0,124,,0.0
150,5min,7.0,6.0,0.25,combined,2.0,0,164,,0.0
150,5min,7.0,6.0,0.25,combined,2.5,0,124,,0.0
150,5min,7.0,6.0,0.35,combined,2.0,0,164,,0.0
150,5min,7.0,6.0,0.35,combined,2.5,0,124,,0.0
150,5min,7.0,6.0,0.45,slope,1.5,0,7778,,0.0
150,5min,7.0,6.0,0.45,position,1.5,0,1116,,0.0
150,5min,7.0,6.0,0.45,position,2.0,0,488,,0.0
150,5min,7.0,6.0,0.45,position,2.5,0,324,,0.0
150,5min,7.0,6.0,0.45,combined,1.5,0,570,,0.0
150,5min,7.0,6.0,0.45,combined,2.0,0,164,,0.0
150,5min,7.0,6.0,0.45,combined,2.5,0,124,,0.0
150,5min,7.0,8.0,0.25,combined,2.0,0,164,,0.0
150,5min,7.0,8.0,0.25,combined,2.5,0,124,,0.0
150,5min,7.0,8.0,0.35,combined,2.0,0,164,,0.0
150,5min,7.0,8.0,0.35,combined,2.5,0,124,,0.0
150,5min,7.0,8.0,0.45,slope,1.5,0,7778,,0.0
150,5min,7.0,8.0,0.45,position,1.5,0,1116,,0.0
150,5min,7.0,8.0,0.45,position,2.0,0,488,,0.0
150,5min,7.0,8.0,0.45,position,2.5,0,324,,0.0
150,5min,7.0,8.0,0.45,combined,1.5,0,570,,0.0
150,5min,7.0,8.0,0.45,combined,2.0,0,164,,0.0
150,5min,7.0,8.0,0.45,combined,2.5,0,124,,0.0
150,5min,7.0,10.0,0.25,combined,2.0,0,164,,0.0
150,5min,7.0,10.0,0.25,combined,2.5,0,124,,0.0
150,5min,7.0,10.0,0.35,combined,2.0,0,164,,0.0
150,5min,7.0,10.0,0.35,combined,2.5,0,124,,0.0
150,5min,7.0,10.0,0.45,slope,1.5,0,7778,,0.0
150,5min,7.0,10.0,0.45,position,1.5,0,1116,,0.0
150,5min,7.0,10.0,0.45,position,2.0,0,488,,0.0
150,5min,7.0,10.0,0.45,position,2.5,0,324,,0.0
150,5min,7.0,10.0,0.45,combined,1.5,0,570,,0.0
150,5min,7.0,10.0,0.45,combined,2.0,0,164,,0.0
150,5min,7.0,10.0,0.45,combined,2.5,0,124,,0.0
