regression_lookback,band_k,regression_timeframe,gate_mode,sl_multiplier,tp_multiplier,min_gap_atr_ratio,n_trades,n_candidate_bars,pf,total_pnl
20,2.0,15min,combined,5.0,8.0,0.25,1,300,inf,289.75
20,2.0,15min,combined,5.0,6.0,0.25,1,300,inf,289.75
50,2.5,15min,position,5.0,8.0,0.25,2,214,inf,1245.75
50,2.5,15min,position,5.0,6.0,0.25,2,214,inf,1005.75
100,2.5,15min,position,5.0,8.0,0.25,1,75,inf,956.0
100,2.5,15min,position,5.0,6.0,0.25,1,75,inf,716.0
100,2.5,15min,position,3.0,8.0,0.25,1,75,inf,956.0
100,2.5,15min,position,3.0,6.0,0.25,1,75,inf,716.0
100,2.0,15min,position,3.0,6.0,0.25,1,125,inf,716.0
100,2.0,15min,position,3.0,8.0,0.25,1,125,inf,956.0
100,2.0,15min,position,5.0,6.0,0.25,1,125,inf,716.0
100,2.0,15min,position,5.0,8.0,0.25,1,125,inf,956.0
50,2.5,15min,combined,5.0,8.0,0.25,1,88,inf,289.75
50,2.5,15min,combined,5.0,6.0,0.25,1,88,inf,289.75
50,2.0,15min,combined,5.0,8.0,0.25,1,153,inf,289.75
50,2.0,15min,combined,5.0,6.0,0.25,1,153,inf,289.75
50,1.5,15min,combined,5.0,8.0,0.25,3,456,4.579241071428571,801.75
50,1.5,15min,combined,5.0,6.0,0.25,3,456,3.7533482142857144,616.75
50,2.5,15min,position,3.0,8.0,0.25,2,214,2.6816269284712484,599.5
20,2.5,15min,position,3.0,8.0,0.25,2,195,2.5224274406332454,577.0
20,1.5,15min,combined,5.0,8.0,0.25,4,657,2.3263403263403264,569.0
50,2.5,15min,position,3.0,6.0,0.25,2,214,2.0084151472650773,359.5
20,1.5,15min,combined,5.0,6.0,0.25,4,657,1.9883449883449884,424.0
50,2.0,15min,position,5.0,8.0,0.25,3,397,1.980524642289348,616.75
20,2.5,15min,position,3.0,6.0,0.25,2,195,1.8891820580474934,337.0
100,1.5,15min,combined,5.0,8.0,0.25,3,543,1.8686679174484053,463.0
50,1.5,15min,position,5.0,8.0,0.25,6,882,1.7901987353206865,874.75
50,2.0,15min,position,5.0,6.0,0.25,3,397,1.598966613672496,376.75
20,1.5,5min,combined,5.0,8.0,0.25,22,2274,1.5769500674763832,2672.0
100,1.5,15min,position,5.0,8.0,0.25,6,643,1.5373104941917701,682.25
20,2.5,15min,position,5.0,8.0,0.25,2,195,1.5198728139904611,327.0
50,1.5,15min,position,3.0,8.0,0.25,6,889,1.519533004041311,578.5
20,2.0,5min,combined,3.0,8.0,0.25,11,872,1.5032746885835366,979.75
20,2.0,5min,combined,3.0,6.0,0.25,11,872,1.461399431964885,893.5
20,1.5,5min,combined,3.0,8.0,0.25,23,2279,1.4405231838802806,1869.25
20,2.5,5min,combined,3.0,6.0,0.25,4,246,1.4142480211081794,314.0
20,1.5,5min,combined,5.0,6.0,0.25,22,2274,1.406459640770396,1878.25
50,1.5,15min,position,5.0,6.0,0.25,6,882,1.406278229448961,449.75
100,1.5,15min,combined,5.0,6.0,0.25,3,543,1.399624765478424,213.0
20,2.0,5min,slope,3.0,8.0,0.25,172,15604,1.3105967656394708,9809.5
20,2.5,5min,slope,3.0,8.0,0.25,172,15604,1.3105967656394708,9809.5
20,1.5,5min,slope,3.0,8.0,0.25,172,15604,1.3105967656394708,9809.5
20,1.5,5min,combined,3.0,6.0,0.25,23,2279,1.3084101110323647,1305.5
20,1.5,5min,slope,3.0,6.0,0.25,176,15856,1.301846602032985,9636.0
20,2.0,5min,slope,3.0,6.0,0.25,176,15856,1.301846602032985,9636.0
20,2.5,5min,slope,3.0,6.0,0.25,176,15856,1.301846602032985,9636.0
50,2.0,15min,position,3.0,8.0,0.25,3,404,1.2997960571040108,220.5
20,2.0,5min,combined,5.0,8.0,0.25,10,869,1.281360575276795,616.25
50,1.5,5min,slope,3.0,8.0,0.25,123,10149,1.2689384752203088,6653.0
50,2.5,5min,slope,3.0,8.0,0.25,123,10149,1.2689384752203088,6653.0
50,2.0,5min,slope,3.0,8.0,0.25,123,10149,1.2689384752203088,6653.0
50,1.5,15min,combined,3.0,8.0,0.25,3,456,1.2678725236864772,155.5
20,1.5,5min,slope,5.0,6.0,0.25,161,14921,1.261803338145459,9203.5
20,2.5,5min,slope,5.0,6.0,0.25,161,14921,1.261803338145459,9203.5
20,2.0,5min,slope,5.0,6.0,0.25,161,14921,1.261803338145459,9203.5
20,2.0,5min,combined,5.0,6.0,0.25,10,869,1.2568807339449541,560.0
20,2.0,5min,slope,5.0,8.0,0.25,156,14694,1.256582593250444,9028.5
20,2.5,5min,slope,5.0,8.0,0.25,156,14694,1.256582593250444,9028.5
20,1.5,5min,slope,5.0,8.0,0.25,156,14694,1.256582593250444,9028.5
20,2.5,5min,combined,3.0,8.0,0.25,4,246,1.2183534005857468,167.75
50,2.0,5min,slope,3.0,6.0,0.25,126,10289,1.1948229017438128,4929.75
50,1.5,5min,slope,3.0,6.0,0.25,126,10289,1.1948229017438128,4929.75
50,2.5,5min,slope,3.0,6.0,0.25,126,10289,1.1948229017438128,4929.75
50,2.5,5min,slope,5.0,8.0,0.25,114,9525,1.1665135182894504,4711.5
50,2.0,5min,slope,5.0,8.0,0.25,114,9525,1.1665135182894504,4711.5
50,1.5,5min,slope,5.0,8.0,0.25,114,9525,1.1665135182894504,4711.5
100,1.5,15min,slope,5.0,8.0,0.25,65,6526,1.1617356057704584,2533.75
100,2.0,15min,slope,5.0,8.0,0.25,65,6526,1.1617356057704584,2533.75
100,2.5,15min,slope,5.0,8.0,0.25,65,6526,1.1617356057704584,2533.75
100,1.5,15min,position,5.0,6.0,0.25,6,643,1.1514077574325654,192.25
20,1.5,15min,combined,3.0,8.0,0.25,4,667,1.1506904955320878,92.75
20,2.5,15min,position,5.0,6.0,0.25,2,195,1.1383147853736089,87.0
50,1.5,15min,position,3.0,6.0,0.25,6,889,1.137853614728334,153.5
50,1.5,5min,slope,5.0,6.0,0.25,118,9646,1.1111111111111112,3200.5
50,2.0,5min,slope,5.0,6.0,0.25,118,9646,1.1111111111111112,3200.5
50,2.5,5min,slope,5.0,6.0,0.25,118,9646,1.1111111111111112,3200.5
100,2.5,15min,slope,5.0,6.0,0.25,67,6575,1.094468396519083,1484.5
100,1.5,15min,slope,5.0,6.0,0.25,67,6575,1.094468396519083,1484.5
100,2.0,15min,slope,5.0,6.0,0.25,67,6575,1.094468396519083,1484.5
20,2.0,15min,position,5.0,8.0,0.25,4,616,1.075777202072539,87.75
20,2.0,15min,slope,5.0,6.0,0.25,102,9091,1.0712593516209477,1714.5
20,1.5,15min,slope,5.0,6.0,0.25,102,9091,1.0712593516209477,1714.5
20,2.5,15min,slope,5.0,6.0,0.25,102,9091,1.0712593516209477,1714.5
20,1.5,15min,slope,3.0,6.0,0.25,110,9705,1.0690512125097875,1521.25
20,2.5,15min,slope,3.0,6.0,0.25,110,9705,1.0690512125097875,1521.25
20,2.0,15min,slope,3.0,6.0,0.25,110,9705,1.0690512125097875,1521.25
100,2.0,5min,slope,3.0,6.0,0.25,79,7490,1.0467360484598531,725.25
100,2.5,5min,slope,3.0,6.0,0.25,79,7490,1.0467360484598531,725.25
100,1.5,5min,slope,3.0,6.0,0.25,79,7490,1.0467360484598531,725.25
20,2.5,15min,slope,3.0,8.0,0.25,107,9633,1.0448061945299765,989.5
20,1.5,15min,slope,3.0,8.0,0.25,107,9633,1.0448061945299765,989.5
20,2.0,15min,slope,3.0,8.0,0.25,107,9633,1.0448061945299765,989.5
20,2.5,15min,slope,5.0,8.0,0.25,98,9038,1.0382209006999938,925.5
20,2.0,15min,slope,5.0,8.0,0.25,98,9038,1.0382209006999938,925.5
20,1.5,15min,slope,5.0,8.0,0.25,98,9038,1.0382209006999938,925.5
50,2.0,15min,slope,5.0,6.0,0.25,54,5746,1.0134238026428766,160.25
50,2.5,15min,slope,5.0,6.0,0.25,54,5746,1.0134238026428766,160.25
50,1.5,15min,slope,5.0,6.0,0.25,54,5746,1.0134238026428766,160.25
50,2.0,5min,combined,3.0,6.0,0.25,6,570,1.0122783083219646,13.5
20,1.5,5min,position,3.0,8.0,0.25,28,3014,0.9953995847412775,-28.25
20,2.0,5min,position,3.0,8.0,0.25,14,1182,0.9924544298431539,-22.25
20,1.5,5min,position,5.0,8.0,0.25,27,2956,0.9753923205342238,-184.25
50,2.0,15min,position,3.0,6.0,0.25,3,404,0.973487423521414,-19.5
50,2.0,15min,slope,5.0,8.0,0.25,54,5709,0.9712132273148788,-364.75
50,2.5,15min,slope,5.0,8.0,0.25,54,5709,0.9712132273148788,-364.75
50,1.5,15min,slope,5.0,8.0,0.25,54,5709,0.9712132273148788,-364.75
50,2.0,15min,slope,3.0,6.0,0.25,57,5849,0.9698680860911826,-325.5
50,1.5,15min,slope,3.0,6.0,0.25,57,5849,0.9698680860911826,-325.5
50,2.5,15min,slope,3.0,6.0,0.25,57,5849,0.9698680860911826,-325.5
100,1.5,5min,slope,3.0,8.0,0.25,75,7477,0.9666634993031801,-526.25
100,2.5,5min,slope,3.0,8.0,0.25,75,7477,0.9666634993031801,-526.25
100,2.0,5min,slope,3.0,8.0,0.25,75,7477,0.9666634993031801,-526.25
100,2.0,5min,slope,5.0,6.0,0.25,74,7240,0.9664850798553025,-586.0
100,1.5,5min,slope,5.0,6.0,0.25,74,7240,0.9664850798553025,-586.0
100,2.5,5min,slope,5.0,6.0,0.25,74,7240,0.9664850798553025,-586.0
20,2.0,5min,position,3.0,6.0,0.25,14,1182,0.9630763995235665,-108.5
50,2.5,5min,position,3.0,6.0,0.25,5,494,0.962372731297034,-42.5
50,2.0,15min,slope,3.0,8.0,0.25,57,5816,0.9593422159266964,-459.25
50,2.5,15min,slope,3.0,8.0,0.25,57,5816,0.9593422159266964,-459.25
50,1.5,15min,slope,3.0,8.0,0.25,57,5816,0.9593422159266964,-459.25
50,1.5,15min,combined,3.0,6.0,0.25,3,456,0.9491817398794143,-29.5
20,2.5,5min,position,3.0,6.0,0.25,5,364,0.9428320140721196,-65.0
100,1.5,5min,slope,5.0,8.0,0.25,71,7205,0.9281781115579156,-1281.5
100,2.5,5min,slope,5.0,8.0,0.25,71,7205,0.9281781115579156,-1281.5
100,2.0,5min,slope,5.0,8.0,0.25,71,7205,0.9281781115579156,-1281.5
20,1.5,15min,combined,3.0,6.0,0.25,4,667,0.9151096669374492,-52.25
100,2.5,5min,position,3.0,8.0,0.25,3,305,0.9100428367444074,-94.5
20,2.0,15min,position,3.0,8.0,0.25,4,616,0.9065908013276435,-98.5
20,1.5,5min,position,3.0,6.0,0.25,28,3014,0.9034336514150558,-592.0
100,1.5,15min,slope,3.0,8.0,0.25,71,6746,0.8968115942028986,-1646.5
100,2.5,15min,slope,3.0,8.0,0.25,71,6746,0.8968115942028986,-1646.5
100,2.0,15min,slope,3.0,8.0,0.25,71,6746,0.8968115942028986,-1646.5
50,2.0,5min,combined,3.0,8.0,0.25,6,570,0.8938950214012165,-117.75
20,1.5,5min,position,5.0,6.0,0.25,27,2956,0.8692032498579023,-978.0
20,2.0,15min,position,5.0,6.0,0.25,4,616,0.8685233160621761,-152.25
100,2.0,15min,slope,3.0,6.0,0.25,72,6801,0.8597108795644419,-2241.75
100,2.5,15min,slope,3.0,6.0,0.25,72,6801,0.8597108795644419,-2241.75
100,1.5,15min,slope,3.0,6.0,0.25,72,6801,0.8597108795644419,-2241.75
20,2.5,5min,combined,5.0,6.0,0.25,4,246,0.8521462639109698,-186.0
50,2.5,5min,position,3.0,8.0,0.25,5,494,0.8387804343057688,-183.75
20,2.5,5min,position,3.0,8.0,0.25,5,364,0.8158640226628895,-211.25
100,2.0,5min,position,3.0,8.0,0.25,4,601,0.7936903279369033,-248.5
50,1.5,5min,position,3.0,8.0,0.25,16,1829,0.7925733060566611,-836.5
20,2.0,5min,position,5.0,8.0,0.25,13,1179,0.7572854830005397,-899.5
20,2.0,5min,position,5.0,6.0,0.25,13,1179,0.7413921396198336,-955.75
20,2.5,5min,combined,5.0,8.0,0.25,4,246,0.7380248373743347,-332.25
100,1.5,15min,position,3.0,8.0,0.25,6,644,0.7134328358208956,-384.0
50,1.5,5min,position,3.0,6.0,0.25,16,1829,0.6954008701056557,-1225.25
100,2.5,5min,position,3.0,6.0,0.25,3,305,0.6815801999048072,-334.5
20,2.0,15min,position,3.0,6.0,0.25,4,616,0.6789947842579421,-338.5
50,2.0,5min,position,3.0,8.0,0.25,11,997,0.6641097758459047,-985.25
50,2.0,5min,combined,5.0,6.0,0.25,6,565,0.6631908237747653,-565.25
50,2.5,5min,position,5.0,6.0,0.25,5,494,0.6289599305656011,-641.25
50,2.0,5min,position,3.0,6.0,0.25,11,997,0.6257269928156004,-1094.0
50,1.5,5min,combined,3.0,6.0,0.25,9,1016,0.6089242053789731,-799.75
100,2.0,5min,position,3.0,6.0,0.25,4,601,0.5944375259443753,-488.5
50,2.0,5min,combined,5.0,8.0,0.25,6,565,0.5875037015102161,-696.5
50,1.5,5min,position,5.0,8.0,0.25,16,1804,0.5687024598549887,-2424.0
20,2.5,5min,position,5.0,6.0,0.25,5,364,0.5680975092739798,-815.0
50,2.5,5min,position,5.0,8.0,0.25,5,494,0.54989933851021,-782.5
100,2.5,5min,position,5.0,8.0,0.25,3,293,0.5476940704669149,-789.5
50,1.5,5min,combined,3.0,8.0,0.25,9,1016,0.5470137452864615,-931.0
50,1.5,5min,combined,5.0,6.0,0.25,9,1011,0.535016111707841,-1082.25
100,1.5,15min,position,3.0,6.0,0.25,6,644,0.5343283582089552,-624.0
20,1.5,15min,position,5.0,8.0,0.25,13,1307,0.4989785495403473,-1962.0
50,1.5,5min,position,5.0,6.0,0.25,16,1804,0.49861853832442066,-2812.75
50,2.5,5min,combined,3.0,6.0,0.25,3,254,0.4943371085942705,-379.5
20,2.5,5min,position,5.0,8.0,0.25,5,364,0.49334563183555147,-961.25
50,1.5,5min,combined,5.0,8.0,0.25,9,1011,0.4809111324991979,-1213.5
100,2.0,5min,position,5.0,8.0,0.25,4,589,0.47811952988247064,-1043.5
20,1.5,15min,position,3.0,8.0,0.25,14,1343,0.45375230045668324,-2003.5
100,1.5,5min,position,3.0,8.0,0.25,7,1057,0.4217957202735495,-1310.5
50,2.0,5min,position,5.0,8.0,0.25,11,992,0.4129743481026076,-2769.0
100,2.5,5min,position,5.0,6.0,0.25,3,293,0.41019765110283585,-1029.5
20,1.5,15min,position,5.0,6.0,0.25,13,1307,0.40066394279877426,-2347.0
50,2.0,5min,position,5.0,6.0,0.25,11,992,0.3885908535613746,-2877.75
100,2.0,5min,position,5.0,6.0,0.25,4,589,0.35808952238059516,-1283.5
20,1.5,15min,position,3.0,6.0,0.25,14,1343,0.3487833140208575,-2388.5
50,2.5,5min,combined,5.0,6.0,0.25,3,254,0.33750284284739596,-728.25
100,1.5,5min,position,3.0,6.0,0.25,7,1057,0.3159055812927421,-1550.5
100,1.5,5min,position,5.0,8.0,0.25,7,1002,0.3049198628498525,-2179.25
100,1.5,5min,position,5.0,6.0,0.25,7,1002,0.22837094330595648,-2419.25
20,2.0,15min,combined,3.0,8.0,0.25,1,300,0.0,-356.5
20,2.0,15min,combined,3.0,6.0,0.25,1,300,0.0,-356.5
50,2.5,15min,combined,3.0,8.0,0.25,1,88,0.0,-356.5
50,2.5,15min,combined,3.0,6.0,0.25,1,88,0.0,-356.5
50,2.0,15min,combined,3.0,8.0,0.25,1,153,0.0,-356.5
50,2.0,15min,combined,3.0,6.0,0.25,1,153,0.0,-356.5
100,1.5,5min,combined,5.0,8.0,0.25,2,438,0.0,-594.25
100,1.5,5min,combined,5.0,6.0,0.25,2,438,0.0,-594.25
100,1.5,5min,combined,3.0,8.0,0.25,2,476,0.0,-735.5
100,1.5,5min,combined,3.0,6.0,0.25,2,476,0.0,-735.5
100,1.5,15min,combined,3.0,6.0,0.25,3,544,0.0,-702.0
100,1.5,15min,combined,3.0,8.0,0.25,3,544,0.0,-702.0
50,2.5,5min,combined,5.0,8.0,0.25,3,254,0.0,-1109.5
50,2.5,5min,combined,3.0,8.0,0.25,3,254,0.0,-760.75
20,2.5,15min,combined,3.0,6.0,0.25,0,48,,0.0
20,2.5,15min,combined,3.0,8.0,0.25,0,48,,0.0
20,2.5,15min,combined,5.0,6.0,0.25,0,48,,0.0
20,2.5,15min,combined,5.0,8.0,0.25,0,48,,0.0
100,2.0,15min,combined,3.0,6.0,0.25,0,77,,0.0
100,2.0,15min,combined,3.0,8.0,0.25,0,77,,0.0
100,2.0,15min,combined,5.0,6.0,0.25,0,77,,0.0
100,2.0,15min,combined,5.0,8.0,0.25,0,77,,0.0
100,2.0,5min,combined,3.0,6.0,0.25,0,260,,0.0
100,2.0,5min,combined,3.0,8.0,0.25,0,260,,0.0
100,2.0,5min,combined,5.0,6.0,0.25,0,260,,0.0
100,2.0,5min,combined,5.0,8.0,0.25,0,260,,0.0
100,2.5,15min,combined,3.0,6.0,0.25,0,42,,0.0
100,2.5,15min,combined,3.0,8.0,0.25,0,42,,0.0
100,2.5,15min,combined,5.0,6.0,0.25,0,42,,0.0
100,2.5,15min,combined,5.0,8.0,0.25,0,42,,0.0
100,2.5,5min,combined,3.0,6.0,0.25,0,110,,0.0
100,2.5,5min,combined,3.0,8.0,0.25,0,110,,0.0
100,2.5,5min,combined,5.0,6.0,0.25,0,110,,0.0
100,2.5,5min,combined,5.0,8.0,0.25,0,110,,0.0
