date,month,hour,entry,exit,div,stop_usd,tp,stop,pnl,pnl_1c,win,reason,equity,trailing_dd
2026-03-02,2026-03,10,25084.75,25119.093293710757,34.34329371075825,68.6865874215165,25050.406706289243,25119.093293710757,-73.48658742151456,-73.48658742151456,False,STOP,-73.48658742151456,-73.48658742151456
2026-03-02,2026-03,11,25237.25,25258.929208698955,21.67920869895668,43.35841739791336,25215.570791301045,25258.929208698955,-48.15841739791067,-48.15841739791067,False,STOP,-121.64500481942522,-121.64500481942522
2026-03-03,2026-03,9,24827.0,24801.616739528527,25.383260471474955,50.76652094294991,24801.616739528527,24852.383260471473,45.96652094294696,45.96652094294696,True,TP,-75.67848387647827,-75.67848387647827
2026-03-03,2026-03,9,24799.5,24778.88654132555,20.613458674449532,41.226917348899065,24778.88654132555,24820.11345867445,36.42691734889668,36.42691734889668,True,TP,-39.25156652758159,-39.25156652758159
2026-03-03,2026-03,9,24856.25,24828.164326184047,28.085673815952894,56.17134763190579,24828.164326184047,24884.335673815953,51.37134763190552,51.37134763190552,True,TP,12.119781104323934,0.0
2026-03-03,2026-03,9,24780.5,24745.134511397348,35.365488602651276,70.73097720530255,24745.134511397348,24815.865488602652,65.93097720530496,65.93097720530496,True,TP,78.05075830962889,0.0
2026-03-03,2026-03,9,24789.0,24738.186145510303,50.81385448969712,101.62770897939424,24738.186145510303,24839.813854489697,96.82770897939481,96.82770897939481,True,TP,174.87846728902372,0.0
2026-03-03,2026-03,9,24740.25,24719.750532942322,20.49946705767922,40.99893411535844,24719.750532942322,24760.749467057678,36.198934115355954,36.198934115355954,True,TP,211.07740140437966,0.0
2026-03-03,2026-03,10,24709.0,24680.766274082034,28.23372591796731,56.46745183593462,24680.766274082034,24737.233725917966,51.66745183593157,51.66745183593157,True,TP,262.7448532403112,0.0
2026-03-03,2026-03,13,24919.75,24896.607437336752,23.142562663246736,46.28512532649347,24896.607437336752,24942.892562663248,41.4851253264962,41.4851253264962,True,TP,304.2299785668074,0.0
2026-03-03,2026-03,15,25011.0,24990.659339774556,20.340660225442836,40.68132045088567,24990.659339774556,25031.340660225444,35.881320450887145,35.881320450887145,True,TP,340.11129901769453,0.0
2026-03-03,2026-03,15,25004.5,24984.0,20.5,41.0,24984.0,25025.0,36.2,36.2,True,TP,376.3112990176945,0.0
2026-03-05,2026-03,9,25246.5,25299.811228238614,53.31122823861358,106.62245647722716,25193.188771761386,25299.811228238614,-111.42245647722739,-111.42245647722739,False,STOP,264.8888425404671,-111.4224564772274
2026-03-05,2026-03,9,25310.25,25275.05562560304,35.194374396960335,70.38874879392067,25275.05562560304,25345.44437439696,65.58874879392097,65.58874879392097,True,TP,330.4775913343881,-45.83370768330644
2026-03-05,2026-03,9,25276.25,25310.367707129477,34.11770712947834,68.23541425895668,25242.132292870523,25310.367707129477,-73.03541425895382,-73.03541425895382,False,STOP,257.44217707543424,-118.86912194226028
2026-03-05,2026-03,10,25395.0,25365.05406822214,29.945931777858945,59.89186355571789,25365.05406822214,25424.94593177786,55.091863555720195,55.091863555720195,True,TP,312.5340406311544,-63.7772583865401
2026-03-05,2026-03,10,25367.0,25396.131948078997,29.13194807899766,58.26389615799532,25337.868051921003,25396.131948078997,-63.063896157994165,-63.063896157994165,False,STOP,249.47014447316025,-126.84115454453428
2026-03-05,2026-03,10,25325.75,25299.577650830102,26.172349169899363,52.344698339798725,25299.577650830102,25351.922349169898,47.54469833979529,47.54469833979529,True,TP,297.0148428129555,-79.296456204739
2026-03-05,2026-03,10,25275.0,25249.869419983635,25.13058001636601,50.26116003273202,25249.869419983635,25300.130580016365,45.4611600327291,45.4611600327291,True,TP,342.4760028456846,-33.83529617200992
2026-03-05,2026-03,10,25226.5,25199.576252843857,26.923747156141275,53.84749431228255,25199.576252843857,25253.423747156143,49.047494312285565,49.047494312285565,True,TP,391.52349715797016,0.0
2026-03-05,2026-03,10,25228.75,25257.340032582997,28.59003258299642,57.18006516599284,25200.159967417003,25257.340032582997,-61.98006516599416,-61.98006516599416,False,STOP,329.543431991976,-61.980065165994176
2026-03-05,2026-03,10,25276.0,25235.402389053714,40.597610946285144,81.19522189257029,25235.402389053714,25316.597610946286,76.3952218925726,76.3952218925726,True,TP,405.93865388454856,0.0
2026-03-05,2026-03,11,25218.0,25195.189526301067,22.810473698934356,45.62094739786871,25195.189526301067,25240.810473698933,40.82094739786699,40.82094739786699,True,TP,446.75960128241553,0.0
2026-03-05,2026-03,12,25204.0,25177.56596969723,26.434030302771053,52.868060605542105,25177.56596969723,25230.43403030277,48.06806060554227,48.06806060554227,True,TP,494.8276618879578,0.0
2026-03-05,2026-03,15,25193.5,25214.443715328685,20.94371532868514,41.88743065737028,25172.556284671315,25214.443715328685,-46.68743065737071,-46.68743065737071,False,STOP,448.14023123058706,-46.687430657370726
2026-03-06,2026-03,9,24885.0,24908.786883955912,23.78688395591331,47.57376791182662,24861.213116044088,24908.786883955912,-52.373767911824686,-52.373767911824686,False,STOP,395.76646331876236,-99.06119856919543
2026-03-06,2026-03,9,24912.0,24842.736013855032,69.26398614496861,138.52797228993722,24842.736013855032,24981.263986144968,133.72797228993585,133.72797228993585,True,TP,529.4944356086983,0.0
2026-03-06,2026-03,9,24893.0,24927.40522185842,34.40522185841706,68.81044371683411,24858.59477814158,24927.40522185842,-73.61044371683674,-73.61044371683674,False,STOP,455.8839918918615,-73.61044371683676
2026-03-06,2026-03,10,25004.75,25032.807494454602,28.05749445460131,56.11498890920262,24976.692505545398,25032.807494454602,-60.91498890920484,-60.91498890920484,False,STOP,394.96900298265666,-134.5254326260416
2026-03-06,2026-03,10,25020.25,25043.33339893016,23.083398930159728,46.166797860319456,24997.16660106984,25043.33339893016,-50.96679786032182,-50.96679786032182,False,STOP,344.00220512233483,-185.49223048636344
2026-03-09,2026-03,9,24684.0,24626.235638168004,57.76436183199529,115.52872366399058,24626.235638168004,24741.764361831996,110.72872366399243,110.72872366399243,True,TP,454.73092878632724,-74.76350682237103
2026-03-09,2026-03,9,24608.25,24572.727915975676,35.52208402432291,71.04416804864582,24572.727915975676,24643.772084024324,66.24416804864741,66.24416804864741,True,TP,520.9750968349747,-8.519338773723575
2026-03-09,2026-03,9,24562.75,24594.099550647665,31.349550647663797,62.699101295327594,24531.400449352335,24594.099550647665,-67.49910129532945,-67.49910129532945,False,STOP,453.4759955396452,-76.01844006905304
2026-03-09,2026-03,9,24569.5,24608.745088594183,39.24508859418348,78.49017718836696,24530.254911405817,24608.745088594183,-83.29017718836694,-83.29017718836694,False,STOP,370.1858183512783,-159.30861725742
2026-03-09,2026-03,10,24610.5,24549.49480836926,61.00519163073679,122.01038326147358,24549.49480836926,24671.50519163074,117.21038326147682,117.21038326147682,True,TP,487.3962016127551,-42.09823399594319
2026-03-09,2026-03,10,24777.0,24800.501877146737,23.50187714673693,47.00375429347386,24753.498122853263,24800.501877146737,-51.80375429347332,-51.80375429347332,False,STOP,435.59244731928175,-93.90198828941652
2026-03-10,2026-03,9,25204.5,25226.78569949774,22.285699497740758,44.571398995481516,25182.21430050226,25226.78569949774,-49.37139899548201,-49.37139899548201,False,STOP,386.2210483237997,-143.27338728489855
2026-03-10,2026-03,9,25280.0,25220.644248281293,59.35575171870639,118.71150343741277,25220.644248281293,25339.355751718707,113.91150343741465,113.91150343741465,True,TP,500.13255176121436,-29.36188384748391
2026-03-10,2026-03,9,25236.5,25197.048846035745,39.451153964253834,78.90230792850767,25197.048846035745,25275.951153964255,74.10230792851071,74.10230792851071,True,TP,574.2348596897251,0.0
2026-03-10,2026-03,14,25312.75,25292.711530397166,20.03846960283383,40.07693920566766,25292.711530397166,25332.788469602834,35.27693920566817,35.27693920566817,True,TP,609.5117988953933,0.0
2026-03-10,2026-03,14,25295.0,25269.139174289332,25.860825710668145,51.72165142133629,25269.139174289332,25320.860825710668,46.921651421335994,46.921651421335994,True,TP,656.4334503167294,0.0
2026-03-11,2026-03,9,25248.75,25293.450532823394,44.70053282339304,89.40106564678608,25204.049467176606,25293.450532823394,-94.20106564678717,-94.20106564678717,False,STOP,562.2323846699422,-94.20106564678713
2026-03-11,2026-03,9,25281.75,25340.014238880925,58.26423888092718,116.52847776185436,25223.485761119075,25340.014238880925,-121.3284777618508,-121.3284777618508,False,STOP,440.9039069080914,-215.52954340863795
2026-03-11,2026-03,11,25170.5,25148.091062169573,22.408937830427448,44.817875660854895,25148.091062169573,25192.908937830427,40.017875660854045,40.017875660854045,True,TP,480.92178256894545,-175.51166774778392
2026-03-12,2026-03,9,25013.0,24975.85587663196,37.14412336804088,74.28824673608176,24975.85587663196,25050.14412336804,69.48824673608324,69.48824673608324,True,TP,550.4100293050287,-106.02342101170063
2026-03-12,2026-03,11,24793.75,24816.753250383725,23.00325038372595,46.0065007674519,24770.746749616275,24816.753250383725,-50.80650076744932,-50.80650076744932,False,STOP,499.6035285375794,-156.82992177914997
2026-03-13,2026-03,9,24912.5,24944.442247834133,31.942247834131493,63.884495668262986,24880.557752165867,24944.442247834133,-68.68449566826602,-68.68449566826602,False,STOP,430.91903286931336,-225.514417447416
2026-03-13,2026-03,9,24984.0,24941.71503136463,42.28496863536791,84.56993727073582,24941.71503136463,25026.28496863537,79.7699372707386,79.7699372707386,True,TP,510.68897014005194,-145.74448017667743
2026-03-13,2026-03,10,24858.5,24880.482311434444,21.982311434443808,43.964622868887616,24836.517688565556,24880.482311434444,-48.76462286888709,-48.76462286888709,False,STOP,461.92434727116483,-194.50910304556453
2026-03-16,2026-03,9,24887.75,24910.25938367795,22.509383677950552,45.018767355901105,24865.24061632205,24910.25938367795,-49.81876735589758,-49.81876735589758,False,STOP,412.10557991526724,-244.32787040146212
2026-03-16,2026-03,9,24906.25,24933.77987448822,27.52987448821902,55.05974897643804,24878.72012551178,24933.77987448822,-59.85974897644046,-59.85974897644046,False,STOP,352.24583093882677,-304.1876193779026
2026-03-16,2026-03,9,24927.0,24900.657584605557,26.342415394441737,52.684830788883474,24900.657584605557,24953.342415394443,47.88483078888676,47.88483078888676,True,TP,400.1306617277135,-256.30278858901585
2026-03-17,2026-03,9,25061.25,25083.087751091272,21.837751091271663,43.675502182543326,25039.412248908728,25083.087751091272,-48.47550218254473,-48.47550218254473,False,STOP,351.6551595451688,-304.7782907715606
2026-03-17,2026-03,9,25111.75,25082.4142121922,29.335787807798,58.671575615596,25082.4142121922,25141.0857878078,53.87157561559725,53.87157561559725,True,TP,405.526735160766,-250.90671515596335
2026-03-17,2026-03,10,25061.75,25081.903344965685,20.1533449656839,40.3066899313678,25041.596655034315,25081.903344965685,-45.10668993137078,-45.10668993137078,False,STOP,360.4200452293952,-296.01340508733415
2026-03-18,2026-03,9,24959.75,24983.04022795675,23.29022795675106,46.58045591350212,24936.45977204325,24983.04022795675,-51.38045591349946,-51.38045591349946,False,STOP,309.03958931589574,-347.3938610008336
2026-03-19,2026-03,9,24372.0,24394.43518261409,22.435182614088827,44.870365228177654,24349.56481738591,24394.43518261409,-49.67036522817652,-49.67036522817652,False,STOP,259.3692240877192,-397.06422622901016
2026-03-19,2026-03,10,24482.75,24461.976725285665,20.773274714335685,41.54654942867137,24461.976725285665,24503.523274714335,36.7465494286691,36.7465494286691,True,TP,296.1157735163883,-360.3176768003411
2026-03-20,2026-03,9,24412.0,24437.2502861752,25.25028617519935,50.5005723503987,24386.7497138248,24437.2502861752,-55.30057235040003,-55.30057235040003,False,STOP,240.81520116598824,-415.6182491507411
2026-03-20,2026-03,10,24260.5,24281.40161469666,20.901614696660452,41.803229393320905,24239.59838530334,24281.40161469666,-46.60322939332109,-46.60322939332109,False,STOP,194.21197177266714,-462.2214785440622
2026-03-23,2026-03,9,24495.25,24456.369321926773,38.88067807322608,77.76135614645216,24456.369321926773,24534.130678073227,72.96135614645318,72.96135614645318,True,TP,267.1733279191203,-389.26012239760905
2026-03-23,2026-03,9,24544.75,24574.774909427364,30.02490942736231,60.04981885472462,24514.725090572636,24574.774909427364,-64.84981885472807,-64.84981885472807,False,STOP,202.32350906439223,-454.10994125233714
2026-03-23,2026-03,12,24452.75,24432.71994573439,20.030054265609643,40.060108531219285,24432.71994573439,24472.78005426561,35.2601085312228,35.2601085312228,True,TP,237.583617595615,-418.84983272111435
2026-03-24,2026-03,9,24312.5,24284.994713872602,27.50528612739791,55.01057225479582,24284.994713872602,24340.005286127398,50.21057225479599,50.21057225479599,True,TP,287.794189850411,-368.6392604663184
2026-03-24,2026-03,9,24223.25,24199.020564607683,24.22943539231686,48.45887078463372,24199.020564607683,24247.479435392317,43.6588707846342,43.6588707846342,True,TP,331.4530606350452,-324.9803896816842
2026-03-25,2026-03,9,24514.5,24492.829523359822,21.670476640178745,43.34095328035749,24492.829523359822,24536.170476640178,38.54095328035619,38.54095328035619,True,TP,369.99401391540135,-286.439436401328
2026-03-25,2026-03,10,24414.0,24439.217181286112,25.217181286110907,50.434362572221815,24388.782818713888,24439.217181286112,-55.234362572224924,-55.234362572224924,False,STOP,314.7596513431764,-341.67379897355295
2026-03-25,2026-03,10,24480.75,24456.94834843032,23.801651569678636,47.60330313935727,24456.94834843032,24504.55165156968,42.803303139359926,42.803303139359926,True,TP,357.5629544825363,-298.87049583419304
2026-03-31,2026-03,9,23433.5,23396.674980770753,36.82501922924553,73.65003845849105,23396.674980770753,23470.325019229247,68.85003845849424,68.85003845849424,True,TP,426.41299294103055,-230.0204573756988
2026-03-31,2026-03,9,23424.5,23455.150657861646,30.65065786164587,61.30131572329174,23393.849342138354,23455.150657861646,-66.10131572329264,-66.10131572329264,False,STOP,360.3116772177379,-296.12177309899147
2026-03-31,2026-03,9,23427.25,23454.83017666246,27.580176662460424,55.16035332492085,23399.66982333754,23454.83017666246,-59.96035332492174,-59.96035332492174,False,STOP,300.35132389281614,-356.0821264239132
2026-03-31,2026-03,10,23547.25,23570.990305286374,23.74030528637499,47.48061057274998,23523.509694713626,23570.990305286374,-52.280610572747534,-52.280610572747534,False,STOP,248.0707133200686,-408.3627369966608
2026-03-31,2026-03,12,23779.0,23752.84638889282,26.1536111071799,52.3072222143598,23752.84638889282,23805.15361110718,47.507222214360084,47.507222214360084,True,TP,295.57793553442866,-360.8555147823007
2026-03-31,2026-03,12,23725.5,23750.503757449038,25.003757449038716,50.00751489807743,23700.496242550962,23750.503757449038,-54.807514898075894,-54.807514898075894,False,STOP,240.77042063635275,-415.6630296803766
2026-04-01,2026-04,9,24158.0,24123.881436374344,34.11856362565463,68.23712725130926,24123.881436374344,24192.118563625656,63.43712725131191,63.43712725131191,True,TP,304.20754788766465,-352.2259024290647
2026-04-02,2026-04,10,23952.0,23972.633207383955,20.633207383953582,41.266414767907165,23931.366792616045,23972.633207383955,-46.066414767909734,-46.066414767909734,False,STOP,258.1411331197549,-398.29231719697447
2026-04-06,2026-04,9,24264.25,24317.488877844804,53.238877844803596,106.47775568960719,24211.011122155196,24317.488877844804,-111.27775568960787,-111.27775568960787,False,STOP,146.863377430147,-509.57007288658235
2026-04-06,2026-04,9,24328.75,24352.6711059641,23.921105964099553,47.842211928199106,24304.8288940359,24352.6711059641,-52.64221192819677,-52.64221192819677,False,STOP,94.22116550195024,-562.2122848147791
2026-04-06,2026-04,9,24370.75,24398.132781454944,27.382781454944688,54.765562909889375,24343.367218545056,24398.132781454944,-59.5655629098881,-59.5655629098881,False,STOP,34.65560259206214,-621.7778477246673
2026-04-07,2026-04,9,24222.0,24192.620641033416,29.379358966584064,58.75871793316813,24192.620641033416,24251.379358966584,53.95871793316765,53.95871793316765,True,TP,88.61432052522979,-567.8191297914996
2026-04-08,2026-04,9,25086.0,25074.5,26.147738972741195,52.29547794548239,25059.85226102726,25112.14773897274,18.2,18.2,True,TIME,106.81432052522979,-549.6191297914995
2026-04-09,2026-04,9,25080.5,25032.991505732756,47.508494267242654,95.01698853448531,25032.991505732756,25128.008494267244,90.21698853448761,90.21698853448761,True,TP,197.0313090597174,-459.402141257012
2026-04-09,2026-04,9,25100.25,25075.13338403194,25.11661596806071,50.23323193612142,25075.13338403194,25125.36661596806,45.43323193612305,45.43323193612305,True,TP,242.46454099584042,-413.96890932088894
2026-04-10,2026-04,9,25314.75,25337.880858067398,23.130858067399316,46.26171613479863,25291.619141932602,25337.880858067398,-51.061716134795276,-51.061716134795276,False,STOP,191.40282486104513,-465.03062545568423
2026-04-10,2026-04,9,25357.75,25296.74334613248,61.00665386751882,122.01330773503764,25296.74334613248,25418.75665386752,117.21330773504015,117.21330773504015,True,TP,308.61613259608527,-347.8173177206441
2026-04-13,2026-04,10,25303.5,25282.613648594423,20.88635140557694,41.77270281115388,25282.613648594423,25324.386351405577,36.97270281115489,36.97270281115489,True,TP,345.58883540724014,-310.8446149094892
2026-04-14,2026-04,9,25689.25,25711.771532953775,22.52153295377346,45.04306590754692,25666.728467046225,25711.771532953775,-49.84306590755004,-49.84306590755004,False,STOP,295.7457694996901,-360.6876808170393
2026-04-15,2026-04,9,26018.25,26043.799439946946,25.54943994694773,51.09887989389546,25992.700560053054,26043.799439946946,-55.89887989389244,-55.89887989389244,False,STOP,239.84688960579763,-416.58656071093174
2026-04-15,2026-04,9,26036.75,26060.633218381026,23.88321838102798,47.76643676205596,26012.866781618974,26060.633218381026,-52.56643676205276,-52.56643676205276,False,STOP,187.28045284374485,-469.1529974729845
2026-04-15,2026-04,10,26084.75,26109.20590748793,24.455907487928428,48.911814975856856,26060.29409251207,26109.20590748793,-53.71181497585785,-53.71181497585785,False,STOP,133.568637867887,-522.8648124488424
2026-04-15,2026-04,10,26136.5,26116.051737985377,20.448262014621477,40.896524029242954,26116.051737985377,26156.948262014623,36.09652402924549,36.09652402924549,True,TP,169.66516189713246,-486.7682884195969
2026-04-16,2026-04,9,26439.5,26412.669413854972,26.830586145028555,53.66117229005711,26412.669413854972,26466.330586145028,48.86117229005613,48.86117229005613,True,TP,218.52633418718858,-437.9071161295408
2026-04-16,2026-04,9,26399.75,26376.186379057628,23.56362094237362,47.12724188474724,26376.186379057628,26423.313620942372,42.327241884743856,42.327241884743856,True,TP,260.8535760719324,-395.57987424479694
2026-04-16,2026-04,9,26305.75,26338.59100973232,32.84100973232255,65.6820194646451,26272.90899026768,26338.59100973232,-70.4820194646425,-70.4820194646425,False,STOP,190.3715566072899,-466.06189370943946
2026-04-17,2026-04,9,26708.25,26683.929390431524,24.320609568476847,48.641219136953694,26683.929390431524,26732.570609568476,43.841219136952716,43.841219136952716,True,TP,234.2127757442426,-422.22067457248676
2026-04-20,2026-04,9,26796.75,26769.30266494282,27.447335057178023,54.894670114356046,26769.30266494282,26824.19733505718,50.094670114357726,50.094670114357726,True,TP,284.3074458586003,-372.12600445812905
2026-04-20,2026-04,9,26774.25,26797.258904656737,23.008904656737137,46.017809313474274,26751.241095343263,26797.258904656737,-50.81780931347457,-50.81780931347457,False,STOP,233.48963654512573,-422.94381377160363
2026-04-20,2026-04,10,26759.25,26739.13886499342,20.1111350065791,40.2222700131582,26739.13886499342,26779.36113500658,35.4222700131606,35.4222700131606,True,TP,268.9119065582863,-387.52154375844304
2026-04-20,2026-04,10,26721.5,26700.52897593011,20.971024069892433,41.942048139784866,26700.52897593011,26742.47102406989,37.14204813978286,37.14204813978286,True,TP,306.05395469806916,-350.3794956186602
2026-04-20,2026-04,11,26613.0,26635.659219264762,22.659219264761006,45.31843852952201,26590.340780735238,26635.659219264762,-50.118438529524425,-50.118438529524425,False,STOP,255.93551616854472,-400.49793414818464
2026-04-21,2026-04,9,26807.25,26829.21485767579,21.964857675790146,43.92971535158029,26785.28514232421,26829.21485767579,-48.72971535157994,-48.72971535157994,False,STOP,207.20580081696477,-449.2276494997646
2026-04-21,2026-04,10,26844.75,26845.75,39.539771055658015,79.07954211131603,26805.210228944343,26884.289771055657,-6.8,-6.8,False,TIME,200.40580081696476,-456.0276494997646
2026-04-21,2026-04,11,26764.25,26742.075098407175,22.174901592824913,44.349803185649826,26742.075098407175,26786.424901592825,39.549803185650674,39.549803185650674,True,TP,239.95560400261542,-416.47784631411395
2026-04-22,2026-04,9,26852.75,26880.60552339227,27.855523392270328,55.711046784540656,26824.89447660773,26880.60552339227,-60.51104678454139,-60.51104678454139,False,STOP,179.444557218074,-476.98889309865535
2026-04-22,2026-04,10,26886.0,26863.73898754415,22.26101245585032,44.52202491170064,26863.73898754415,26908.26101245585,39.722024911697375,39.722024911697375,True,TP,219.16658212977137,-437.266868186958
2026-04-22,2026-04,10,26965.75,26991.21565332417,25.465653324168414,50.93130664833683,26940.28434667583,26991.21565332417,-55.73130664833734,-55.73130664833734,False,STOP,163.43527548143402,-492.99817483529534
2026-04-22,2026-04,11,26995.25,26974.936209081556,20.313790918443086,40.62758183688617,26974.936209081556,27015.563790918444,35.82758183688857,35.82758183688857,True,TP,199.26285731832257,-457.1705929984068
2026-04-23,2026-04,9,27021.0,27041.290443953745,20.290443953745456,40.58088790749091,27000.709556046255,27041.290443953745,-45.38088790749025,-45.38088790749025,False,STOP,153.8819694108323,-502.55148090589705
2026-04-24,2026-04,9,27209.5,27247.274259305243,37.77425930524248,75.54851861048496,27171.725740694757,27247.274259305243,-80.34851861048519,-80.34851861048519,False,STOP,73.53345080034713,-582.8999995163822
2026-04-24,2026-04,10,27180.25,27220.01595118488,39.76595118488013,79.53190236976026,27140.48404881512,27220.01595118488,-84.33190236975933,-84.33190236975933,False,STOP,-10.798451569412208,-667.2319018861416
2026-04-24,2026-04,10,27218.0,27242.51773283161,24.517732831608768,49.035465663217536,27193.48226716839,27242.51773283161,-53.835465663218926,-53.835465663218926,False,STOP,-64.63391723263113,-721.0673675493605
2026-04-24,2026-04,10,27195.75,27224.37818866013,28.62818866012799,57.25637732025598,27167.12181133987,27224.37818866013,-62.05637732025643,-62.05637732025643,False,STOP,-126.69029455288756,-783.123744869617
2026-04-27,2026-04,9,27380.75,27357.359885853002,23.390114146998584,46.78022829399717,27357.359885853002,27404.140114146998,41.98022829399561,41.98022829399561,True,TP,-84.71006625889196,-741.1435165756213
2026-04-28,2026-04,9,27212.75,27238.958479359862,26.208479359861315,52.41695871972263,27186.541520640138,27238.958479359862,-57.216958719724786,-57.216958719724786,False,STOP,-141.92702497861674,-798.3604752953461
2026-04-28,2026-04,9,27228.0,27199.681669648504,28.31833035149453,56.63666070298906,27199.681669648504,27256.318330351496,51.83666070299223,51.83666070299223,True,TP,-90.09036427562451,-746.5238145923539
2026-04-28,2026-04,9,27164.75,27185.16349626321,20.41349626320907,40.82699252641814,27144.33650373679,27185.16349626321,-45.626992526417595,-45.626992526417595,False,STOP,-135.7173568020421,-792.1508071187715
2026-04-28,2026-04,10,27202.25,27223.70807077072,21.458070770722166,42.91614154144433,27180.79192922928,27223.70807077072,-47.7161415414419,-47.7161415414419,False,STOP,-183.43349834348402,-839.8669486602134
2026-04-28,2026-04,10,27205.0,27183.545558266025,21.454441733973965,42.90888346794793,27183.545558266025,27226.454441733975,38.10888346794964,38.10888346794964,True,TP,-145.3246148755344,-801.7580651922638
2026-04-29,2026-04,9,27206.75,27183.0,23.75,47.5,27183.0,27230.5,42.7,42.7,True,TP,-102.62461487553439,-759.0580651922637
2026-04-29,2026-04,9,27179.25,27214.24553455302,34.99553455302237,69.99106910604473,27144.25446544698,27214.24553455302,-74.79106910604314,-74.79106910604314,False,STOP,-177.41568398157753,-833.8491342983069
2026-04-29,2026-04,9,27210.5,27217.75,32.539501373707566,65.07900274741513,27177.960498626293,27243.039501373707,-19.3,-19.3,False,TIME,-196.71568398157754,-853.1491342983069
2026-04-29,2026-04,10,27270.25,27299.89457300761,29.644573007607814,59.28914601521563,27240.60542699239,27299.89457300761,-64.08914601521683,-64.08914601521683,False,STOP,-260.80482999679435,-917.2382803135238
2026-04-30,2026-04,11,27382.0,27403.673540596927,21.673540596925363,43.34708119385073,27360.326459403073,27403.673540596927,-48.147081193853225,-48.147081193853225,False,STOP,-308.9519111906476,-965.385361507377
2026-05-01,2026-05,9,27665.25,27705.029453848365,39.77945384836571,79.55890769673142,27625.470546151635,27705.029453848365,-84.35890769672987,-84.35890769672987,False,STOP,-393.3108188873775,-1049.7442692041068
2026-05-01,2026-05,9,27736.5,27777.42164419176,40.92164419175828,81.84328838351657,27695.57835580824,27777.42164419176,-86.64328838351939,-86.64328838351939,False,STOP,-479.9541072708969,-1136.3875575876264
2026-05-01,2026-05,9,27783.25,27826.5,43.25,86.5,27740.0,27826.5,-91.3,-91.3,False,STOP,-571.2541072708968,-1227.687557587626
2026-05-01,2026-05,9,27848.0,27868.2169100038,20.21691000380026,40.43382000760052,27827.7830899962,27868.2169100038,-45.23382000760175,-45.23382000760175,False,STOP,-616.4879272784985,-1272.921377595228
2026-05-04,2026-05,9,27872.0,27891.0,26.121732742626882,52.243465485253765,27845.878267257372,27898.121732742628,-42.8,-42.8,False,TIME,-659.2879272784985,-1315.7213775952278
2026-05-05,2026-05,9,28047.5,28075.307223550462,27.80722355046219,55.61444710092438,28019.692776449538,28075.307223550462,-60.41444710092473,-60.41444710092473,False,STOP,-719.7023743794232,-1376.1358246961527
2026-05-05,2026-05,9,28060.0,28089.434473469883,29.43447346988138,58.86894693976276,28030.565526530117,28089.434473469883,-63.66894693976501,-63.66894693976501,False,STOP,-783.3713213191882,-1439.8047716359174
2026-05-05,2026-05,10,28060.5,28081.50993548098,21.00993548098024,42.01987096196048,28039.49006451902,28081.50993548098,-46.819870961958074,-46.819870961958074,False,STOP,-830.1911922811462,-1486.6246425978757
2026-05-05,2026-05,10,28131.25,28110.5607895462,20.68921045379993,41.37842090759986,28110.5607895462,28151.9392104538,36.578420907596595,36.578420907596595,True,TP,-793.6127713735495,-1450.0462216902788
2026-05-06,2026-05,9,28450.25,28484.565176799373,34.31517679937159,68.63035359874318,28415.934823200627,28484.565176799373,-73.4303535987463,-73.4303535987463,False,STOP,-867.0431249722958,-1523.4765752890253
2026-05-06,2026-05,10,28477.0,28439.62251256139,37.37748743861262,74.75497487722524,28439.62251256139,28514.37748743861,69.95497487722169,69.95497487722169,True,TP,-797.0881500950741,-1453.5216004118033
2026-05-06,2026-05,10,28536.0,28557.635589718157,21.635589718158098,43.271179436316196,28514.364410281843,28557.635589718157,-48.0711794363131,-48.0711794363131,False,STOP,-845.1593295313871,-1501.5927798481166
2026-05-07,2026-05,9,28750.0,28790.25333905345,40.25333905345062,80.50667810690123,28709.74666094655,28790.25333905345,-85.30667810690356,-85.30667810690356,False,STOP,-930.4660076382906,-1586.89945795502
2026-05-07,2026-05,9,28792.75,28815.516429068153,22.766429068151893,45.53285813630379,28769.983570931847,28815.516429068153,-50.332858136306456,-50.332858136306456,False,STOP,-980.7988657745971,-1637.2323160913265
2026-05-07,2026-05,10,28868.5,28893.0,24.5,49.0,28844.0,28893.0,-53.8,-53.8,False,STOP,-1034.598865774597,-1691.0323160913263
2026-05-07,2026-05,10,28942.75,28917.916564423977,24.833435576025245,49.66687115205049,28917.916564423977,28967.583435576023,44.866871152046954,44.866871152046954,True,TP,-989.73199462255,-1646.1654449392795
2026-05-07,2026-05,11,28868.75,28848.46932493548,20.28067506452068,40.56135012904136,28848.46932493548,28889.03067506452,35.7613501290427,35.7613501290427,True,TP,-953.9706444935073,-1610.4040948102365
2026-05-08,2026-05,9,28890.25,28910.826511385567,20.576511385565254,41.15302277113051,28869.673488614433,28910.826511385567,-45.95302277113369,-45.95302277113369,False,STOP,-999.9236672646409,-1656.3571175813704
2026-05-08,2026-05,9,28936.0,28979.0300177327,43.03001773270245,86.0600354654049,28892.9699822673,28979.0300177327,-90.8600354654016,-90.8600354654016,False,STOP,-1090.7837027300425,-1747.2171530467717
2026-05-08,2026-05,9,28959.75,28983.5,23.75,47.5,28936.0,28983.5,-52.3,-52.3,False,STOP,-1143.0837027300424,-1799.517153046772
2026-05-08,2026-05,9,28988.25,29008.849342513855,20.599342513854403,41.198685027708805,28967.650657486145,29008.849342513855,-45.99868502770987,-45.99868502770987,False,STOP,-1189.0823877577523,-1845.5158380744815
2026-05-08,2026-05,9,29055.75,29091.533348800098,35.78334880009861,71.56669760019722,29019.966651199902,29091.533348800098,-76.36669760019576,-76.36669760019576,False,STOP,-1265.449085357948,-1921.8825356746775
2026-05-11,2026-05,9,29305.25,29331.455179947803,26.205179947803302,52.410359895606604,29279.044820052197,29331.455179947803,-57.21035989560623,-57.21035989560623,False,STOP,-1322.6594452535542,-1979.0928955702834
2026-05-11,2026-05,9,29382.25,29357.0,73.24187056455892,146.48374112911785,29309.008129435442,29455.491870564558,45.7,45.7,True,TIME,-1276.9594452535541,-1933.3928955702836
2026-05-11,2026-05,10,29357.0,29389.940142986452,32.94014298645053,65.88028597290106,29324.059857013548,29389.940142986452,-70.68028597290395,-70.68028597290395,False,STOP,-1347.639731226458,-2004.0731815431873
2026-05-11,2026-05,10,29300.5,29330.88898115277,30.38898115277025,60.7779623055405,29270.11101884723,29330.88898115277,-65.5779623055394,-65.5779623055394,False,STOP,-1413.2176935319974,-2069.651143848727
2026-05-11,2026-05,10,29356.0,29387.003043587967,31.003043587965358,62.006087175930716,29324.996956412033,29387.003043587967,-66.80608717593422,-66.80608717593422,False,STOP,-1480.0237807079316,-2136.457231024661
2026-05-11,2026-05,15,29393.5,29417.81030404166,24.31030404166237,48.62060808332474,29369.18969595834,29417.81030404166,-53.42060808332171,-53.42060808332171,False,STOP,-1533.4443887912532,-2189.8778391079827
2026-05-12,2026-05,9,29198.5,29162.745785163996,35.75421483600502,71.50842967201004,29162.745785163996,29234.254214836004,66.70842967200879,66.70842967200879,True,TP,-1466.7359591192444,-2123.1694094359736
2026-05-12,2026-05,9,29168.75,29223.869084493064,55.119084493066026,110.23816898613205,29113.630915506936,29223.869084493064,-115.03816898612858,-115.03816898612858,False,STOP,-1581.774128105373,-2238.2075784221024
2026-05-12,2026-05,9,29237.75,29283.7772041664,46.02720416640034,92.05440833280068,29191.7227958336,29283.7772041664,-96.85440833279863,-96.85440833279863,False,STOP,-1678.6285364381715,-2335.0619867549008
2026-05-12,2026-05,9,29206.75,29229.076078121176,22.32607812117692,44.65215624235384,29184.423921878824,29229.076078121176,-49.452156242351336,-49.452156242351336,False,STOP,-1728.0806926805228,-2384.5141429972523
2026-05-12,2026-05,10,29209.5,29185.31376928116,24.186230718837155,48.37246143767431,29185.31376928116,29233.68623071884,43.57246143767698,43.57246143767698,True,TP,-1684.5082312428458,-2340.941681559575
2026-05-12,2026-05,10,29090.75,29110.900893592752,20.150893592752304,40.30178718550461,29070.599106407248,29110.900893592752,-45.101787185504506,-45.101787185504506,False,STOP,-1729.6100184283503,-2386.0434687450797
2026-05-12,2026-05,10,29068.25,29046.556051234744,21.693948765254913,43.387897530509825,29046.556051234744,29089.943948765256,38.58789753051242,38.58789753051242,True,TP,-1691.0221208978378,-2347.455571214567
2026-05-12,2026-05,14,28946.75,28968.901476022736,22.151476022735615,44.30295204547123,28924.598523977264,28968.901476022736,-49.10295204547292,-49.10295204547292,False,STOP,-1740.1250729433107,-2396.55852326004
2026-05-12,2026-05,15,29110.5,29131.630628618048,21.13062861804924,42.26125723609848,29089.369371381952,29131.630628618048,-47.06125723609584,-47.06125723609584,False,STOP,-1787.1863301794065,-2443.6197804961357
2026-05-13,2026-05,9,29258.0,29237.756369874012,20.24363012598841,40.48726025197682,29237.756369874012,29278.243630125988,35.68726025197539,35.68726025197539,True,TP,-1751.499069927431,-2407.9325202441605
2026-05-13,2026-05,9,29227.25,29194.659932399114,32.59006760088695,65.1801352017739,29194.659932399114,29259.840067600886,60.38013520177192,60.38013520177192,True,TP,-1691.118934725659,-2347.5523850423883
2026-05-13,2026-05,9,29193.0,29156.153675734906,36.84632426509596,73.69264853019192,29156.153675734906,29229.846324265094,68.89264853018831,68.89264853018831,True,TP,-1622.2262861954707,-2278.6597365122
2026-05-13,2026-05,10,29182.75,29214.428994615082,31.678994615081482,63.357989230162964,29151.071005384918,29214.428994615082,-68.15798923016409,-68.15798923016409,False,STOP,-1690.3842754256348,-2346.817725742364
2026-05-13,2026-05,10,29244.25,29270.93906339703,26.689063397029418,53.378126794058836,29217.56093660297,29270.93906339703,-58.178126794057604,-58.178126794057604,False,STOP,-1748.5624022196923,-2404.995852536422
2026-05-14,2026-05,9,29550.75,29587.610384117826,36.8603841178257,73.7207682356514,29513.889615882174,29587.610384117826,-78.52076823565294,-78.52076823565294,False,STOP,-1827.0831704553452,-2483.5166207720745
2026-05-14,2026-05,9,29586.5,29607.400390843388,20.900390843389165,41.80078168677833,29565.599609156612,29607.400390843388,-46.60078168677573,-46.60078168677573,False,STOP,-1873.683952142121,-2530.1174024588504
2026-05-14,2026-05,9,29626.25,29663.85084358802,37.600843588022975,75.20168717604595,29588.64915641198,29663.85084358802,-80.00168717604247,-80.00168717604247,False,STOP,-1953.6856393181633,-2610.1190896348926
2026-05-14,2026-05,9,29644.75,29604.904062011665,39.84593798833655,79.6918759766731,29604.904062011665,29684.595937988335,74.89187597667042,74.89187597667042,True,TP,-1878.7937633414929,-2535.2272136582224
2026-05-14,2026-05,10,29605.0,29626.96577721848,21.965777218481215,43.93155443696243,29583.03422278152,29626.96577721848,-48.73155443696014,-48.73155443696014,False,STOP,-1927.525317778453,-2583.958768095182
2026-05-14,2026-05,10,29659.25,29635.597742107366,23.6522578926346,47.3045157852692,29635.597742107366,29682.902257892634,42.50451578526845,42.50451578526845,True,TP,-1885.0208019931845,-2541.454252309914
2026-05-14,2026-05,11,29718.25,29742.498046479323,24.24804647932391,48.49609295864782,29694.001953520677,29742.498046479323,-53.29609295864502,-53.29609295864502,False,STOP,-1938.3168949518295,-2594.7503452685587
2026-05-14,2026-05,12,29758.25,29735.138444904103,23.111555095897288,46.223110191794575,29735.138444904103,29781.361555095897,41.42311019179324,41.42311019179324,True,TP,-1896.8937847600362,-2553.3272350767656
2026-05-14,2026-05,13,29736.5,29712.146737312618,24.35326268738241,48.70652537476482,29712.146737312618,29760.853262687382,43.90652537476417,43.90652537476417,True,TP,-1852.987259385272,-2509.420709702001
2026-05-14,2026-05,14,29673.75,29697.569243853406,23.81924385340643,47.63848770681286,29649.930756146594,29697.569243853406,-52.438487706812154,-52.438487706812154,False,STOP,-1905.425747092084,-2561.8591974088135
2026-05-15,2026-05,9,29258.25,29235.01147439972,23.23852560028149,46.47705120056298,29235.01147439972,29281.48852560028,41.67705120056344,41.67705120056344,True,TP,-1863.7486958915206,-2520.18214620825
2026-05-15,2026-05,9,29209.75,29169.25575373993,40.49424626006872,80.98849252013744,29169.25575373993,29250.24424626007,76.18849252014043,76.18849252014043,True,TP,-1787.56020337138,-2443.9936536881096
2026-05-15,2026-05,9,29190.5,29154.579791163218,35.920208836782265,71.84041767356453,29154.579791163218,29226.420208836782,67.04041767356394,67.04041767356394,True,TP,-1720.5197856978161,-2376.9532360145454
2026-05-15,2026-05,10,29222.5,29243.12719882344,20.627198823438825,41.25439764687765,29201.87280117656,29243.12719882344,-46.05439764688053,-46.05439764688053,False,STOP,-1766.5741833446966,-2423.007633661426
2026-05-15,2026-05,10,29230.5,29255.27421253817,24.774212538169976,49.54842507633995,29205.72578746183,29255.27421253817,-54.348425076340206,-54.348425076340206,False,STOP,-1820.9226084210368,-2477.356058737766
2026-05-18,2026-05,9,29338.5,29268.695084454004,69.80491554599745,139.6098310919949,29268.695084454004,29408.304915545996,134.8098310919915,134.8098310919915,True,TP,-1686.1127773290452,-2342.5462276457747
2026-05-18,2026-05,9,29268.25,29245.427281671396,22.822718328603408,45.645436657206815,29245.427281671396,29291.072718328604,40.84543665720703,40.84543665720703,True,TP,-1645.2673406718382,-2301.7007909885674
2026-05-18,2026-05,10,29148.75,29170.042120332313,21.29212033231144,42.58424066462288,29127.457879667687,29170.042120332313,-47.38424066462612,-47.38424066462612,False,STOP,-1692.6515813364642,-2349.0850316531937
2026-05-18,2026-05,10,29259.5,29220.915855441173,38.58414455882743,77.16828911765487,29220.915855441173,29298.084144558827,72.36828911765333,72.36828911765333,True,TP,-1620.2832922188109,-2276.71674253554
2026-05-18,2026-05,10,29208.0,29179.998133017616,28.001866982383305,56.00373396476661,29179.998133017616,29236.001866982384,51.20373396476789,51.20373396476789,True,TP,-1569.079558254043,-2225.5130085707724
2026-05-18,2026-05,10,29074.5,29053.28330342824,21.216696571757907,42.433393143515815,29053.28330342824,29095.71669657176,37.63339314351761,37.63339314351761,True,TP,-1531.4461651105253,-2187.8796154272545
2026-05-18,2026-05,11,29077.5,29037.871997701262,39.62800229873859,79.25600459747719,29037.871997701262,29117.128002298738,74.45600459747511,74.45600459747511,True,TP,-1456.9901605130501,-2113.4236108297796
2026-05-18,2026-05,11,29065.25,29042.549798166052,22.70020183394863,45.40040366789726,29042.549798166052,29087.950201833948,40.600403667896174,40.600403667896174,True,TP,-1416.389756845154,-2072.823207161883
2026-05-18,2026-05,14,28833.0,28854.591353590433,21.591353590434156,43.18270718086831,28811.408646409567,28854.591353590433,-47.98270718086569,-47.98270718086569,False,STOP,-1464.3724640260195,-2120.805914342749
2026-05-18,2026-05,15,29040.5,29019.431507876307,21.068492123694966,42.13698424738993,29019.431507876307,29061.568492123693,37.336984247386866,37.336984247386866,True,TP,-1427.0354797786326,-2083.468930095362
2026-05-18,2026-05,15,28986.75,28966.13821070749,20.611789292511688,41.223578585023375,28966.13821070749,29007.36178929251,36.423578585020735,36.423578585020735,True,TP,-1390.6119011936119,-2047.0453515103413
2026-05-19,2026-05,9,28911.75,28958.654513278605,46.904513278605776,93.80902655721155,28864.845486721395,28958.654513278605,-98.60902655721002,-98.60902655721002,False,STOP,-1489.2209277508218,-2145.654378067551
2026-05-19,2026-05,9,29047.75,28996.56329801756,51.186701982438656,102.37340396487731,28996.56329801756,29098.93670198244,97.57340396487707,97.57340396487707,True,TP,-1391.6475237859447,-2048.080974102674
2026-05-19,2026-05,10,28912.75,28889.592397695033,23.157602304966424,46.31520460993285,28889.592397695033,28935.907602304967,41.515204609934884,41.515204609934884,True,TP,-1350.1323191760098,-2006.565769492739
2026-05-19,2026-05,10,28884.0,28906.46685121418,22.46685121418156,44.93370242836312,28861.53314878582,28906.46685121418,-49.733702428359535,-49.733702428359535,False,STOP,-1399.8660216043693,-2056.2994719210988
2026-05-19,2026-05,10,28767.0,28745.022359524213,21.977640475787993,43.955280951575986,28745.022359524213,28788.977640475787,39.155280951573516,39.155280951573516,True,TP,-1360.7107406527957,-2017.144190969525
2026-05-19,2026-05,10,28715.5,28737.340335753175,21.84033575317529,43.68067150635058,28693.659664246825,28737.340335753175,-48.48067150635033,-48.48067150635033,False,STOP,-1409.191412159146,-2065.6248624758755
2026-05-19,2026-05,10,28746.75,28781.977181190978,35.22718119097667,70.45436238195335,28711.522818809022,28781.977181190978,-75.25436238195543,-75.25436238195543,False,STOP,-1484.4457745411014,-2140.8792248578306
2026-05-19,2026-05,11,28807.0,28828.955736412783,21.95573641278282,43.91147282556564,28785.044263587217,28828.955736412783,-48.711472825566304,-48.711472825566304,False,STOP,-1533.1572473666677,-2189.590697683397
