timestamp,date,year_month,label,pnl,p_prod,p_frozen,p_daily,thr_daily
2025-07-03 07:20:00,2025-07-03,2025-07,0,-24.3,0.4552051748893395,0.4971055610126567,0.4971055610126567,0.5
2025-07-03 08:02:00,2025-07-03,2025-07,1,13.2,0.42499718676603954,0.43167085233602814,0.43167085233602814,0.5
2025-07-03 13:46:00,2025-07-03,2025-07,1,10.7,0.35668357039798276,0.415902911932652,0.415902911932652,0.5
2025-07-03 14:20:00,2025-07-03,2025-07,0,-21.8,0.3730873861452497,0.48070752504129516,0.48070752504129516,0.5
2025-07-03 14:36:00,2025-07-03,2025-07,1,18.2,0.4085198413815117,0.4895303936971953,0.4895303936971953,0.5
2025-07-04 07:06:00,2025-07-04,2025-07,0,-24.3,0.5001513733959136,0.49788543091886267,0.4941470442166093,0.5
2025-07-04 07:11:00,2025-07-04,2025-07,0,-9.3,0.47163574452477347,0.5083346029393012,0.5036516577118737,0.5
2025-07-04 07:31:00,2025-07-04,2025-07,1,8.2,0.5235047757125743,0.5153162897365533,0.5100864972894933,0.5
2025-07-07 13:33:00,2025-07-07,2025-07,0,-11.8,0.749212613595036,0.5701173586535738,0.5691760419911097,0.5
2025-07-07 13:36:00,2025-07-07,2025-07,1,27.45,0.5480795121666016,0.5425869100532978,0.5442696640905981,0.5
2025-07-07 18:25:00,2025-07-07,2025-07,1,60.7,0.539106378657509,0.4817051277221451,0.48719626262735,0.5
2025-07-07 19:04:00,2025-07-07,2025-07,0,-91.8,0.5261969804243891,0.4845205786625747,0.4773723129918092,0.5
2025-07-08 18:25:00,2025-07-08,2025-07,1,48.2,0.4745458892873553,0.4863636944264429,0.4857410512785127,0.55
2025-07-08 18:47:00,2025-07-08,2025-07,1,28.2,0.4385069257136107,0.49612323344127895,0.4909728451559414,0.55
2025-07-09 07:01:00,2025-07-09,2025-07,0,-29.3,0.5163333950975817,0.49561583190224395,0.49517758157741176,0.5
2025-07-09 07:31:00,2025-07-09,2025-07,1,5.7,0.5701112843792607,0.4977155887957984,0.47611273794235287,0.5
2025-07-09 07:58:00,2025-07-09,2025-07,1,45.7,0.5561387308942323,0.5017381376009247,0.49317109814963245,0.5
2025-07-09 14:07:00,2025-07-09,2025-07,1,18.2,0.4345552403483757,0.45413030408057753,0.4596816778100687,0.5
2025-07-09 14:47:00,2025-07-09,2025-07,1,50.7,0.41647800652240985,0.4958929320302465,0.5065579422781279,0.5
2025-07-09 14:54:00,2025-07-09,2025-07,1,25.7,0.42204965161165175,0.4857490455197177,0.49330917151303283,0.5
2025-07-09 18:20:00,2025-07-09,2025-07,0,-34.3,0.4429906101287531,0.4206093384980713,0.43459040702928736,0.5
2025-07-10 18:10:00,2025-07-10,2025-07,0,-21.8,0.490609548730418,0.48368958740862494,0.4773672298619222,0.5
2025-07-11 18:13:00,2025-07-11,2025-07,1,8.2,0.3069207355208247,0.4123505255293243,0.4378011448776461,0.5
2025-07-11 18:19:00,2025-07-11,2025-07,1,8.2,0.38549504812745156,0.5096719371793358,0.5166908933302523,0.5
2025-07-14 13:37:00,2025-07-14,2025-07,1,53.2,0.5068416040595715,0.4726514889576185,0.4842299962713144,0.5
2025-07-14 13:49:00,2025-07-14,2025-07,0,-222.8,0.5432370335121041,0.5208281695991696,0.5299099950181868,0.5
2025-07-14 18:10:00,2025-07-14,2025-07,1,15.7,0.436988751589455,0.41996003554972344,0.43339819029566423,0.5
2025-07-14 19:01:00,2025-07-14,2025-07,1,30.7,0.40981813947582724,0.42485440221963716,0.45793176049739287,0.5
2025-07-15 13:31:00,2025-07-15,2025-07,1,23.2,0.4650611867478807,0.4578934410987642,0.480389853319064,0.45
2025-07-15 14:26:00,2025-07-15,2025-07,1,18.2,0.43837122245552196,0.4917291934048643,0.5143190005357063,0.45
2025-07-15 14:34:00,2025-07-15,2025-07,1,20.7,0.48953868748194,0.5065244417608118,0.525298908542544,0.45
2025-07-15 14:46:00,2025-07-15,2025-07,1,45.7,0.48604736640761803,0.4819168295071367,0.5032829611806519,0.45
2025-07-16 07:14:00,2025-07-16,2025-07,0,-39.3,0.5164618811984159,0.43998750176232426,0.43147386262181603,0.45
2025-07-16 07:48:00,2025-07-16,2025-07,1,10.7,0.44904012493470746,0.4841270292078171,0.4781381125751909,0.45
2025-07-16 18:21:00,2025-07-16,2025-07,0,-16.8,0.5261006733026117,0.4752115497653217,0.4607279752847788,0.45
2025-07-17 18:09:00,2025-07-17,2025-07,1,5.7,0.35460353083420554,0.40829573982843614,0.46217231825641036,0.55
2025-07-17 18:17:00,2025-07-17,2025-07,1,8.2,0.3561427768798864,0.42977248802434176,0.4851002106961048,0.55
2025-07-17 18:25:00,2025-07-17,2025-07,0,-11.8,0.35473853611975975,0.46912022868446607,0.5193516922450477,0.55
2025-07-17 18:34:00,2025-07-17,2025-07,1,13.2,0.40261286791711637,0.453307338092967,0.4992362018329721,0.55
2025-07-18 13:53:00,2025-07-18,2025-07,0,-24.3,0.617921476455145,0.5230343005236185,0.5084301784898789,0.55
2025-07-18 14:36:00,2025-07-18,2025-07,1,23.2,0.4982703808410136,0.5403330243349956,0.5450800467184521,0.55
2025-07-18 14:52:00,2025-07-18,2025-07,1,48.2,0.47454424792025307,0.5304224094616242,0.5281404559009288,0.55
2025-07-18 18:22:00,2025-07-18,2025-07,0,-29.3,0.4784991579493035,0.46678774756782926,0.44492709430336613,0.55
2025-07-18 19:02:00,2025-07-18,2025-07,1,5.7,0.45604137305262193,0.5089016724334147,0.49248420360626816,0.55
2025-07-21 07:46:00,2025-07-21,2025-07,0,-9.3,0.42304803155583987,0.4103816258244496,0.4378969342709008,0.5
2025-07-22 07:08:00,2025-07-22,2025-07,1,25.7,0.5799028465496728,0.4474809965007215,0.43230931264084266,0.5
2025-07-22 07:16:00,2025-07-22,2025-07,0,-74.3,0.5431393354815749,0.45575757669254974,0.4468039229730004,0.5
2025-07-22 13:31:00,2025-07-22,2025-07,0,-11.8,0.6104762656745644,0.49555048021828424,0.47555226304896725,0.5
2025-07-22 14:22:00,2025-07-22,2025-07,1,38.2,0.49060665864338393,0.48552389032524923,0.501261253152288,0.5
2025-07-22 18:23:00,2025-07-22,2025-07,1,5.7,0.44900690376995983,0.41488044076339453,0.40965347453161377,0.5
2025-07-23 14:21:00,2025-07-23,2025-07,1,145.7,0.5778374893336695,0.49942614886629055,0.48076401291434717,0.55
2025-07-23 18:30:00,2025-07-23,2025-07,1,93.2,0.5027488810582708,0.4769377153820853,0.46057606480095437,0.55
2025-07-24 07:49:00,2025-07-24,2025-07,0,-16.8,0.4802191098482038,0.4932604774382811,0.48566573548850445,0.55
2025-07-24 13:54:00,2025-07-24,2025-07,0,-41.8,0.5392492350891693,0.5119362524286258,0.5090348993359829,0.55
2025-07-24 14:25:00,2025-07-24,2025-07,1,110.7,0.5238645310725871,0.5387946156943603,0.5385898463950791,0.55
2025-07-24 18:13:00,2025-07-24,2025-07,0,-89.3,0.5028706811869135,0.5095112656294873,0.5005915080610476,0.55
2025-07-25 14:04:00,2025-07-25,2025-07,0,-16.8,0.5761087127833395,0.5852059309716923,0.5652774920033005,0.5
2025-07-25 14:23:00,2025-07-25,2025-07,0,-19.3,0.5147656795682225,0.5581263739071884,0.5494802765379064,0.5
2025-07-25 18:27:00,2025-07-25,2025-07,1,5.7,0.5540950727450601,0.5038640341742556,0.4689546893798556,0.5
2025-07-25 18:33:00,2025-07-25,2025-07,0,-9.3,0.4722843989253656,0.5360355441896938,0.5415577390028424,0.5
2025-07-25 18:46:00,2025-07-25,2025-07,0,-19.3,0.4238806846221328,0.5263543162831132,0.5471020404567655,0.5
2025-07-28 07:13:00,2025-07-28,2025-07,1,20.7,0.4714973999644466,0.4085219485024629,0.4291261189265744,0.5
2025-07-28 07:40:00,2025-07-28,2025-07,0,-14.3,0.4476413240167455,0.4640653974533018,0.495461292968725,0.5
2025-07-28 14:04:00,2025-07-28,2025-07,1,20.7,0.6123486758761321,0.47363755150753434,0.4576517769107345,0.5
2025-07-28 18:21:00,2025-07-28,2025-07,1,60.7,0.5536713611600265,0.4279500623168071,0.4246991592614542,0.5
2025-07-29 18:36:00,2025-07-29,2025-07,1,5.7,0.5890427124452998,0.47371700226079516,0.4671574859437773,0.5
2025-07-29 18:43:00,2025-07-29,2025-07,0,-11.8,0.5436554536600029,0.4605308609912256,0.4725265821678322,0.5
2025-07-30 13:34:00,2025-07-30,2025-07,0,-56.8,0.5411312947061436,0.5266538232791533,0.5510377965769626,0.5
2025-07-30 14:10:00,2025-07-30,2025-07,1,68.2,0.5415733030358741,0.5391007937152772,0.5071604883341819,0.5
2025-07-30 14:26:00,2025-07-30,2025-07,0,-19.3,0.5339313473756855,0.5116126999304688,0.4923853808286047,0.5
2025-07-30 14:34:00,2025-07-30,2025-07,1,10.7,0.5971224465387206,0.5698435266960667,0.5293179935907735,0.5
2025-07-30 14:45:00,2025-07-30,2025-07,1,10.7,0.4889128815088465,0.5032285586837716,0.4919582159608907,0.5
2025-07-30 18:26:00,2025-07-30,2025-07,1,8.2,0.5039955263913827,0.47852416993381325,0.4566777289239365,0.5
2025-07-30 18:37:00,2025-07-30,2025-07,1,33.2,0.4600666142238285,0.5193931314155752,0.5019099076630839,0.5
2025-07-30 18:48:00,2025-07-30,2025-07,0,-29.3,0.5736436131926655,0.5266718263588006,0.5023104162927822,0.5
2025-08-01 13:31:00,2025-08-01,2025-08,0,-34.3,0.6718994591200842,0.5142150609836477,0.48532640581813447,0.5
2025-08-01 14:49:00,2025-08-01,2025-08,0,-104.3,0.5677299234293154,0.48583586154847785,0.4790363061386706,0.5
2025-08-01 18:02:00,2025-08-01,2025-08,0,-26.8,0.5663182868049533,0.47644360113139816,0.45548561444459446,0.5
2025-08-01 18:21:00,2025-08-01,2025-08,1,73.2,0.5273545853328971,0.46856675270850684,0.4647330799052973,0.5
2025-08-01 18:34:00,2025-08-01,2025-08,1,35.7,0.5704111762022416,0.4831341491516982,0.4727226167081649,0.5
2025-08-01 18:46:00,2025-08-01,2025-08,0,-56.8,0.5525899392438968,0.47556221859461173,0.469819381653324,0.5
2025-08-05 13:34:00,2025-08-05,2025-08,1,155.7,0.5696484283229868,0.525598311778542,0.504777364155251,0.5
2025-08-05 14:51:00,2025-08-05,2025-08,0,-136.8,0.49378987657749884,0.497808046425348,0.5043020873871568,0.5
2025-08-05 18:10:00,2025-08-05,2025-08,0,-16.8,0.5941064412073968,0.4630652616677116,0.448629023364504,0.5
2025-08-05 18:35:00,2025-08-05,2025-08,0,-16.8,0.5869281889672752,0.47697079339216175,0.48506839875813373,0.5
2025-08-05 18:51:00,2025-08-05,2025-08,1,78.2,0.5085440597814184,0.49739574503273254,0.5092915654880757,0.5
2025-08-07 18:06:00,2025-08-07,2025-08,0,-54.3,0.5889450726402469,0.47211863147158417,0.46703625716103064,0.5
2025-08-07 18:31:00,2025-08-07,2025-08,1,70.7,0.5696392829296822,0.4792225157983552,0.46116934720336455,0.5
2025-08-07 18:59:00,2025-08-07,2025-08,1,70.7,0.5933069165908884,0.47281174896715616,0.45186797306844584,0.5
2025-08-08 18:13:00,2025-08-08,2025-08,1,23.2,0.393298773965634,0.49439984690088556,0.5236262702481229,0.5
2025-08-08 18:30:00,2025-08-08,2025-08,0,-16.8,0.34972711015241253,0.42404573225359643,0.5152075856716684,0.5
2025-08-08 18:50:00,2025-08-08,2025-08,1,13.2,0.35355652284960487,0.4393194095975002,0.5267625207244504,0.5
2025-08-11 07:18:00,2025-08-11,2025-08,1,3.2,0.40588619501693574,0.42616334382194665,0.4278059744704127,0.5
2025-08-11 07:29:00,2025-08-11,2025-08,1,5.7,0.46100029343659316,0.4369419358675959,0.4602652183353679,0.5
2025-08-11 07:37:00,2025-08-11,2025-08,1,8.2,0.47569851408063046,0.45804243752219853,0.47673903498980236,0.5
2025-08-11 07:52:00,2025-08-11,2025-08,1,5.7,0.45098330647165136,0.4145638244276191,0.4438159561225079,0.5
2025-08-11 18:07:00,2025-08-11,2025-08,1,38.2,0.4883969223056912,0.4880455981145732,0.495463687197048,0.5
2025-08-11 18:47:00,2025-08-11,2025-08,1,73.2,0.5185986021816835,0.4819736019612684,0.5097758970054682,0.5
2025-08-12 07:18:00,2025-08-12,2025-08,0,-19.3,0.6459443844783578,0.45442017578993726,0.4322220235242402,0.45
2025-08-12 07:26:00,2025-08-12,2025-08,1,18.2,0.5147731930376644,0.4646214349188856,0.4782933403675884,0.45
2025-08-12 07:30:00,2025-08-12,2025-08,0,-34.3,0.49865323179638926,0.4636624411483524,0.47825796227757056,0.45
2025-08-12 07:57:00,2025-08-12,2025-08,0,-21.8,0.4800301077189304,0.4683908360119427,0.48099234310731337,0.45
2025-08-12 13:56:00,2025-08-12,2025-08,0,-274.3,0.5208893501261569,0.5169192898418388,0.4956962377067315,0.45
2025-08-12 18:25:00,2025-08-12,2025-08,1,10.7,0.354029697409893,0.34007243879479176,0.46072529310365073,0.45
2025-08-12 18:49:00,2025-08-12,2025-08,0,-16.8,0.4004991806062814,0.4082027348771406,0.525851108632657,0.45
2025-08-13 07:12:00,2025-08-13,2025-08,0,-6.8,0.37963970675422437,0.3904300874463086,0.44733851457172663,0.55
2025-08-13 07:38:00,2025-08-13,2025-08,0,-19.3,0.4216569153400857,0.4638338999289132,0.498675645850756,0.55
2025-08-13 18:18:00,2025-08-13,2025-08,0,-29.3,0.6156689268786569,0.4846786053871251,0.4744204924403856,0.55
2025-08-13 18:59:00,2025-08-13,2025-08,0,-22.05,0.5792313098437717,0.47970304471610625,0.48708692399202264,0.55
2025-08-14 15:01:00,2025-08-14,2025-08,1,110.7,0.5156114790885581,0.5264703794110545,0.5191453652623123,0.55
2025-08-14 18:20:00,2025-08-14,2025-08,1,20.7,0.42458899040686654,0.4499115794777721,0.4864419298442267,0.55
2025-08-14 19:10:00,2025-08-14,2025-08,1,18.2,0.3848617445416224,0.4587217900673378,0.5168776111846652,0.55
2025-08-15 18:02:00,2025-08-15,2025-08,0,-44.3,0.5007738968356131,0.5055355287103787,0.4869009519630982,0.55
2025-08-15 18:36:00,2025-08-15,2025-08,0,-51.8,0.4949960951121282,0.5174107516921711,0.5027104429748046,0.55
2025-08-18 07:01:00,2025-08-18,2025-08,1,15.7,0.535012214798823,0.4568476529893258,0.43193423565196565,0.55
2025-08-18 07:48:00,2025-08-18,2025-08,1,28.2,0.5119997186914047,0.4530213831880349,0.44300167170407795,0.55
2025-08-18 14:09:00,2025-08-18,2025-08,0,-36.8,0.5614986703331126,0.4952045808442098,0.48867528558133394,0.55
2025-08-18 18:13:00,2025-08-18,2025-08,0,-9.3,0.5463571336415664,0.4629221218263318,0.48244645593042473,0.55
2025-08-18 18:29:00,2025-08-18,2025-08,1,43.2,0.5051430942599909,0.47042621786633765,0.5061417214739171,0.55
2025-08-19 18:13:00,2025-08-19,2025-08,0,-44.3,0.6154790731677385,0.44760657110213936,0.4158400124471101,0.5
2025-08-19 18:44:00,2025-08-19,2025-08,0,-26.8,0.579675159675363,0.4590623783900827,0.4362983504677168,0.5
2025-08-19 18:56:00,2025-08-19,2025-08,0,-36.8,0.6001559228836869,0.4684128151464434,0.44531056855680556,0.5
2025-08-20 18:26:00,2025-08-20,2025-08,1,80.7,0.5330807343986791,0.46892361669462623,0.42511292286423336,0.55
2025-08-21 07:04:00,2025-08-21,2025-08,1,108.2,0.5188163698953465,0.48804607844643105,0.46172286139722424,0.55
2025-08-21 13:31:00,2025-08-21,2025-08,0,-21.8,0.5704606270499964,0.48994957700377767,0.4527221212296308,0.55
2025-08-21 13:53:00,2025-08-21,2025-08,1,203.2,0.5961444392488743,0.5420054231571207,0.49964148864359315,0.55
2025-08-21 14:31:00,2025-08-21,2025-08,0,-111.8,0.5364897523226768,0.5261256424662439,0.5074677075653167,0.55
2025-08-21 18:06:00,2025-08-21,2025-08,1,10.7,0.40844313312279834,0.4782949231361595,0.5070236194786636,0.55
2025-08-21 18:33:00,2025-08-21,2025-08,0,-26.8,0.44088064799746796,0.5011006486823676,0.541913205191669,0.55
2025-08-21 18:50:00,2025-08-21,2025-08,0,-14.3,0.4348021296821401,0.4728498049391985,0.5173930916554579,0.55
2025-08-22 07:09:00,2025-08-22,2025-08,1,40.7,0.5162607743688149,0.5020644130604284,0.4544677120541815,0.55
2025-08-22 08:00:00,2025-08-22,2025-08,1,10.7,0.5305532094067816,0.49804581699708594,0.4412338895707834,0.55
2025-08-22 13:34:00,2025-08-22,2025-08,0,-226.8,0.5814641539357468,0.5562491968794443,0.5073127573946156,0.55
2025-08-22 14:26:00,2025-08-22,2025-08,0,-89.3,0.49426426674180785,0.45156740391885025,0.4917323100134891,0.55
2025-08-25 13:45:00,2025-08-25,2025-08,0,-19.3,0.7322345195097446,0.5234708685863445,0.47180736873978785,0.5
2025-08-25 14:17:00,2025-08-25,2025-08,0,-16.8,0.6130100168743424,0.5095209736767635,0.5354045342996042,0.5
2025-08-25 14:26:00,2025-08-25,2025-08,1,15.7,0.552334679356942,0.5091337524928217,0.5423515022738835,0.5
2025-08-25 14:35:00,2025-08-25,2025-08,1,25.7,0.563808450360276,0.4818773598506998,0.5131200010982737,0.5
2025-08-25 14:53:00,2025-08-25,2025-08,1,43.2,0.5887582361944553,0.4814233528869838,0.49983421313936827,0.5
2025-08-25 18:13:00,2025-08-25,2025-08,1,10.7,0.4153830962563439,0.41988793195988344,0.5095000237324077,0.5
2025-08-25 18:51:00,2025-08-25,2025-08,1,10.7,0.4050647237656417,0.4690220978924016,0.5644198113598424,0.5
2025-08-25 18:59:00,2025-08-25,2025-08,0,-29.3,0.47002818619771247,0.47155243643210587,0.5260502302690603,0.5
2025-08-27 07:15:00,2025-08-27,2025-08,0,-29.3,0.48421636656804046,0.4680620192378961,0.4595959853149087,0.55
2025-08-27 07:37:00,2025-08-27,2025-08,0,-14.3,0.5472766387524952,0.44788089549555044,0.42378319687348,0.55
2025-08-27 08:05:00,2025-08-27,2025-08,0,-16.8,0.4949710216438436,0.4539244555469338,0.455910436107896,0.55
2025-08-27 13:57:00,2025-08-27,2025-08,1,55.7,0.6036782411604554,0.5010334454438486,0.4461992545390572,0.55
2025-08-27 14:24:00,2025-08-27,2025-08,1,78.2,0.5385169999469729,0.5217740951406931,0.5176033113943821,0.55
2025-08-27 18:31:00,2025-08-27,2025-08,0,-76.8,0.4996998835623377,0.4893890387798352,0.5178596294103195,0.55
2025-08-28 18:40:00,2025-08-28,2025-08,0,-9.3,0.4098796495526171,0.437733085579372,0.5235422274173039,0.55
2025-09-01 07:33:00,2025-09-01,2025-09,1,108.2,0.7515802341033028,0.43050140022873445,0.3810555875316097,0.55
2025-09-02 14:48:00,2025-09-02,2025-09,0,-76.8,0.7552771587826911,0.49242054224076864,0.45113057938389833,0.5
2025-09-05 14:21:00,2025-09-05,2025-09,1,215.7,0.5317044692033228,0.5223273107418475,0.48352116505876924,0.55
2025-09-05 14:52:00,2025-09-05,2025-09,0,-46.8,0.495375843506168,0.5339236855688784,0.5162731997675131,0.55
2025-09-12 13:45:00,2025-09-12,2025-09,1,13.2,0.3573506811788302,0.4739415756348006,0.47602711630939964,0.45
2025-09-12 14:18:00,2025-09-12,2025-09,0,-81.8,0.4736127264149531,0.5087423339075252,0.49785554086744993,0.45
2025-09-12 18:53:00,2025-09-12,2025-09,0,-16.8,0.4027877679907444,0.45835034084617476,0.5061047774651183,0.45
2025-09-15 07:12:00,2025-09-15,2025-09,1,3.2,0.4150325732806414,0.4351300784047589,0.4842421740570691,0.45
2025-09-15 07:20:00,2025-09-15,2025-09,0,-24.3,0.45006100777245056,0.4294456922389556,0.48188162635444065,0.45
2025-09-15 07:42:00,2025-09-15,2025-09,1,3.2,0.4221887255100214,0.46132971852007165,0.523283485772274,0.45
2025-09-15 07:56:00,2025-09-15,2025-09,1,25.7,0.48095965696844273,0.42310821063632903,0.4633508109124606,0.45
2025-09-15 13:34:00,2025-09-15,2025-09,0,-9.3,0.7793172791453767,0.59055944063731,0.4945930425711308,0.45
2025-09-15 14:05:00,2025-09-15,2025-09,1,15.7,0.550939716989132,0.45991003395075225,0.5008364965007258,0.45
2025-09-15 14:31:00,2025-09-15,2025-09,1,18.2,0.5389499503615878,0.47400271081880896,0.497879565759243,0.45
2025-09-15 14:43:00,2025-09-15,2025-09,1,10.7,0.47766215356156183,0.4909424534063313,0.5518147542014527,0.45
2025-09-16 07:10:00,2025-09-16,2025-09,0,-21.8,0.4410291760384195,0.4428323250622454,0.4744249000687789,0.55
2025-09-16 07:19:00,2025-09-16,2025-09,0,-9.3,0.4156189516991906,0.4708716503076853,0.5273699397977846,0.55
2025-09-16 14:20:00,2025-09-16,2025-09,0,-21.8,0.5825133155359463,0.4928311642477753,0.47993223145909397,0.55
2025-09-16 14:39:00,2025-09-16,2025-09,0,-24.3,0.5358191542883606,0.5002152587461507,0.5179705333113316,0.55
2025-09-16 15:01:00,2025-09-16,2025-09,0,-16.8,0.5852092419208788,0.5140375472075899,0.5067643768901533,0.55
2025-09-16 18:10:00,2025-09-16,2025-09,1,3.45,0.5295329854360961,0.48832752970986426,0.4936117906605609,0.55
2025-09-17 07:07:00,2025-09-17,2025-09,1,25.7,0.5157880309655923,0.4634881588271112,0.42609632167901834,0.55
2025-09-17 07:37:00,2025-09-17,2025-09,0,-16.8,0.5613245568425581,0.45504678517016317,0.4184592603646436,0.55
2025-09-17 13:59:00,2025-09-17,2025-09,0,-21.8,0.5995320641795665,0.5265060324353638,0.468423726397813,0.55
2025-09-17 14:06:00,2025-09-17,2025-09,0,-34.3,0.5194670814020034,0.5306652097135642,0.5275147401345739,0.55
2025-09-17 14:36:00,2025-09-17,2025-09,0,-26.8,0.5725890734053285,0.5038982071374805,0.46554869175844277,0.55
2025-09-17 14:42:00,2025-09-17,2025-09,0,-21.8,0.5362038581788151,0.5260940440391609,0.5029005803416368,0.55
2025-09-17 14:50:00,2025-09-17,2025-09,0,-21.8,0.5016325884671524,0.5199850213024052,0.5098397656877195,0.55
2025-09-18 07:11:00,2025-09-18,2025-09,0,-26.8,0.44493985707178696,0.4668668148391756,0.4537295215349957,0.55
2025-09-18 07:26:00,2025-09-18,2025-09,0,-29.3,0.4301736268388244,0.47897867737883254,0.4824751901641546,0.55
2025-09-19 07:14:00,2025-09-19,2025-09,1,35.7,0.5118950511984232,0.4796297598777191,0.409417980120128,0.55
2025-09-19 07:47:00,2025-09-19,2025-09,0,-11.8,0.5271024516157016,0.523746380934126,0.44801885313592477,0.55
2025-09-19 14:01:00,2025-09-19,2025-09,1,40.7,0.4506961564548209,0.49753574344534646,0.4678422188551527,0.55
2025-09-19 14:23:00,2025-09-19,2025-09,0,-36.8,0.43352286571837906,0.5427733923519291,0.5297590032056798,0.55
2025-09-19 14:33:00,2025-09-19,2025-09,1,33.2,0.4088409779362755,0.5354399232849696,0.5365448202492615,0.55
2025-09-19 14:43:00,2025-09-19,2025-09,1,23.2,0.39717050870914067,0.5411776425635655,0.5389825426921835,0.55
2025-09-19 18:22:00,2025-09-19,2025-09,1,8.2,0.39628644993245493,0.4309850730021042,0.4935341299743324,0.55
2025-09-19 18:32:00,2025-09-19,2025-09,0,-16.8,0.406725838278509,0.4629527894124741,0.5383968788058058,0.55
2025-09-19 18:59:00,2025-09-19,2025-09,0,-21.8,0.4061192625267647,0.4818147520618017,0.5448389442501399,0.55
2025-09-22 14:18:00,2025-09-22,2025-09,0,-64.3,0.4927019835855357,0.44266076485287714,0.47251925674411976,0.55
2025-09-22 14:34:00,2025-09-22,2025-09,0,-16.8,0.4063793707730428,0.47830826802321225,0.5608139231771796,0.55
2025-09-22 18:26:00,2025-09-22,2025-09,0,-34.3,0.4002083428788694,0.41780892768557226,0.5616963198587616,0.55
2025-09-22 18:58:00,2025-09-22,2025-09,1,25.7,0.3735389292529458,0.4228786613508964,0.592259945817143,0.55
2025-09-23 07:13:00,2025-09-23,2025-09,0,-61.8,0.47006253374404094,0.45941857526666685,0.4769651289761371,0.55
2025-09-23 13:45:00,2025-09-23,2025-09,1,48.2,0.4835352670300714,0.5053637944032289,0.5192860382038162,0.55
2025-09-23 14:08:00,2025-09-23,2025-09,0,-28.3,0.5334259053227806,0.5155165866963427,0.5085452232908853,0.55
2025-09-24 18:26:00,2025-09-24,2025-09,1,45.7,0.5763197589035939,0.46991636685813193,0.4347617600823297,0.55
2025-09-24 19:02:00,2025-09-24,2025-09,1,34.7,0.5599204592830825,0.4999771048659084,0.49091498613042434,0.55
2025-09-26 07:26:00,2025-09-26,2025-09,1,43.2,0.431717071891461,0.49920293728977044,0.47164883478706704,0.5
2025-09-26 13:52:00,2025-09-26,2025-09,0,-141.8,0.5380745840103381,0.5414466302265203,0.5056583964968394,0.5
2025-09-26 14:34:00,2025-09-26,2025-09,1,83.2,0.5748115695306845,0.5367371484659251,0.45345950278124203,0.5
2025-09-26 14:48:00,2025-09-26,2025-09,1,162.7,0.5053360787780525,0.5710668403383398,0.5532037877425224,0.5
2025-09-26 18:06:00,2025-09-26,2025-09,1,70.7,0.5245420011176007,0.47446436977520656,0.4598658272616178,0.5
2025-09-26 18:51:00,2025-09-26,2025-09,0,-11.8,0.5407277622818393,0.5117716474544588,0.4836036287326453,0.5
2025-09-26 19:02:00,2025-09-26,2025-09,1,40.7,0.48137223755953895,0.5007812378387545,0.5049178661705346,0.5
2025-09-29 18:08:00,2025-09-29,2025-09,0,-16.8,0.5695803457498868,0.4730768891314046,0.5067386098015659,0.45
2025-09-30 13:50:00,2025-09-30,2025-09,0,-66.8,0.6127296601415038,0.49545374076386905,0.4501370631811606,0.5
2025-09-30 14:06:00,2025-09-30,2025-09,0,-41.8,0.6008643083695379,0.5308755108442506,0.4504654045548842,0.5
2025-09-30 14:20:00,2025-09-30,2025-09,1,50.7,0.5726312190054982,0.4961202175578927,0.46788009416315707,0.5
2025-09-30 18:29:00,2025-09-30,2025-09,1,45.7,0.5580130674235375,0.44242031271855176,0.503064507071318,0.5
2025-10-02 14:01:00,2025-10-02,2025-10,1,47.2,0.5753167230412959,0.5285210027893217,0.44975170283430344,0.55
2025-10-02 18:09:00,2025-10-02,2025-10,1,8.2,0.49887068596838663,0.4944644605772514,0.5079808848057904,0.55
2025-10-02 18:15:00,2025-10-02,2025-10,1,15.7,0.5059561892212694,0.48194166542753136,0.4985187552483104,0.55
2025-10-03 07:12:00,2025-10-03,2025-10,1,23.2,0.4335411830522251,0.48432976296264324,0.4409335181627864,0.55
2025-10-03 13:47:00,2025-10-03,2025-10,1,31.45,0.5256907858577937,0.5745807116623206,0.5586048626814977,0.55
2025-10-03 18:14:00,2025-10-03,2025-10,1,45.7,0.5508958876715826,0.4990922436552429,0.4862838804443079,0.55
2025-10-03 18:32:00,2025-10-03,2025-10,0,-81.8,0.525387675226261,0.5297850724639309,0.5316309737609335,0.55
2025-10-03 19:03:00,2025-10-03,2025-10,1,18.2,0.5909895079615004,0.5098403667046153,0.45440631302812107,0.55
2025-10-06 13:31:00,2025-10-06,2025-10,0,-19.3,0.5245007352516523,0.4540731174927998,0.478626440433951,0.55
2025-10-06 13:35:00,2025-10-06,2025-10,1,78.2,0.5092004898558264,0.4915126291050488,0.501379892720258,0.55
2025-10-06 13:46:00,2025-10-06,2025-10,0,-51.8,0.49017527636632496,0.47132308320872285,0.4942499133979521,0.55
2025-10-06 13:53:00,2025-10-06,2025-10,0,-111.8,0.477942715526138,0.4975894909366024,0.5256072518791821,0.55
2025-10-06 18:03:00,2025-10-06,2025-10,0,-14.3,0.4651071917728747,0.43034112807360847,0.5334011545042261,0.55
2025-10-06 18:08:00,2025-10-06,2025-10,1,5.7,0.4343981445820374,0.4690285054746127,0.5590579782322442,0.55
2025-10-06 18:13:00,2025-10-06,2025-10,0,-11.8,0.3894096913169964,0.44299184521360635,0.5641389521645939,0.55
2025-10-06 18:54:00,2025-10-06,2025-10,1,28.2,0.43752793088996095,0.39881075316667736,0.5262464161172231,0.55
2025-10-08 07:05:00,2025-10-08,2025-10,0,-36.8,0.4844599688776616,0.4650679119583672,0.45181003304888645,0.55
2025-10-08 07:48:00,2025-10-08,2025-10,0,-16.8,0.42371872398560934,0.47824937826028063,0.48462210602694467,0.55
2025-10-08 07:56:00,2025-10-08,2025-10,1,35.7,0.5192462796320428,0.4613316205601043,0.4499237486478635,0.55
2025-10-08 13:31:00,2025-10-08,2025-10,0,-24.3,0.4554038280526234,0.4723046017617266,0.4755106168777965,0.55
2025-10-08 13:46:00,2025-10-08,2025-10,0,-36.8,0.4581018452473222,0.5132310980244686,0.5143145870580084,0.55
2025-10-08 14:25:00,2025-10-08,2025-10,0,-36.8,0.4581060550427518,0.4860777964026934,0.48860500410165825,0.55
2025-10-08 14:45:00,2025-10-08,2025-10,1,50.7,0.4539020500866952,0.4911368305970365,0.4930415824823245,0.55
2025-10-08 18:56:00,2025-10-08,2025-10,0,-26.8,0.39854351400322413,0.44224096437313953,0.5500684228283975,0.55
2025-10-09 18:20:00,2025-10-09,2025-10,1,103.2,0.5464071266105106,0.4929993362144921,0.5247279013584124,0.55
2025-10-10 14:08:00,2025-10-10,2025-10,1,105.7,0.5304747915810414,0.5284996578166161,0.49295672030737375,0.55
2025-10-10 18:01:00,2025-10-10,2025-10,1,98.2,0.6622526032152367,0.5009377027837438,0.49331899449760497,0.55
2025-10-10 18:39:00,2025-10-10,2025-10,1,60.7,0.5727005112306627,0.4861644831872257,0.5112362847234793,0.55
2025-10-10 19:01:00,2025-10-10,2025-10,1,170.7,0.6110777858570334,0.507048546806909,0.5311405237769452,0.55
2025-10-13 13:46:00,2025-10-13,2025-10,1,45.7,0.6948687122214372,0.4789950242783111,0.42038683986905406,0.55
2025-10-13 13:55:00,2025-10-13,2025-10,1,133.2,0.5845343855420195,0.49147674795837304,0.5109133066111915,0.55
2025-10-13 14:07:00,2025-10-13,2025-10,1,30.7,0.6157104693085972,0.5124835407044708,0.49389449119821544,0.55
2025-10-13 14:31:00,2025-10-13,2025-10,1,65.7,0.5653891713947785,0.47839625944362935,0.480791183833906,0.55
2025-10-14 14:10:00,2025-10-14,2025-10,1,65.7,0.598661617090932,0.4572238845837165,0.49836348664395025,0.55
2025-10-14 14:16:00,2025-10-14,2025-10,1,63.2,0.5793809204279889,0.45856065657010014,0.5117910179468393,0.55
2025-10-14 14:32:00,2025-10-14,2025-10,1,35.7,0.5999106637743433,0.46355524277196947,0.49912737555540093,0.55
2025-10-14 18:15:00,2025-10-14,2025-10,0,-29.3,0.469526518271221,0.4253199789226584,0.5186876818986379,0.55
2025-10-14 18:36:00,2025-10-14,2025-10,0,-91.8,0.50080906413347,0.42155858428485005,0.5445183435720186,0.55
2025-10-15 07:05:00,2025-10-15,2025-10,1,8.2,0.3909431739249807,0.44634762691191254,0.43514953003184953,0.55
2025-10-15 07:16:00,2025-10-15,2025-10,0,-11.8,0.4355061244610157,0.4589489282013874,0.4352556250203164,0.55
2025-10-15 07:49:00,2025-10-15,2025-10,0,-16.8,0.3937235253951855,0.46420288847254193,0.4615561388117143,0.55
2025-10-15 18:02:00,2025-10-15,2025-10,0,-59.3,0.5782970311726477,0.48505434108833706,0.5744771047568665,0.55
2025-10-15 18:19:00,2025-10-15,2025-10,1,108.2,0.5695732840531049,0.474690793249846,0.5786273649698966,0.55
2025-10-15 18:44:00,2025-10-15,2025-10,0,-34.3,0.5373418817874284,0.48950138118156666,0.5383005032651438,0.55
2025-10-15 19:06:00,2025-10-15,2025-10,0,-24.3,0.5333386409770479,0.4697029301626103,0.5276716214796473,0.55
2025-10-16 14:15:00,2025-10-16,2025-10,0,-44.3,0.45669249874215395,0.5024429371243344,0.4885506995536574,0.55
2025-10-16 14:30:00,2025-10-16,2025-10,0,-121.8,0.5066339483145033,0.5246540725654756,0.5235908258395234,0.55
2025-10-16 14:54:00,2025-10-16,2025-10,1,53.2,0.4731837959029244,0.5169596706873192,0.49500562294452477,0.55
2025-10-16 15:02:00,2025-10-16,2025-10,1,48.2,0.446968331249677,0.5315868252786395,0.5060971616054123,0.55
2025-10-16 18:23:00,2025-10-16,2025-10,0,-76.05,0.5892086808017141,0.5044465998316603,0.6590410572348677,0.55
2025-10-17 07:28:00,2025-10-17,2025-10,0,-66.8,0.6160017280359464,0.4595505567785957,0.4100289035678954,0.55
2025-10-17 07:44:00,2025-10-17,2025-10,1,78.2,0.5292753450391174,0.5042732926655668,0.47880063294348,0.55
2025-10-17 13:37:00,2025-10-17,2025-10,0,-111.8,0.5348282956039783,0.5350862542620404,0.4717263323913393,0.55
2025-10-17 14:00:00,2025-10-17,2025-10,1,138.2,0.5309019780462069,0.5455126672690582,0.5210924563101601,0.55
2025-10-17 14:18:00,2025-10-17,2025-10,0,-226.8,0.5331307408616579,0.5235734807509159,0.5439341840587284,0.55
2025-10-17 14:47:00,2025-10-17,2025-10,1,280.7,0.4614835181541045,0.554149717737072,0.5805489121458556,0.55
2025-10-17 18:16:00,2025-10-17,2025-10,0,-39.3,0.4571933956177158,0.42604778206635907,0.4981108563125472,0.55
2025-10-17 18:27:00,2025-10-17,2025-10,0,-21.8,0.39300832860971274,0.45398740802087106,0.5301224846882325,0.55
2025-10-17 18:46:00,2025-10-17,2025-10,1,35.7,0.44736732559411974,0.4377842624041077,0.5248914102187581,0.55
2025-10-21 07:09:00,2025-10-21,2025-10,0,-14.3,0.48352003237397806,0.4708833394260615,0.45177294240840904,0.55
2025-10-21 07:31:00,2025-10-21,2025-10,0,-19.3,0.5424059461054911,0.45377692955899107,0.44797923193461353,0.55
2025-10-21 07:52:00,2025-10-21,2025-10,1,8.2,0.4452031725831027,0.4154163077317403,0.46460678318672377,0.55
2025-10-22 07:08:00,2025-10-22,2025-10,0,-9.3,0.42504314729325104,0.4261987895388023,0.471482708739804,0.55
2025-10-22 07:18:00,2025-10-22,2025-10,1,60.7,0.4392324538722465,0.5090477177355827,0.5005192921185009,0.55
2025-10-22 13:56:00,2025-10-22,2025-10,0,-54.3,0.5354293635975422,0.49705188297424513,0.4783695140945646,0.55
2025-10-22 15:12:00,2025-10-22,2025-10,0,-81.8,0.5360606382618294,0.5195867194054835,0.5148661486891438,0.55
2025-10-22 18:15:00,2025-10-22,2025-10,1,80.7,0.6593554788122706,0.4648294659033702,0.5066678255767258,0.55
2025-10-22 18:29:00,2025-10-22,2025-10,1,160.7,0.5870141295218262,0.49950522338623604,0.5808335051853031,0.55
2025-10-23 13:32:00,2025-10-23,2025-10,1,25.7,0.5347919591721173,0.5141653851055997,0.49641066609499307,0.55
2025-10-23 13:48:00,2025-10-23,2025-10,1,73.2,0.5732055490269269,0.5010832492134241,0.5144059400626124,0.55
2025-10-23 14:01:00,2025-10-23,2025-10,0,-114.3,0.5531583812306838,0.5383886497987326,0.5692180158037877,0.55
2025-10-23 14:30:00,2025-10-23,2025-10,1,28.2,0.5358775418534538,0.5148962528877241,0.4864382108107188,0.55
2025-10-23 14:44:00,2025-10-23,2025-10,0,-24.3,0.5859316851806166,0.5527966826684003,0.5137599536875057,0.55
2025-10-23 14:53:00,2025-10-23,2025-10,0,-46.8,0.5402239951282591,0.5214084367574828,0.5072419119651677,0.55
2025-10-23 15:13:00,2025-10-23,2025-10,1,50.7,0.5306897483051899,0.5209061180681128,0.5034228073128064,0.55
2025-10-23 18:24:00,2025-10-23,2025-10,0,-39.3,0.47464974127871995,0.4596283903656641,0.4897083062674416,0.55
2025-10-24 07:41:00,2025-10-24,2025-10,1,5.7,0.3985772036036115,0.43546103783109463,0.414828117888595,0.55
2025-10-24 13:34:00,2025-10-24,2025-10,0,-26.8,0.42645223177333325,0.47964706620245046,0.4418127558760724,0.55
2025-10-24 13:57:00,2025-10-24,2025-10,1,128.2,0.45819317057166153,0.5477902715380404,0.5200101560963464,0.55
2025-10-27 07:42:00,2025-10-27,2025-10,0,-6.8,0.40809304125772145,0.42004091816930206,0.4433351769876134,0.55
2025-10-27 07:48:00,2025-10-27,2025-10,1,23.2,0.45623535929524395,0.47224102555017905,0.47865757231869904,0.55
2025-10-27 14:15:00,2025-10-27,2025-10,1,28.2,0.5252660489056166,0.46057312414622253,0.47630550166960905,0.55
2025-10-28 13:36:00,2025-10-28,2025-10,0,-81.8,0.6332158104095035,0.5131701116886398,0.40993978079614957,0.55
2025-10-28 18:58:00,2025-10-28,2025-10,0,-14.3,0.40204155843044465,0.4515859672340788,0.4995561889933463,0.55
2025-10-29 14:14:00,2025-10-29,2025-10,1,83.2,0.49240900410082333,0.5221741785047337,0.5033744523882495,0.55
2025-10-29 18:09:00,2025-10-29,2025-10,1,65.7,0.5092010464633902,0.5017118856031453,0.5384084125553109,0.55
2025-10-29 18:22:00,2025-10-29,2025-10,1,45.7,0.549878846036341,0.5248470002544519,0.5608495443905898,0.55
2025-10-29 18:36:00,2025-10-29,2025-10,0,-21.8,0.5401741284793213,0.4971827207605112,0.5454285975847246,0.55
2025-10-29 19:04:00,2025-10-29,2025-10,0,-64.3,0.6952324185685059,0.548881289640542,0.560363929556218,0.55
2025-10-30 07:02:00,2025-10-30,2025-10,1,20.7,0.4470378858403159,0.4235442195144116,0.43905921411337523,0.55
2025-10-30 07:08:00,2025-10-30,2025-10,0,-89.3,0.49048309072588686,0.4679752552449948,0.4871526907058086,0.55
2025-10-30 07:21:00,2025-10-30,2025-10,0,-16.8,0.6401218907154196,0.503783364221553,0.444257160427668,0.55
2025-10-30 07:29:00,2025-10-30,2025-10,1,15.7,0.41345349777393753,0.429388211364356,0.47472179315919405,0.55
2025-10-30 07:41:00,2025-10-30,2025-10,0,-71.8,0.484078521278419,0.4762112231406311,0.512227029945177,0.55
2025-10-30 07:59:00,2025-10-30,2025-10,0,-19.3,0.5034314785356384,0.48057141779708334,0.46013671593665945,0.55
2025-10-30 14:48:00,2025-10-30,2025-10,0,-106.8,0.5619264680949787,0.5114044583057943,0.4937050149154685,0.55
2025-10-30 18:33:00,2025-10-30,2025-10,0,-131.8,0.5168556786428147,0.5042619797694556,0.5307080476310445,0.55
2025-11-03 19:15:00,2025-11-03,2025-11,0,-44.3,0.5157510199721005,0.4579650901319218,0.5172757466964943,0.55
2025-11-03 19:49:00,2025-11-03,2025-11,1,13.2,0.5457631124305151,0.4933966217870037,0.5275667790845128,0.55
2025-11-03 20:07:00,2025-11-03,2025-11,0,-24.3,0.5468612964823324,0.4739661037698072,0.532851511605368,0.55
2025-11-04 08:39:00,2025-11-04,2025-11,0,-36.8,0.5410542608484095,0.42261444152179456,0.4573070780715888,0.55
2025-11-04 09:00:00,2025-11-04,2025-11,0,-64.3,0.5319052160255596,0.4544837677856409,0.48275294321346135,0.55
2025-11-06 14:33:00,2025-11-06,2025-11,1,55.7,0.4796144170383849,0.49137463565695216,0.49553707616918485,0.55
2025-11-06 14:46:00,2025-11-06,2025-11,1,205.7,0.5336276478116955,0.545422864709271,0.5420579563468573,0.55
2025-11-06 15:06:00,2025-11-06,2025-11,1,33.2,0.49511982590867226,0.5201115955576169,0.5748907867565071,0.55
2025-11-06 15:17:00,2025-11-06,2025-11,1,205.7,0.5277903764124126,0.5663447602371716,0.6122507817322003,0.55
2025-11-06 16:02:00,2025-11-06,2025-11,0,-39.3,0.4575401407092212,0.4989912557125622,0.5816931904759525,0.55
2025-11-07 08:51:00,2025-11-07,2025-11,1,50.7,0.5017692102831944,0.4888451886951934,0.41494317418110166,0.55
2025-11-07 14:44:00,2025-11-07,2025-11,1,255.7,0.5598116915149649,0.5713828588675951,0.5689381737728716,0.55
2025-11-07 19:06:00,2025-11-07,2025-11,1,40.7,0.5457602156638419,0.5024103544385563,0.48447042375655497,0.55
2025-11-07 19:10:00,2025-11-07,2025-11,1,28.2,0.5533689743839807,0.5282801773653392,0.5092834649687679,0.55
2025-11-07 19:48:00,2025-11-07,2025-11,1,190.7,0.5597382693522794,0.5212442957899864,0.549737796737403,0.55
2025-11-10 08:02:00,2025-11-10,2025-11,1,15.7,0.4507740761921449,0.4437692427893009,0.4644660619550933,0.55
2025-11-10 08:12:00,2025-11-10,2025-11,1,18.2,0.46180320802638214,0.46951677148779497,0.5003589585154588,0.55
2025-11-10 08:16:00,2025-11-10,2025-11,0,-56.8,0.4897057305659379,0.48266670342156426,0.5156916213726606,0.55
2025-11-10 08:41:00,2025-11-10,2025-11,0,-16.8,0.4170048601271342,0.4364845642921388,0.4982184774919185,0.55
2025-11-10 19:01:00,2025-11-10,2025-11,1,23.2,0.46868571547009974,0.42756008194146194,0.5404933866971362,0.55
2025-11-10 19:11:00,2025-11-10,2025-11,1,28.2,0.49702027960337525,0.47817557839878994,0.5004267472676552,0.55
2025-11-10 19:17:00,2025-11-10,2025-11,0,-41.8,0.44742903373823156,0.4710431772306212,0.5552482103300408,0.55
2025-11-10 19:32:00,2025-11-10,2025-11,1,48.2,0.518926677312413,0.45941525675724,0.49457777632832506,0.55
2025-11-10 19:59:00,2025-11-10,2025-11,1,23.2,0.5167901913177709,0.4690952178423971,0.4829252422868724,0.55
2025-11-12 14:59:00,2025-11-12,2025-11,0,-31.8,0.49012620041068805,0.48700324589341903,0.5326420701407386,0.55
2025-11-12 15:17:00,2025-11-12,2025-11,1,98.2,0.5367292671716583,0.5285911733095645,0.5833201002779796,0.55
2025-11-12 15:49:00,2025-11-12,2025-11,1,48.2,0.5151411474332024,0.5127253675157609,0.5746187278548616,0.55
2025-11-12 15:56:00,2025-11-12,2025-11,1,60.7,0.5087241486641657,0.5347173243046017,0.5917670925335118,0.55
2025-11-13 08:05:00,2025-11-13,2025-11,0,-14.3,0.43905158929499216,0.43009820552588773,0.48052637311892415,0.55
2025-11-13 08:21:00,2025-11-13,2025-11,0,-19.3,0.39752050347489126,0.42517222758894313,0.5052885892824269,0.55
2025-11-13 08:33:00,2025-11-13,2025-11,1,80.7,0.4459197440218095,0.4969872470437225,0.49571393688760973,0.55
2025-11-13 14:56:00,2025-11-13,2025-11,1,93.2,0.6285035844728285,0.4973296975347308,0.45293695281425717,0.55
2025-11-13 15:24:00,2025-11-13,2025-11,0,-114.3,0.6310843610244372,0.5276799410551367,0.49486637951192786,0.55
2025-11-13 19:25:00,2025-11-13,2025-11,1,170.7,0.5782774707373838,0.48365328914785954,0.5461073520388059,0.55
2025-11-14 08:30:00,2025-11-14,2025-11,1,115.7,0.5208473948175363,0.47835638717887496,0.4370504148928411,0.55
2025-11-14 15:19:00,2025-11-14,2025-11,1,200.7,0.5914185481622027,0.5306375557057478,0.5054122611200406,0.55
2025-11-14 15:42:00,2025-11-14,2025-11,1,35.7,0.5621833979656868,0.5358449650915025,0.4819679922937618,0.55
2025-11-14 15:56:00,2025-11-14,2025-11,1,268.2,0.6037475133257106,0.5225884883937519,0.5222065309439982,0.55
2025-11-14 19:07:00,2025-11-14,2025-11,0,-104.3,0.43037176636965446,0.4496126686161085,0.5158445133320485,0.55
2025-11-14 19:30:00,2025-11-14,2025-11,1,35.7,0.3700424255556072,0.4520945487044706,0.5357393527377745,0.55
2025-11-14 19:51:00,2025-11-14,2025-11,1,58.2,0.4102718721050386,0.47599770933124036,0.5237102083139578,0.55
2025-11-17 14:58:00,2025-11-17,2025-11,0,-76.8,0.6713089215540817,0.4471097487492963,0.4664677497954635,0.55
2025-11-17 15:18:00,2025-11-17,2025-11,1,108.2,0.6389753749155006,0.4856596220407518,0.4903408147240104,0.55
2025-11-17 15:50:00,2025-11-17,2025-11,0,-201.8,0.6290830937130981,0.4704039138422551,0.5128315283537159,0.55
2025-11-17 19:11:00,2025-11-17,2025-11,0,-79.3,0.5693094907997204,0.46483836360769554,0.523855243368576,0.55
2025-11-17 19:32:00,2025-11-17,2025-11,0,-184.3,0.5575027697046104,0.47879790476824324,0.5704125628172858,0.55
2025-11-18 08:12:00,2025-11-18,2025-11,1,105.7,0.5797366335568684,0.47973593571633577,0.45258779016938944,0.55
2025-11-18 08:48:00,2025-11-18,2025-11,1,85.7,0.6000369587878954,0.453472548790195,0.4404182894676873,0.55
2025-11-18 19:04:00,2025-11-18,2025-11,1,73.2,0.5748052125440163,0.49053544422167894,0.4991333659260048,0.55
2025-11-18 19:43:00,2025-11-18,2025-11,0,-179.3,0.543776016418076,0.5143597272238779,0.5563123605219246,0.55
2025-11-19 08:37:00,2025-11-19,2025-11,0,-99.3,0.5234210673388966,0.48031155308525436,0.43290295161435244,0.55
2025-11-19 19:25:00,2025-11-19,2025-11,1,73.2,0.5082993128937148,0.5003884386157245,0.5679295811024458,0.55
2025-11-19 19:31:00,2025-11-19,2025-11,0,-131.8,0.49356599804779866,0.5242919477240914,0.606061405622434,0.55
2025-11-19 19:58:00,2025-11-19,2025-11,1,128.2,0.570302161485993,0.481845430925512,0.526323165691143,0.55
2025-11-20 14:31:00,2025-11-20,2025-11,1,65.7,0.47224275917605524,0.5020031430930488,0.4940724477720738,0.55
2025-11-20 15:19:00,2025-11-20,2025-11,0,-84.3,0.4821441860797514,0.5362790986913842,0.5291103898853127,0.55
2025-11-20 15:58:00,2025-11-20,2025-11,1,70.7,0.47072750023625914,0.4972061573505089,0.5165878509384167,0.55
2025-11-20 19:20:00,2025-11-20,2025-11,1,208.2,0.6602781078579372,0.5053695258144532,0.5860678859468321,0.55
2025-11-20 20:01:00,2025-11-20,2025-11,0,-136.8,0.6483238682621958,0.500921416435635,0.5903715796153995,0.55
2025-11-21 14:41:00,2025-11-21,2025-11,1,293.2,0.5400620530552003,0.5705935915273838,0.5779639962623757,0.55
2025-11-21 15:21:00,2025-11-21,2025-11,1,173.2,0.5933515061717911,0.5714161093548442,0.5165888858288281,0.55
2025-11-21 15:31:00,2025-11-21,2025-11,1,183.2,0.539543342393264,0.5942719556153507,0.5810204536437691,0.55
2025-11-21 15:46:00,2025-11-21,2025-11,1,65.7,0.6260716730442063,0.5790891068224299,0.48080394463887044,0.55
2025-11-21 15:57:00,2025-11-21,2025-11,0,-134.3,0.5862923089804001,0.5932218477463982,0.522431365852974,0.55
2025-11-24 08:14:00,2025-11-24,2025-11,1,215.7,0.5422335953954587,0.4882034385443455,0.5342066930383669,0.55
2025-11-25 08:26:00,2025-11-25,2025-11,0,-11.8,0.6429233678033787,0.4624093930810916,0.3551496880698947,0.55
2025-11-25 08:32:00,2025-11-25,2025-11,0,-29.3,0.5257624056373598,0.47370791489853675,0.42066443783553364,0.55
2025-11-25 19:06:00,2025-11-25,2025-11,1,53.2,0.43787615483568204,0.460655725071013,0.5314921921974575,0.55
2025-11-25 19:23:00,2025-11-25,2025-11,1,45.7,0.44403864092627576,0.4879173658548036,0.5510003881280845,0.55
2025-11-26 15:03:00,2025-11-26,2025-11,1,55.7,0.529588090511522,0.5064084492710109,0.5820309030385158,0.6
2025-11-26 15:12:00,2025-11-26,2025-11,1,88.2,0.6186760776925644,0.5338341758703353,0.47879277192279834,0.6
2025-11-26 15:43:00,2025-11-26,2025-11,1,83.2,0.5630751095482389,0.5394409581359911,0.49569374435901403,0.6
2025-11-26 19:13:00,2025-11-26,2025-11,1,10.2,0.45093131739882814,0.49837508217276716,0.5513788886831413,0.6
2025-11-27 14:37:00,2025-11-27,2025-11,0,-12.3,0.5530346563179291,0.5374079917881643,0.4055819246469635,0.6
2025-12-02 15:43:00,2025-12-02,2025-12,1,240.7,0.772734913045735,0.5923547869437826,0.8015888743182508,0.6
2025-12-04 14:39:00,2025-12-04,2025-12,1,248.2,0.8555697157819067,0.6174487148800419,0.7977611610338682,0.6
2025-12-04 19:58:00,2025-12-04,2025-12,0,-266.8,0.8281861422423978,0.6483453906796233,0.8086654767935421,0.6
2025-12-05 14:48:00,2025-12-05,2025-12,0,-229.3,0.6915995473400313,0.6081196786329551,0.671345134470846,0.6
2025-12-10 14:41:00,2025-12-10,2025-12,1,215.7,0.898932951309299,0.6456450154381549,0.6673202039686899,0.6
2025-12-10 19:41:00,2025-12-10,2025-12,1,123.2,0.7310860311678355,0.5531242132320905,0.5523397960779652,0.6
2025-12-12 15:15:00,2025-12-12,2025-12,0,-94.3,0.5436614691360097,0.5543732672450024,0.5284541237789595,0.6
2025-12-12 15:36:00,2025-12-12,2025-12,1,25.7,0.6990239797333603,0.6107490207606999,0.4090251938068856,0.6
2025-12-12 15:39:00,2025-12-12,2025-12,1,53.2,0.5204515873000108,0.5663007717496503,0.5143405040277794,0.6
2025-12-12 19:08:00,2025-12-12,2025-12,0,-49.3,0.5566854808949958,0.4947641085418868,0.48624052379259003,0.6
2025-12-12 19:39:00,2025-12-12,2025-12,0,-131.8,0.5653700553830396,0.4980893703255766,0.546911043222817,0.6
2025-12-15 14:31:00,2025-12-15,2025-12,0,-86.8,0.579727314175618,0.4726682008109239,0.43771831972345926,0.6
2025-12-15 14:48:00,2025-12-15,2025-12,1,53.2,0.520227978456875,0.49974605545966233,0.5521483694617718,0.6
2025-12-15 14:59:00,2025-12-15,2025-12,1,43.2,0.4830793633575669,0.4944489043992539,0.5616329339993851,0.6
2025-12-15 19:09:00,2025-12-15,2025-12,0,-16.8,0.6028097497960591,0.4693332138628632,0.4717062084182696,0.6
2025-12-15 19:22:00,2025-12-15,2025-12,0,-44.3,0.5588744465419783,0.4647256492578059,0.5208774445027825,0.6
2025-12-15 20:01:00,2025-12-15,2025-12,0,-36.8,0.6107665466469152,0.4630831577462523,0.4992781781579856,0.6
2025-12-16 08:08:00,2025-12-16,2025-12,0,-14.3,0.5568390183921073,0.43992519483316095,0.43481231358003414,0.6
2025-12-16 08:21:00,2025-12-16,2025-12,0,-21.8,0.571452275468195,0.45765958272762813,0.4115730391866449,0.6
2025-12-16 08:40:00,2025-12-16,2025-12,1,38.2,0.5340131718469816,0.4520640485513076,0.4320543440832793,0.6
2025-12-16 09:01:00,2025-12-16,2025-12,1,8.2,0.7069321870471242,0.5169344998644062,0.3219795323342759,0.6
2025-12-16 14:48:00,2025-12-16,2025-12,0,-79.3,0.4992980405436475,0.44468322979396363,0.5625548481477445,0.6
2025-12-16 14:56:00,2025-12-16,2025-12,0,-79.3,0.5288036008631231,0.46153104744419016,0.5974739980972683,0.6
2025-12-16 15:05:00,2025-12-16,2025-12,1,258.2,0.5364351899573623,0.5019575095532015,0.6472970471489793,0.6
2025-12-16 15:30:00,2025-12-16,2025-12,0,-109.3,0.5260616841940725,0.4747818472457473,0.580646510226743,0.6
2025-12-16 19:17:00,2025-12-16,2025-12,1,25.7,0.4856508667972031,0.46044949898856097,0.5555830670099652,0.6
2025-12-16 19:26:00,2025-12-16,2025-12,1,73.2,0.5415186058185236,0.4876402616268198,0.49974631818981485,0.6
2025-12-16 19:33:00,2025-12-16,2025-12,1,60.7,0.522272288936467,0.4724522696579149,0.508086695560331,0.6
2025-12-16 19:58:00,2025-12-16,2025-12,1,45.7,0.5959015507766001,0.46228020939480596,0.46726859571349444,0.6
2025-12-17 15:26:00,2025-12-17,2025-12,0,-219.3,0.5874961694738375,0.5215322046265619,0.5256184978086201,0.6
2025-12-17 20:04:00,2025-12-17,2025-12,0,-26.8,0.6686421754958438,0.4737488908784449,0.4599927131076064,0.6
2025-12-18 08:35:00,2025-12-18,2025-12,0,-81.8,0.48134962095696904,0.45371021942543494,0.45960751575634945,0.6
2025-12-22 08:10:00,2025-12-22,2025-12,1,10.7,0.4673208170243974,0.41054056030600555,0.45130093931922505,0.6
2025-12-22 08:17:00,2025-12-22,2025-12,1,40.7,0.4895697149258167,0.4557738675687048,0.4820522257299425,0.6
2025-12-22 19:25:00,2025-12-22,2025-12,1,15.7,0.5232603033597164,0.4642036108487083,0.45497302918715865,0.6
2025-12-22 19:41:00,2025-12-22,2025-12,0,-24.3,0.5077569300474687,0.4912025289549837,0.5035562730973423,0.6
2025-12-23 15:17:00,2025-12-23,2025-12,0,-109.3,0.568767723167324,0.5030728057729577,0.596832464770602,0.6
2025-12-23 19:27:00,2025-12-23,2025-12,0,-16.8,0.4165735690530981,0.45302687418080534,0.504453441119869,0.6
2025-12-24 14:31:00,2025-12-24,2025-12,0,-46.8,0.48977283466691807,0.5237091834356475,0.46754093990046214,0.6
2025-12-24 15:28:00,2025-12-24,2025-12,0,-21.8,0.4297843618106708,0.5197388615410088,0.5354576207574289,0.6
2025-12-24 15:59:00,2025-12-24,2025-12,0,-9.3,0.4366139701013102,0.5286243166099311,0.5241439803459506,0.6
2025-12-26 14:34:00,2025-12-26,2025-12,0,-69.3,0.5464614004442155,0.5660492854806823,0.40608644505094804,0.6
2025-12-26 14:54:00,2025-12-26,2025-12,1,85.7,0.46692799045492966,0.5385745306272771,0.5384902638862529,0.6
2025-12-26 15:05:00,2025-12-26,2025-12,0,-19.05,0.49939120721832464,0.5501968994577786,0.5721967973264459,0.6
2025-12-26 19:04:00,2025-12-26,2025-12,0,-11.8,0.4094626767499183,0.5220881587835019,0.5192424555869594,0.6
2025-12-26 19:49:00,2025-12-26,2025-12,0,-19.3,0.43502864438711497,0.5205610760251248,0.5403501101883422,0.6
2025-12-29 19:08:00,2025-12-29,2025-12,1,10.7,0.5024940840453194,0.4622881614600915,0.4592675102471435,0.6
2025-12-29 20:01:00,2025-12-29,2025-12,0,-9.3,0.5740433326893771,0.48293238039533376,0.44920918771011464,0.6
2025-12-30 08:10:00,2025-12-30,2025-12,1,5.7,0.6018398019048787,0.48018893973152926,0.3912964818891724,0.6
2025-12-30 08:25:00,2025-12-30,2025-12,1,5.7,0.5211059449644785,0.48242487626420016,0.42894470158931886,0.6
2025-12-30 08:34:00,2025-12-30,2025-12,1,28.2,0.5023369332579822,0.46227930750602064,0.4458846054178736,0.6
2025-12-30 15:17:00,2025-12-30,2025-12,1,45.7,0.5081271818949273,0.452310983742819,0.5269044758756635,0.6
2025-12-30 16:01:00,2025-12-30,2025-12,1,15.7,0.6115902111133995,0.5034439816244912,0.4516790900540857,0.6
2025-12-30 19:08:00,2025-12-30,2025-12,1,68.2,0.493344598035545,0.4895264732908926,0.4868504851504935,0.6
2025-12-31 08:05:00,2025-12-31,2025-12,0,-6.8,0.5208809782968338,0.44262029410486076,0.4116108910561017,0.6
2025-12-31 08:39:00,2025-12-31,2025-12,0,-24.3,0.4868433231617929,0.47808469793917796,0.4430569306549661,0.6
2025-12-31 08:43:00,2025-12-31,2025-12,1,8.2,0.4990238776147533,0.47875751941960837,0.45054828267977076,0.6
2025-12-31 19:07:00,2025-12-31,2025-12,0,-11.8,0.521902765643476,0.4676067438292787,0.43419953284579726,0.6
2025-12-31 19:43:00,2025-12-31,2025-12,1,10.7,0.5379876167576029,0.4593087013955679,0.4819903594743055,0.6
2026-01-06 14:41:00,2026-01-06,2026-01,1,25.7,0.5871398782303204,0.47220213960268287,0.41543730091463243,0.6
2026-01-06 14:50:00,2026-01-06,2026-01,1,93.2,0.5703437817118675,0.4945777213088091,0.5171996280244907,0.6
2026-01-06 15:11:00,2026-01-06,2026-01,1,73.2,0.5193013043405234,0.4628122823439411,0.5482867016156017,0.6
2026-01-08 14:33:00,2026-01-08,2026-01,1,218.2,0.6084637247919439,0.5803204291494312,0.43614276805523333,0.5
2026-01-08 14:47:00,2026-01-08,2026-01,1,83.2,0.5034028940127558,0.5552843171909182,0.5159941164989432,0.5
2026-01-08 15:26:00,2026-01-08,2026-01,1,53.2,0.4942108305753541,0.4721558640182484,0.5754393657448407,0.5
2026-01-08 15:40:00,2026-01-08,2026-01,1,23.2,0.5374407285559297,0.5292512384102118,0.6239065998713923,0.5
2026-01-08 19:11:00,2026-01-08,2026-01,0,-56.8,0.5515431045391004,0.45186901145085456,0.4607675832054205,0.5
2026-01-08 19:44:00,2026-01-08,2026-01,1,205.7,0.542621078879631,0.4908400822489943,0.5660361343502849,0.5
2026-01-09 15:06:00,2026-01-09,2026-01,1,255.7,0.5849701642294509,0.5489130352459759,0.6610670068621435,0.6
2026-01-09 15:41:00,2026-01-09,2026-01,1,136.95,0.532352501339711,0.5680020574986229,0.595174465026117,0.6
2026-01-09 19:13:00,2026-01-09,2026-01,1,68.2,0.39986933974986827,0.44792564604729784,0.5103834812366346,0.6
2026-01-12 19:10:00,2026-01-12,2026-01,0,-81.8,0.4649924378915109,0.38884344801430976,0.6129176904451431,0.6
2026-01-13 14:31:00,2026-01-13,2026-01,1,258.2,0.47977100412512413,0.5151713265356704,0.5820379699058805,0.6
2026-01-13 15:27:00,2026-01-13,2026-01,0,-116.8,0.48078679522400347,0.5101566928997788,0.5498993712956503,0.6
2026-01-13 19:05:00,2026-01-13,2026-01,1,20.7,0.6800447848807073,0.47330376514533923,0.5023348749632834,0.6
2026-01-13 19:41:00,2026-01-13,2026-01,1,70.7,0.5288354547606787,0.45865176142004493,0.6024351269223773,0.6
2026-01-15 08:44:00,2026-01-15,2026-01,0,-11.8,0.44452804921438904,0.44794681687975985,0.45770971074846045,0.6
2026-01-15 14:32:00,2026-01-15,2026-01,1,223.2,0.4822234159733751,0.46153951101458984,0.5759251371468859,0.6
2026-01-15 15:51:00,2026-01-15,2026-01,0,-96.8,0.452525377166901,0.5143322247247513,0.5158021175958807,0.6
2026-01-15 19:07:00,2026-01-15,2026-01,1,153.2,0.5230270429595432,0.45902655930364344,0.5966362227319939,0.6
2026-01-15 19:39:00,2026-01-15,2026-01,1,64.7,0.5248246079079434,0.5027147376847548,0.7354290830621524,0.6
2026-01-16 15:04:00,2026-01-16,2026-01,1,98.2,0.5480545921299829,0.561408721691496,0.596289764048795,0.6
2026-01-16 15:38:00,2026-01-16,2026-01,1,95.7,0.5160546076272841,0.5070692695566772,0.618224731498987,0.6
2026-01-16 15:49:00,2026-01-16,2026-01,0,-59.3,0.4825050121549098,0.5529809264109209,0.5640819558382056,0.6
2026-01-16 19:35:00,2026-01-16,2026-01,1,93.2,0.4979181747311451,0.5155577455179832,0.5843358961739697,0.6
2026-01-19 15:21:00,2026-01-19,2026-01,1,95.7,0.5448708351665489,0.4139522421813761,0.5194749073372207,0.6
2026-01-21 08:26:00,2026-01-21,2026-01,1,23.2,0.47825994264422395,0.4504589310542055,0.4778655592793022,0.6
2026-01-26 15:15:00,2026-01-26,2026-01,0,-119.3,0.4752885805468834,0.43863293619713184,0.5571660780188087,0.6
2026-01-26 16:01:00,2026-01-26,2026-01,1,20.95,0.46086224720814595,0.4177530698081888,0.5397749487764515,0.6
2026-01-27 15:15:00,2026-01-27,2026-01,1,68.7,0.5725468897337589,0.5372398328854043,0.5987273845681932,0.6
2026-01-27 19:38:00,2026-01-27,2026-01,1,15.7,0.47493106242003086,0.4420059234058583,0.48274988241126904,0.6
2026-01-28 08:03:00,2026-01-28,2026-01,1,95.7,0.5080183278349637,0.4581317284542994,0.5774570744727104,0.6
2026-01-28 15:19:00,2026-01-28,2026-01,0,-124.3,0.5948906224596276,0.48075098304423863,0.5342220426093502,0.6
2026-01-28 15:56:00,2026-01-28,2026-01,1,7.45,0.5292645156670486,0.4791110997235182,0.5667872246764896,0.6
2026-01-28 19:57:00,2026-01-28,2026-01,0,-226.8,0.615943725175854,0.471269531539427,0.5647410454600278,0.6
2026-01-30 14:34:00,2026-01-30,2026-01,0,-116.8,0.5577447227556137,0.5008640217575517,0.501487990589026,0.6
2026-01-30 14:56:00,2026-01-30,2026-01,1,275.7,0.5083541814961334,0.5217716389548501,0.66104495470617,0.6
2026-01-30 19:01:00,2026-01-30,2026-01,0,-219.3,0.5585647348842061,0.5231961797336847,0.5845984638873657,0.6
2026-02-02 19:46:00,2026-02-02,2026-02,1,70.7,0.4255529552342159,0.338593898011681,0.4687932578355492,0.6
2026-02-04 08:10:00,2026-02-04,2026-02,0,-29.3,0.48282234146133646,0.4228981244863226,0.4915125219035398,0.6
2026-02-04 08:44:00,2026-02-04,2026-02,1,118.2,0.4939447749834053,0.4571300003894609,0.5716972534270878,0.6
2026-02-04 14:31:00,2026-02-04,2026-02,0,-119.3,0.5354733679751043,0.4615158114756015,0.5107961736353727,0.6
2026-02-04 14:45:00,2026-02-04,2026-02,0,-99.3,0.5683229414196194,0.5051879022100497,0.5172165228058889,0.6
2026-02-04 15:27:00,2026-02-04,2026-02,0,-156.8,0.6184429868610023,0.48382966118795384,0.5531711604181795,0.6
2026-02-04 15:54:00,2026-02-04,2026-02,0,-129.3,0.6037899087802877,0.47440999609678547,0.549948451245634,0.6
2026-02-04 19:05:00,2026-02-04,2026-02,0,-116.8,0.5828721859679601,0.4499960149638393,0.5198736717352741,0.6
2026-02-04 19:23:00,2026-02-04,2026-02,1,240.7,0.6129998361067329,0.47574820003197366,0.6214132477952575,0.6
2026-02-04 19:45:00,2026-02-04,2026-02,1,70.7,0.6323006220615583,0.44289909739601147,0.5532030466846057,0.6
2026-02-04 20:03:00,2026-02-04,2026-02,0,-64.3,0.6197327143420512,0.43443164745106944,0.4923153942985523,0.6
2026-02-06 15:06:00,2026-02-06,2026-02,0,-106.8,0.5115152951407288,0.5353944675177186,0.5483294887406999,0.6
2026-02-06 15:33:00,2026-02-06,2026-02,0,-44.3,0.5176069852818078,0.49427109326897894,0.5141052304659501,0.6
2026-02-06 16:04:00,2026-02-06,2026-02,0,-229.3,0.5076103142410514,0.5253774797905865,0.5710875233829164,0.6
2026-02-06 19:24:00,2026-02-06,2026-02,0,-199.3,0.4339006947511484,0.4552833999148028,0.587578723537164,0.6
2026-02-09 15:03:00,2026-02-09,2026-02,1,173.2,0.5519846643304334,0.5171478186196252,0.6065168008981081,0.6
2026-02-09 15:25:00,2026-02-09,2026-02,1,108.2,0.5599983522980712,0.5065030651403344,0.5835534695921054,0.6
2026-02-09 15:40:00,2026-02-09,2026-02,0,-16.8,0.5178956776547907,0.4275559988892949,0.5444122289441811,0.6
2026-02-09 15:54:00,2026-02-09,2026-02,1,263.2,0.5694706738352369,0.46999214989935867,0.6457580319769632,0.6
2026-02-09 19:07:00,2026-02-09,2026-02,0,-91.8,0.45622880063518806,0.4024960550216205,0.5321026496919845,0.6
2026-02-10 14:40:00,2026-02-10,2026-02,1,135.7,0.5205335976246587,0.5047580917924961,0.5238579283326869,0.6
2026-02-10 15:02:00,2026-02-10,2026-02,1,20.7,0.47124932605787684,0.4681771317568699,0.4735643432071065,0.6
2026-02-10 15:14:00,2026-02-10,2026-02,0,-26.8,0.5957452281830913,0.5045209126523417,0.5632727937500265,0.6
2026-02-10 15:19:00,2026-02-10,2026-02,0,-10.3,0.5088529691881789,0.4898838351068992,0.582567925398585,0.6
2026-02-10 19:06:00,2026-02-10,2026-02,0,-71.8,0.5471351786493339,0.4394047200385892,0.4658376907815454,0.6
2026-02-10 19:35:00,2026-02-10,2026-02,0,-179.3,0.5193923876463965,0.5001672967244583,0.5528827631082307,0.6
2026-02-11 14:33:00,2026-02-11,2026-02,0,-129.3,0.5345190322854482,0.45399474761584724,0.5097409138722515,0.6
2026-02-11 14:56:00,2026-02-11,2026-02,0,-164.3,0.5200827567768416,0.48507807929511937,0.6015130251574475,0.6
2026-02-11 15:34:00,2026-02-11,2026-02,1,133.2,0.5212965119649521,0.5404227449340537,0.5796601620339158,0.6
2026-02-11 15:43:00,2026-02-11,2026-02,1,135.7,0.5196544740498578,0.5034022121439037,0.6040738673005821,0.6
2026-02-11 16:03:00,2026-02-11,2026-02,1,178.2,0.5241399589287334,0.5174481125598115,0.6116533386296821,0.6
2026-02-11 19:31:00,2026-02-11,2026-02,0,-109.3,0.5058150489296451,0.4752755536793694,0.4616907669805401,0.6
2026-02-12 15:02:00,2026-02-12,2026-02,1,83.2,0.5113047138285548,0.48723949463384886,0.519205314800669,0.6
2026-02-13 08:03:00,2026-02-13,2026-02,0,-111.8,0.48629308739469596,0.47079479863550794,0.481453047337275,0.6
2026-02-13 08:38:00,2026-02-13,2026-02,0,-31.8,0.5149292796656002,0.4565148770148691,0.4531891865935696,0.6
2026-02-13 09:04:00,2026-02-13,2026-02,0,-126.8,0.5555510037764265,0.4851231426852232,0.5058278875482988,0.6
2026-02-13 14:44:00,2026-02-13,2026-02,0,-126.8,0.5698877521989115,0.5805578638860636,0.5206517347461833,0.6
2026-02-13 14:50:00,2026-02-13,2026-02,0,-49.3,0.6596773172457734,0.5790515044623497,0.46259332952825755,0.6
2026-02-13 14:57:00,2026-02-13,2026-02,1,165.7,0.5709753049729235,0.5652548911286408,0.5753024896056511,0.6
2026-02-13 15:21:00,2026-02-13,2026-02,0,-246.8,0.5843830429052105,0.5607883463582781,0.6493053355205388,0.6
2026-02-13 15:39:00,2026-02-13,2026-02,0,-134.3,0.545981811559355,0.535266380291173,0.5435345990222008,0.6
2026-02-13 15:56:00,2026-02-13,2026-02,1,105.7,0.5771687241187881,0.5729484539488732,0.5282806980437006,0.6
2026-02-13 19:10:00,2026-02-13,2026-02,0,-21.8,0.446586690728574,0.48137090777500113,0.44288637349263066,0.6
2026-02-13 19:21:00,2026-02-13,2026-02,1,73.2,0.4591059591960825,0.4781500103007979,0.5102971039732842,0.6
2026-02-13 19:46:00,2026-02-13,2026-02,1,128.2,0.4554585135757345,0.48260968984078934,0.5242045328433548,0.6
2026-02-16 08:47:00,2026-02-16,2026-02,0,-79.3,0.4883207000189033,0.4397415769063247,0.5077126097514244,0.6
2026-02-16 15:11:00,2026-02-16,2026-02,0,-159.3,0.569259233817819,0.4837081164509816,0.5558317766607997,0.6
2026-02-16 15:45:00,2026-02-16,2026-02,1,40.7,0.5366295404415832,0.4715546906196347,0.4962849773890619,0.6
2026-02-16 15:55:00,2026-02-16,2026-02,0,-19.3,0.5316849912479313,0.46899638869177,0.49277671266902745,0.6
2026-02-17 08:19:00,2026-02-17,2026-02,0,-211.8,0.5091134129054606,0.4456390517493697,0.5229891100305344,0.6
2026-02-17 14:44:00,2026-02-17,2026-02,0,-294.3,0.6239144076880325,0.515164108890416,0.5491224431158818,0.6
2026-02-17 15:02:00,2026-02-17,2026-02,0,-141.8,0.6776456601491071,0.550131401620432,0.6814837634604198,0.6
2026-02-17 15:31:00,2026-02-17,2026-02,1,83.2,0.5444737254334017,0.47581194325901516,0.5657270652128468,0.6
2026-02-17 15:36:00,2026-02-17,2026-02,0,-179.3,0.5376497117988462,0.536931930445097,0.6315880107426064,0.6
2026-02-17 15:57:00,2026-02-17,2026-02,1,75.7,0.5784581223987519,0.45670923674838665,0.4982608355216447,0.6
2026-02-17 19:04:00,2026-02-17,2026-02,1,138.2,0.4589292101817181,0.45195057585216714,0.5093736357371036,0.6
2026-02-18 14:32:00,2026-02-18,2026-02,0,-204.3,0.5065953263016257,0.5277131166656336,0.5846228184383029,0.55
2026-02-18 15:12:00,2026-02-18,2026-02,1,193.95,0.6376249770604077,0.55109375109466,0.5724458815983359,0.55
2026-02-18 19:14:00,2026-02-18,2026-02,0,-11.8,0.4697592398000117,0.4627354204143753,0.476188502920722,0.55
2026-02-18 19:28:00,2026-02-18,2026-02,0,-54.3,0.4832139822562418,0.46119354987201205,0.524942967164484,0.55
2026-02-18 19:50:00,2026-02-18,2026-02,0,-154.3,0.45045709061452016,0.534311466152921,0.5713311991296849,0.55
2026-02-19 19:11:00,2026-02-19,2026-02,0,-129.3,0.5991143647576442,0.4972926106422058,0.5168440853973293,0.55
2026-02-19 19:43:00,2026-02-19,2026-02,0,-31.8,0.5432911275641314,0.47401419897765196,0.4749048281064064,0.55
2026-02-19 19:47:00,2026-02-19,2026-02,1,48.2,0.5574425919046111,0.49697914630845136,0.48014591281935054,0.55
2026-02-20 14:40:00,2026-02-20,2026-02,1,258.2,0.6542705061006958,0.5514676346737062,0.5322867164091001,0.55
2026-02-20 15:01:00,2026-02-20,2026-02,0,-51.8,0.5282000931416158,0.542401093414324,0.5594959782345208,0.55
2026-02-20 15:09:00,2026-02-20,2026-02,0,-101.8,0.4560831820880387,0.511233952494048,0.5933417942875943,0.55
2026-02-20 15:18:00,2026-02-20,2026-02,0,-104.3,0.5539690970221834,0.5457374027413348,0.5878201097252097,0.55
2026-02-20 15:40:00,2026-02-20,2026-02,0,-159.3,0.5336724404388713,0.5607799541068178,0.5989800107436712,0.55
2026-02-20 15:51:00,2026-02-20,2026-02,1,30.7,0.5533934880947968,0.5317423545254654,0.4867223176718786,0.55
2026-02-20 19:06:00,2026-02-20,2026-02,0,-54.3,0.5118991047244915,0.4627716070124584,0.4898816221872893,0.55
2026-02-20 19:23:00,2026-02-20,2026-02,1,63.2,0.4395758620212172,0.47082303189074076,0.5183079940429841,0.55
2026-02-20 19:57:00,2026-02-20,2026-02,0,-121.8,0.4825008177035666,0.48130132930011116,0.5240101236020143,0.55
2026-02-23 15:02:00,2026-02-23,2026-02,1,93.2,0.5950808023320386,0.489636166608563,0.5379468747352243,0.55
2026-02-23 15:11:00,2026-02-23,2026-02,1,143.2,0.5812043200195751,0.5106572381717681,0.5934339955550392,0.55
2026-02-23 19:01:00,2026-02-23,2026-02,0,-24.3,0.574839510747773,0.4414361013400811,0.548040610810821,0.55
2026-02-23 19:05:00,2026-02-23,2026-02,0,-31.8,0.5651760694456723,0.4603940912676603,0.5860987471228066,0.55
2026-02-23 19:40:00,2026-02-23,2026-02,1,50.7,0.5413927680637638,0.4923409971081191,0.5985910311794197,0.55
2026-02-24 14:31:00,2026-02-24,2026-02,1,135.7,0.49206727772883474,0.5129213367634554,0.5282056259897997,0.55
2026-02-24 14:39:00,2026-02-24,2026-02,0,-261.8,0.6545462478226471,0.5948781644148748,0.5791014058221978,0.55
2026-02-24 15:07:00,2026-02-24,2026-02,0,-254.3,0.5036839166109687,0.5386319805437458,0.5946561819924483,0.55
2026-02-24 15:44:00,2026-02-24,2026-02,0,-31.8,0.4297157010783036,0.4178370583283442,0.4879152191146945,0.55
2026-02-24 15:48:00,2026-02-24,2026-02,1,48.2,0.49167763436756934,0.4517868267248721,0.5087470163813539,0.55
2026-02-24 16:02:00,2026-02-24,2026-02,0,-114.3,0.485793741328537,0.45459620274640233,0.5347112282595924,0.55
2026-02-24 19:03:00,2026-02-24,2026-02,0,-24.3,0.45576434331934407,0.425453434984282,0.4192320213230816,0.55
2026-02-24 19:30:00,2026-02-24,2026-02,1,33.2,0.4495847508301265,0.448732827876172,0.47115957323799973,0.55
2026-02-24 19:44:00,2026-02-24,2026-02,1,1.45,0.45528131455658,0.46000184737722005,0.5035647220424483,0.55
2026-02-25 14:59:00,2026-02-25,2026-02,0,-56.8,0.46216289663704707,0.4816303158390745,0.46117528039753997,0.55
2026-02-25 15:09:00,2026-02-25,2026-02,1,73.2,0.4286069728763385,0.45848108335993726,0.5080695509627188,0.55
2026-02-25 15:19:00,2026-02-25,2026-02,0,-71.8,0.4140437052346911,0.4916238415516116,0.5160228359569147,0.55
2026-02-25 16:00:00,2026-02-25,2026-02,0,-64.3,0.47739526005213684,0.4743778826992559,0.4788876997567047,0.55
2026-02-26 14:36:00,2026-02-26,2026-02,1,30.7,0.5907134974617556,0.5620595934229902,0.4362240606582065,0.55
2026-02-26 14:39:00,2026-02-26,2026-02,1,80.7,0.5441665141859204,0.5144442871527967,0.56956571184064,0.55
2026-02-26 14:56:00,2026-02-26,2026-02,1,195.7,0.5374076775467532,0.5200343185040044,0.5911441420708204,0.55
2026-02-26 15:24:00,2026-02-26,2026-02,1,93.2,0.6365253877231164,0.5229527947760043,0.7278473883577002,0.55
2026-02-26 15:58:00,2026-02-26,2026-02,0,-86.8,0.5368916970943761,0.5401377969644652,0.5401941704149814,0.55
2026-02-26 19:12:00,2026-02-26,2026-02,1,80.7,0.6120744543270562,0.4729864166498089,0.5143771194869198,0.55
2026-02-26 19:59:00,2026-02-26,2026-02,0,-26.8,0.5593896540184039,0.4831305170752524,0.5279885545206009,0.55
2026-02-27 14:32:00,2026-02-27,2026-02,1,45.7,0.6492266033938573,0.5598387873661644,0.416600978017975,0.55
2026-02-27 14:46:00,2026-02-27,2026-02,0,-191.8,0.5501741528536714,0.5386160697430304,0.5746965116437464,0.55
2026-02-27 15:15:00,2026-02-27,2026-02,0,-51.8,0.5975933518375354,0.5289351773866754,0.48845115284588714,0.55
2026-02-27 15:21:00,2026-02-27,2026-02,0,-66.8,0.5015677439103388,0.5577762613378828,0.5315991547307118,0.55
2026-02-27 15:28:00,2026-02-27,2026-02,0,-6.55,0.5162148876720286,0.5572310272339625,0.5902630427847803,0.55
2026-02-27 19:12:00,2026-02-27,2026-02,1,188.2,0.5381900846727006,0.49886925451028336,0.5523063917025036,0.55
2026-03-03 19:29:00,2026-03-03,2026-03,0,-92.8,0.5152312767096537,0.4226125245829017,0.5359166771165242,0.55
2026-03-09 14:03:00,2026-03-09,2026-03,0,-86.8,0.5834803891393653,0.4694387837130637,0.5233004399364691,0.55
2026-03-09 14:15:00,2026-03-09,2026-03,0,-79.3,0.5288774843566492,0.44225178290363804,0.5312251296531519,0.55
2026-03-09 14:31:00,2026-03-09,2026-03,0,-71.8,0.49086138246341837,0.45918051105515073,0.5251445538004589,0.55
2026-03-09 18:01:00,2026-03-09,2026-03,0,-84.3,0.45564072873559264,0.40506365661158866,0.4888518791499717,0.55
2026-03-09 18:24:00,2026-03-09,2026-03,0,-201.8,0.44585928680216286,0.46086495520692045,0.5554167951986886,0.55
2026-03-10 18:03:00,2026-03-10,2026-03,1,65.7,0.4971440115480449,0.44549652197795714,0.4795533595184349,0.55
2026-03-10 18:43:00,2026-03-10,2026-03,1,40.7,0.47453691268795734,0.4377663467870439,0.48496624626966844,0.55
2026-03-10 18:48:00,2026-03-10,2026-03,1,75.7,0.43828207871076835,0.48788617246535554,0.5040114024003954,0.55
2026-03-11 13:56:00,2026-03-11,2026-03,1,258.2,0.5514929051232705,0.5205938620999696,0.49994443670995736,0.55
2026-03-11 14:16:00,2026-03-11,2026-03,0,-159.3,0.5687010681825589,0.528890536859075,0.5238964553398532,0.55
2026-03-11 14:32:00,2026-03-11,2026-03,0,-191.8,0.5388865675324696,0.5147749399378265,0.534669584789543,0.55
2026-03-11 18:02:00,2026-03-11,2026-03,0,-91.8,0.5208647287913174,0.48107188419386876,0.46743817623518225,0.55
2026-03-11 18:14:00,2026-03-11,2026-03,0,-84.3,0.4727882555319112,0.5218575700712492,0.5235631570154917,0.55
2026-03-11 18:44:00,2026-03-11,2026-03,1,10.7,0.6393769252182343,0.5093917336757541,0.5089523602502012,0.55
2026-03-11 18:52:00,2026-03-11,2026-03,0,-54.3,0.5016245492496031,0.4718296487812319,0.5164686891088461,0.55
2026-03-11 19:00:00,2026-03-11,2026-03,0,-127.8,0.4999466141326947,0.524467306204264,0.5280892736448407,0.55
2026-03-13 13:38:00,2026-03-13,2026-03,0,-19.3,0.303925016300639,0.4059574287437864,0.46305800683183757,0.55
2026-03-13 13:53:00,2026-03-13,2026-03,0,-59.3,0.44897418716714593,0.47582803365047394,0.5158742732704417,0.55
2026-03-13 14:05:00,2026-03-13,2026-03,1,248.2,0.4567733234487556,0.5728912909169094,0.5732799123435977,0.55
2026-03-13 14:51:00,2026-03-13,2026-03,1,55.7,0.4252387405116328,0.46143983725952104,0.510921901605225,0.55
2026-03-13 15:11:00,2026-03-13,2026-03,1,178.2,0.5059848222846756,0.5263502959558588,0.5996570839677093,0.55
2026-03-13 18:19:00,2026-03-13,2026-03,1,63.2,0.5616268460402549,0.4949762031670796,0.484593570326665,0.55
2026-03-13 18:46:00,2026-03-13,2026-03,0,-109.3,0.5520675417333603,0.5118954249964762,0.5508346059334275,0.55
2026-03-17 14:00:00,2026-03-17,2026-03,1,35.7,0.4320518073210066,0.4525025315773161,0.43716686035802266,0.55
2026-03-17 14:06:00,2026-03-17,2026-03,1,115.7,0.44765921106840195,0.5056786756880087,0.5160118624471244,0.55
2026-03-17 14:43:00,2026-03-17,2026-03,0,-31.8,0.3846893380268943,0.4730109231029281,0.45386722695798704,0.55
2026-03-18 07:08:00,2026-03-18,2026-03,1,18.2,0.4557224078522882,0.4211697549205272,0.4375311890268907,0.55
2026-03-18 07:38:00,2026-03-18,2026-03,0,-27.3,0.42661194956763254,0.49984620684116693,0.4692519137953283,0.55
2026-03-18 18:03:00,2026-03-18,2026-03,1,15.7,0.6306415263046637,0.5419670061974663,0.5127917997785676,0.55
2026-03-20 07:26:00,2026-03-20,2026-03,1,50.7,0.546859528357153,0.46688417929834225,0.4748683153768943,0.55
2026-03-20 07:44:00,2026-03-20,2026-03,1,33.2,0.4973713403309905,0.4708448824499414,0.471467923349039,0.55
2026-03-20 13:51:00,2026-03-20,2026-03,0,-39.3,0.6872827120653698,0.5516815622075044,0.5212273557533185,0.55
2026-03-20 14:22:00,2026-03-20,2026-03,1,68.2,0.5936879706083663,0.5538482424772073,0.521946062967855,0.55
2026-03-20 14:38:00,2026-03-20,2026-03,1,110.7,0.5399119509511819,0.5473037474676798,0.5248055409315123,0.55
2026-03-23 07:02:00,2026-03-23,2026-03,1,70.7,0.5746966298103902,0.4082397518005718,0.43531487432520893,0.55
2026-03-23 07:10:00,2026-03-23,2026-03,0,-79.3,0.5552667204738262,0.4328787396020136,0.47261420356164735,0.55
2026-03-23 07:33:00,2026-03-23,2026-03,0,-21.8,0.6777868474152067,0.48208321353628275,0.5051630385216332,0.55
2026-03-23 07:54:00,2026-03-23,2026-03,1,100.7,0.6104918707673047,0.43763689666920136,0.498918956450897,0.55
2026-03-23 13:58:00,2026-03-23,2026-03,0,-101.8,0.47017041780388247,0.43491938831188043,0.44391602476828074,0.55
2026-03-23 14:30:00,2026-03-23,2026-03,1,68.2,0.4264820840840754,0.3944349069104465,0.45191304005728744,0.55
2026-03-23 14:53:00,2026-03-23,2026-03,0,-91.8,0.4310404243469526,0.43203233222385523,0.4683598783583484,0.55
2026-03-24 07:16:00,2026-03-24,2026-03,0,-89.3,0.5541523692927249,0.4617132527997903,0.436882301353463,0.55
2026-03-24 13:47:00,2026-03-24,2026-03,0,-234.3,0.6044599785033891,0.5056828539511077,0.5099372141151621,0.55
2026-03-24 18:23:00,2026-03-24,2026-03,1,148.2,0.5341079129122412,0.5155898035438757,0.4660255459508644,0.55
2026-03-24 18:42:00,2026-03-24,2026-03,0,-76.8,0.6081363699082358,0.5225437825808077,0.5160912537153652,0.55
2026-03-25 13:31:00,2026-03-25,2026-03,0,-34.3,0.4733391065387194,0.5092374463827593,0.45477836303805813,0.55
2026-03-25 13:59:00,2026-03-25,2026-03,1,110.7,0.47973959346511,0.5350963867248358,0.5150631212478204,0.55
2026-03-25 18:08:00,2026-03-25,2026-03,0,-59.3,0.5438274062050527,0.4678871805227959,0.46795296454200774,0.55
2026-03-26 07:04:00,2026-03-26,2026-03,1,40.7,0.4778408269942667,0.4658130415512289,0.4436709968619419,0.55
2026-03-26 07:27:00,2026-03-26,2026-03,0,-204.3,0.5095329323980913,0.5180755462200735,0.5115241402940253,0.55
2026-03-26 13:48:00,2026-03-26,2026-03,1,123.2,0.6295389677110976,0.5289118295947217,0.4886865487499437,0.55
2026-03-26 14:02:00,2026-03-26,2026-03,0,-104.3,0.5700507167183687,0.5495170991439359,0.5246863234084351,0.55
2026-03-31 13:59:00,2026-03-31,2026-03,1,143.2,0.5225465732931392,0.49232856194677865,0.4731546866117879,0.55
2026-03-31 15:03:00,2026-03-31,2026-03,0,-84.3,0.500400404945827,0.47427285761343524,0.5205341533908351,0.55
2026-03-31 18:15:00,2026-03-31,2026-03,0,-26.8,0.4214742316730835,0.4022989792562634,0.4166282492215005,0.55
2026-03-31 18:28:00,2026-03-31,2026-03,0,-39.3,0.43140955360540345,0.4257029029023773,0.45990681999381905,0.55
2026-03-31 18:46:00,2026-03-31,2026-03,1,20.7,0.39297352568379906,0.41003168364049286,0.43358087136686496,0.55
2026-04-01 07:09:00,2026-04-01,2026-04,1,25.7,0.4315089907187946,0.4498498162987646,0.4328974674319488,0.55
2026-04-01 13:43:00,2026-04-01,2026-04,1,118.2,0.48933879423177284,0.5205709459113599,0.47004027595932324,0.55
2026-04-01 14:40:00,2026-04-01,2026-04,0,-166.8,0.5134633174852912,0.515680210388411,0.5140482524560536,0.55
2026-04-01 18:06:00,2026-04-01,2026-04,1,100.7,0.48622443108769037,0.4532817579508098,0.5322656764798193,0.55
2026-04-01 18:21:00,2026-04-01,2026-04,1,48.2,0.4470319084368372,0.5124914283325996,0.49429986261272724,0.55
2026-04-01 18:27:00,2026-04-01,2026-04,0,-36.8,0.4434545455819749,0.5044893498612975,0.4965549938911166,0.55
2026-04-01 18:33:00,2026-04-01,2026-04,1,23.2,0.41857742872455533,0.4612695345933106,0.4867647986150211,0.55
2026-04-01 18:48:00,2026-04-01,2026-04,1,33.2,0.4245349611107233,0.4619274074660598,0.4815429922299867,0.55
2026-04-02 18:18:00,2026-04-02,2026-04,1,43.2,0.4266387949348688,0.46390976995680594,0.45443307447819703,0.55
2026-04-02 18:29:00,2026-04-02,2026-04,0,-44.3,0.3968577198005919,0.4819854551067009,0.4944479729545449,0.55
2026-04-03 07:23:00,2026-04-03,2026-04,1,10.7,0.5693513382343185,0.46732329952910034,0.475780802084908,0.55
2026-04-03 07:33:00,2026-04-03,2026-04,1,10.7,0.49056015605605024,0.5127991976683844,0.49028365234515603,0.55
2026-04-03 07:57:00,2026-04-03,2026-04,1,15.7,0.482756708755814,0.48335249229905614,0.47499526269283965,0.55
2026-04-06 07:26:00,2026-04-06,2026-04,0,-46.8,0.4677247749700799,0.44495803162716085,0.45195665323454376,0.55
2026-04-06 14:15:00,2026-04-06,2026-04,1,95.7,0.5409341394929359,0.47129868446927176,0.4777182942613704,0.55
2026-04-06 14:41:00,2026-04-06,2026-04,1,2.95,0.5341224216864203,0.5447457279681001,0.5157076588014526,0.55
2026-04-06 18:43:00,2026-04-06,2026-04,0,-21.8,0.4705980118301368,0.43975882606491545,0.4203414821841398,0.55
2026-04-07 13:39:00,2026-04-07,2026-04,0,-179.3,0.5796273689543352,0.5110449131902817,0.4936232963075482,0.55
2026-04-07 14:18:00,2026-04-07,2026-04,1,30.7,0.5911749598223737,0.5082862200320056,0.480661791347728,0.55
2026-04-07 14:24:00,2026-04-07,2026-04,1,70.7,0.5809944088741749,0.494537564439814,0.5069207868704089,0.55
2026-04-07 14:32:00,2026-04-07,2026-04,1,53.2,0.5799456769815216,0.48506459802566554,0.5034271910529828,0.55
2026-04-07 14:36:00,2026-04-07,2026-04,0,-44.3,0.6054460692939329,0.4622629062451657,0.5083252140595439,0.55
2026-04-07 19:00:00,2026-04-07,2026-04,1,33.2,0.5310805512862905,0.4967054385437475,0.4452238722646027,0.55
2026-04-08 07:13:00,2026-04-08,2026-04,0,-96.8,0.5017116825585107,0.5132952971350307,0.5234178316095097,0.55
2026-04-08 13:31:00,2026-04-08,2026-04,1,143.2,0.5299033095984508,0.5236290164496678,0.4959944902971874,0.55
2026-04-08 13:35:00,2026-04-08,2026-04,1,190.7,0.5432892323755191,0.5455701295856767,0.5654132740792743,0.55
2026-04-08 14:21:00,2026-04-08,2026-04,1,60.7,0.50258056284638,0.5401270239510096,0.4860628558749038,0.55
2026-04-08 14:49:00,2026-04-08,2026-04,1,80.7,0.5309255514185631,0.5549215578056743,0.5463270916569466,0.55
2026-04-08 14:59:00,2026-04-08,2026-04,0,-211.8,0.5658469093038961,0.5501861594506762,0.569345906158574,0.55
2026-04-08 18:43:00,2026-04-08,2026-04,1,48.2,0.4937510757110142,0.49371137467800563,0.4748218512422825,0.55
2026-04-08 19:11:00,2026-04-08,2026-04,0,-84.3,0.4969519623841344,0.5262569616739994,0.5386490254976195,0.55
2026-04-09 07:09:00,2026-04-09,2026-04,1,30.7,0.46471321672503046,0.5057978797529776,0.49611731048386637,0.55
2026-04-09 07:25:00,2026-04-09,2026-04,1,15.7,0.4081804119381366,0.47199452511720674,0.48550568609802863,0.55
2026-04-09 07:49:00,2026-04-09,2026-04,0,-54.3,0.462870270291157,0.48956919881937355,0.5051849115566724,0.55
2026-04-09 13:32:00,2026-04-09,2026-04,0,-111.8,0.5830508926475718,0.5284462043251007,0.48949661041323256,0.55
2026-04-09 14:24:00,2026-04-09,2026-04,1,43.2,0.46009232501371666,0.5450974027850992,0.4985107578929714,0.55
2026-04-09 14:41:00,2026-04-09,2026-04,0,-71.8,0.47188404047869525,0.5240392544150518,0.533496417887674,0.55
2026-04-09 18:06:00,2026-04-09,2026-04,0,-121.8,0.4579513254547787,0.49756145974565924,0.48711922358466486,0.55
2026-04-13 07:20:00,2026-04-13,2026-04,1,20.7,0.4658927586930717,0.41281774164776236,0.45580511956238196,0.55
2026-04-13 07:29:00,2026-04-13,2026-04,0,-44.3,0.4749439570392276,0.4452322412090435,0.5134410598600168,0.55
2026-04-13 18:29:00,2026-04-13,2026-04,0,-19.3,0.44419860811739326,0.4045586059599594,0.4114803727278363,0.55
2026-04-14 13:43:00,2026-04-14,2026-04,0,-154.3,0.49275755651857406,0.5101372135263144,0.49658103324393726,0.55
2026-04-14 14:48:00,2026-04-14,2026-04,0,-109.3,0.46816154868685483,0.4871542934297377,0.4934505775515502,0.55
2026-04-14 18:33:00,2026-04-14,2026-04,1,8.2,0.2901924996937549,0.35330969098272375,0.4052076360241456,0.55
2026-04-15 07:22:00,2026-04-15,2026-04,0,-19.3,0.47099114800786634,0.47063877027109824,0.4775366717975569,0.55
2026-04-15 13:50:00,2026-04-15,2026-04,1,83.2,0.5633261442413485,0.49155894337193906,0.46814192620398043,0.55
2026-04-15 14:06:00,2026-04-15,2026-04,0,-31.8,0.5971171159698175,0.528713405001533,0.517572139045372,0.55
2026-04-15 14:20:00,2026-04-15,2026-04,1,48.2,0.5709129881038312,0.5309857040761151,0.509885970193663,0.55
2026-04-15 14:40:00,2026-04-15,2026-04,1,53.2,0.542972834501717,0.5179297333297824,0.5330372201611104,0.55
2026-04-15 14:52:00,2026-04-15,2026-04,1,68.2,0.4982743971790613,0.5284391102653112,0.49135122466242853,0.55
2026-04-15 18:02:00,2026-04-15,2026-04,0,-29.3,0.41534303372819686,0.444755549578754,0.460803485366879,0.55
2026-04-15 18:28:00,2026-04-15,2026-04,0,-16.8,0.3807644104456855,0.44892253987165315,0.4749224154423509,0.55
2026-04-16 14:15:00,2026-04-16,2026-04,0,-41.8,0.5702278521849026,0.5154522928121195,0.46819231441166487,0.55
2026-04-16 14:36:00,2026-04-16,2026-04,1,25.7,0.5583728612647044,0.5417209171619094,0.49569844047132605,0.55
2026-04-16 14:57:00,2026-04-16,2026-04,1,63.2,0.5725670556880624,0.5113430426445843,0.5061623928235722,0.55
2026-04-16 18:32:00,2026-04-16,2026-04,0,-64.3,0.46588500386729925,0.4774473009802864,0.49824913601946874,0.55
2026-04-16 18:53:00,2026-04-16,2026-04,1,35.7,0.4189355383401135,0.5328588578848718,0.5044788925716187,0.55
2026-04-20 13:34:00,2026-04-20,2026-04,1,205.7,0.5326338631600048,0.510636524390283,0.4738050027035283,0.55
2026-04-20 18:12:00,2026-04-20,2026-04,1,58.2,0.5302998713330782,0.45828839185303377,0.42951519640105273,0.55
2026-04-21 07:06:00,2026-04-21,2026-04,1,43.2,0.5199782288657916,0.48164055557186247,0.5160347559308779,0.55
2026-04-21 13:35:00,2026-04-21,2026-04,0,-86.8,0.5378714764803486,0.5206003095464163,0.5021449245673456,0.55
2026-04-21 14:21:00,2026-04-21,2026-04,0,-69.3,0.5491298170295683,0.5218714293541888,0.5193180767952527,0.55
2026-04-21 18:06:00,2026-04-21,2026-04,0,-59.3,0.6104903592159394,0.4573280686562497,0.44590129197755807,0.55
2026-04-21 18:38:00,2026-04-21,2026-04,1,75.7,0.5677716840922231,0.4828165498478444,0.4674034565185314,0.55
2026-04-22 07:23:00,2026-04-22,2026-04,0,-29.3,0.4672295438596959,0.44960063543353695,0.461876785317197,0.55
2026-04-22 07:48:00,2026-04-22,2026-04,1,20.7,0.44967567642613376,0.4848959560188108,0.48936003796483885,0.55
2026-04-22 13:38:00,2026-04-22,2026-04,0,-96.8,0.5345690691759193,0.5354445570142403,0.5149633045223944,0.55
2026-04-22 14:35:00,2026-04-22,2026-04,0,-4.55,0.4881112909907589,0.5271992550028274,0.49168743840169116,0.55
2026-04-22 18:13:00,2026-04-22,2026-04,1,13.2,0.40909727727114015,0.45589309420900065,0.46122468046010406,0.55
2026-04-22 18:19:00,2026-04-22,2026-04,1,45.7,0.40656835190147095,0.5013008290429513,0.4839995442956452,0.55
2026-04-22 18:25:00,2026-04-22,2026-04,0,-16.8,0.34697375247543893,0.45388167568422244,0.4830373371991084,0.55
2026-04-22 19:11:00,2026-04-22,2026-04,0,-49.3,0.4055038708328929,0.4478803574838785,0.46331668726018316,0.55
2026-04-23 18:43:00,2026-04-23,2026-04,0,-39.3,0.5945312567101669,0.4814956323569464,0.4561921952243946,0.55
2026-04-23 18:53:00,2026-04-23,2026-04,1,138.2,0.4851258511764638,0.5330334305205312,0.5170819782766115,0.55
2026-04-24 13:46:00,2026-04-24,2026-04,0,-199.3,0.4913702596247379,0.538838594177918,0.5205572619366929,0.55
2026-04-27 14:39:00,2026-04-27,2026-04,1,46.95,0.5974936484686894,0.4972089445078432,0.4693479941205436,0.55
2026-04-27 18:09:00,2026-04-27,2026-04,0,-21.8,0.5070143727261779,0.4601827444513337,0.44873599816037435,0.55
2026-04-28 13:54:00,2026-04-28,2026-04,0,-294.3,0.6627152903272311,0.474282455747838,0.47718043581448133,0.55
2026-04-28 14:44:00,2026-04-28,2026-04,0,-116.8,0.5903885125475286,0.490474744562813,0.4744800785671033,0.55
2026-04-28 18:47:00,2026-04-28,2026-04,1,25.7,0.5246281803000211,0.4365404775356945,0.4445231378432405,0.55
2026-04-29 13:47:00,2026-04-29,2026-04,1,180.7,0.577740454784055,0.5259867712333419,0.5107226898601253,0.4
2026-04-29 14:31:00,2026-04-29,2026-04,1,30.7,0.5548157551682759,0.5253315556342181,0.5275645848435574,0.4
2026-04-29 14:42:00,2026-04-29,2026-04,1,20.7,0.6151307724764088,0.5244345980875013,0.5346664957932633,0.4
2026-04-29 14:47:00,2026-04-29,2026-04,0,-64.3,0.5233424783056897,0.5084508471374137,0.4925157190976717,0.4
2026-04-29 18:31:00,2026-04-29,2026-04,1,73.2,0.5651032482123126,0.484982097685759,0.46460247569980984,0.4
2026-04-29 19:07:00,2026-04-29,2026-04,1,123.2,0.5252252292931723,0.5224770075136292,0.5008793006379683,0.4
2026-04-30 18:11:00,2026-04-30,2026-04,1,50.7,0.5079584971856581,0.5071308399397174,0.5217501779250427,0.5
2026-05-01 13:46:00,2026-05-01,2026-05,1,185.7,0.6382638330181514,0.500511276659268,0.6299484567208161,0.45
2026-05-01 14:15:00,2026-05-01,2026-05,0,-59.3,0.4943718515302865,0.5413253868551323,0.5735943063825959,0.45
2026-05-01 14:51:00,2026-05-01,2026-05,1,78.2,0.49453490168304504,0.5273211798824688,0.5501971819389805,0.45
2026-05-04 13:56:00,2026-05-04,2026-05,1,78.2,0.5999163807562712,0.4698698954595039,0.455576736463535,0.5
2026-05-04 14:02:00,2026-05-04,2026-05,0,-36.8,0.5816306658670295,0.48992282886628635,0.4939964737657736,0.5
2026-05-04 14:19:00,2026-05-04,2026-05,0,-169.3,0.587849714554014,0.4883209584306843,0.4997348149870588,0.5
2026-05-04 18:08:00,2026-05-04,2026-05,0,-36.8,0.5731198583863497,0.44573167545295694,0.47313647183224106,0.5
2026-05-04 18:38:00,2026-05-04,2026-05,0,-5.05,0.5753463085929436,0.4522286999256594,0.4722833768568508,0.5
2026-05-05 07:27:00,2026-05-05,2026-05,1,18.2,0.4523360475498314,0.46279883833188906,0.4723852636104957,0.5
2026-05-05 07:52:00,2026-05-05,2026-05,1,10.7,0.39425767624382835,0.41538417783810594,0.45707165790541165,0.5
2026-05-05 08:00:00,2026-05-05,2026-05,0,-36.8,0.4574446612519215,0.44534938161507764,0.4947728450123896,0.5
2026-05-05 13:57:00,2026-05-05,2026-05,1,75.7,0.4769737704328662,0.47209623028449926,0.4586755986333395,0.5
2026-05-05 14:44:00,2026-05-05,2026-05,1,23.2,0.47175881309780443,0.457674590223392,0.4768236367948245,0.5
2026-05-07 13:54:00,2026-05-07,2026-05,0,-34.3,0.45742909872966164,0.48167072478929795,0.46050268024349067,0.45
2026-05-07 18:02:00,2026-05-07,2026-05,0,-91.8,0.545691088522794,0.5058748257366933,0.4790145011011134,0.45
2026-05-07 19:08:00,2026-05-07,2026-05,1,58.2,0.5756805619192682,0.5183394499818276,0.48684607874381186,0.45
2026-05-08 07:15:00,2026-05-08,2026-05,0,-104.3,0.4896159498780258,0.5005554464491248,0.5020709465359602,0.5
2026-05-08 14:13:00,2026-05-08,2026-05,0,-44.3,0.4619743005413511,0.5188499079115692,0.4989385262085474,0.5
2026-05-08 14:33:00,2026-05-08,2026-05,1,75.7,0.43138524690750013,0.4714778040390886,0.46939656566635624,0.5
2026-05-08 18:01:00,2026-05-08,2026-05,0,-36.8,0.3898677925071361,0.41671950620198256,0.4612315208805609,0.5
2026-05-08 18:13:00,2026-05-08,2026-05,0,-24.3,0.34589823123943825,0.451864399272279,0.4770482428964344,0.5
2026-05-08 18:21:00,2026-05-08,2026-05,1,48.2,0.3740023523966623,0.4944201238833049,0.5162215619888749,0.5
2026-05-08 19:06:00,2026-05-08,2026-05,0,-71.8,0.4040877346240643,0.4299643001881488,0.4876301899520432,0.5
2026-05-11 13:36:00,2026-05-11,2026-05,0,-186.8,0.6536701352252164,0.5095108846345355,0.6357529566974577,0.45
2026-05-11 14:16:00,2026-05-11,2026-05,0,-86.8,0.5465369358332727,0.5076036800547848,0.5377148905312763,0.45
2026-05-11 14:38:00,2026-05-11,2026-05,0,-224.3,0.5377926099767664,0.5001740915033507,0.5173261983467435,0.45
2026-05-11 18:36:00,2026-05-11,2026-05,1,20.7,0.48019835011152295,0.4157708591861688,0.44923292585521707,0.45
2026-05-11 19:11:00,2026-05-11,2026-05,1,98.2,0.4723557556717957,0.4563172709887207,0.48725434496875086,0.45
2026-05-12 07:18:00,2026-05-12,2026-05,1,53.2,0.5581454758696546,0.4430324347817902,0.4846746156579251,0.4
2026-05-12 07:45:00,2026-05-12,2026-05,0,-36.8,0.578602289065087,0.4527348920784823,0.5190552820587481,0.4
2026-05-12 14:44:00,2026-05-12,2026-05,1,245.7,0.5677226041343023,0.5189562033855117,0.4976881761219326,0.4
2026-05-12 18:20:00,2026-05-12,2026-05,0,-24.3,0.49476235998454704,0.41488833899006,0.4060832892002153,0.4
2026-05-12 18:37:00,2026-05-12,2026-05,1,25.7,0.5067729631742882,0.4432068362666696,0.43950851465768936,0.4
2026-05-12 18:54:00,2026-05-12,2026-05,0,-31.8,0.4552082232303599,0.4036410158112457,0.4121930902621751,0.4
2026-05-13 07:15:00,2026-05-13,2026-05,0,-24.3,0.4258185291832422,0.4219066235591882,0.46389555877785754,0.45
2026-05-13 07:52:00,2026-05-13,2026-05,0,-16.8,0.4232829340807606,0.457871038338083,0.49492083321782526,0.45
2026-05-13 18:04:00,2026-05-13,2026-05,0,-69.3,0.47115638476170785,0.44898571758486266,0.4508965986233672,0.45
2026-05-13 18:41:00,2026-05-13,2026-05,1,40.7,0.42169007315456225,0.47461137944274956,0.4821037758737062,0.45
2026-05-14 13:53:00,2026-05-14,2026-05,0,-61.8,0.6878320070397114,0.5331015366016528,0.5409710268195845,0.45
2026-05-14 14:01:00,2026-05-14,2026-05,0,-51.8,0.4507469930589624,0.49517324291773,0.4350860573955609,0.45
2026-05-14 14:12:00,2026-05-14,2026-05,0,-106.8,0.5345936677638331,0.5740254861419551,0.5261523161524626,0.45
2026-05-14 14:26:00,2026-05-14,2026-05,1,70.7,0.5734229806574268,0.5189728118511239,0.5185933654536048,0.45
2026-05-14 14:44:00,2026-05-14,2026-05,1,48.2,0.5690058984998925,0.5008477119012015,0.5197493402044499,0.45
2026-05-14 14:53:00,2026-05-14,2026-05,0,-74.3,0.538717561510308,0.532649416339041,0.5554192735089366,0.45
2026-05-14 18:12:00,2026-05-14,2026-05,0,-52.8,0.4627111102214754,0.49494351318177165,0.4904921308341706,0.45
2026-05-15 13:31:00,2026-05-15,2026-05,0,-191.8,0.6132186611891062,0.5204326244467904,0.48703119427943464,0.45
2026-05-15 13:52:00,2026-05-15,2026-05,1,275.7,0.6379004904496973,0.5574297707878806,0.5311175924917672,0.45
2026-05-15 14:37:00,2026-05-15,2026-05,0,-91.8,0.5608214281032786,0.502817069024293,0.4920480240314058,0.45
2026-05-15 18:25:00,2026-05-15,2026-05,0,-34.3,0.5522868324318515,0.4966273392016605,0.4878843942757919,0.45
2026-05-15 18:39:00,2026-05-15,2026-05,1,40.7,0.5038407801979405,0.5249946106248862,0.5067041265841933,0.45
2026-05-15 18:58:00,2026-05-15,2026-05,1,23.2,0.5789640529702705,0.5018795639876789,0.5374603486249179,0.45
2026-05-18 18:37:00,2026-05-18,2026-05,1,178.2,0.6111243284737753,0.43277016669485147,0.4463300219721881,0.45
2026-05-19 13:35:00,2026-05-19,2026-05,0,-36.8,0.6643865801889441,0.5168263776392966,0.5059033765906734,0.45
2026-05-19 13:51:00,2026-05-19,2026-05,1,150.7,0.6467406767730963,0.5263497586413182,0.5276097593320007,0.45
2026-05-19 14:26:00,2026-05-19,2026-05,1,103.2,0.6428988666519708,0.5037981513382049,0.5140223212163989,0.45
2026-05-19 14:46:00,2026-05-19,2026-05,0,-66.8,0.6292912980988474,0.5077171134671886,0.5314056194508341,0.45
2026-05-19 15:08:00,2026-05-19,2026-05,1,110.7,0.5734293849491268,0.5136358069584088,0.5186970038681336,0.45
2026-05-19 18:02:00,2026-05-19,2026-05,1,60.7,0.5413655326476948,0.4583562855077085,0.4796853313244302,0.45
2026-05-19 18:33:00,2026-05-19,2026-05,0,-44.3,0.4667053689393709,0.4625025524417008,0.5059810783487639,0.45
2026-05-19 19:02:00,2026-05-19,2026-05,0,-86.8,0.4793080493626937,0.44199721703156747,0.489209676000945,0.45
2026-05-20 13:58:00,2026-05-20,2026-05,0,-216.8,0.5678273824644477,0.5092846796551365,0.5130084293010544,0.45
2026-05-20 14:28:00,2026-05-20,2026-05,0,-126.8,0.5334047127641008,0.5024741776147326,0.4916407486009026,0.45
2026-05-20 18:21:00,2026-05-20,2026-05,1,33.2,0.44590731258709276,0.4628060919104031,0.45424553943182217,0.45
2026-05-20 18:35:00,2026-05-20,2026-05,0,-31.8,0.42913088547560196,0.463401560088011,0.475337657877331,0.45
2026-05-20 18:53:00,2026-05-20,2026-05,0,-34.3,0.42867090343195857,0.44884841253384106,0.4707182349945822,0.45
2026-05-21 07:05:00,2026-05-21,2026-05,1,20.7,0.46046346082576645,0.4689650778672476,0.46087188910524113,0.5
2026-05-21 07:24:00,2026-05-21,2026-05,0,-41.8,0.4720086939519852,0.469179005886778,0.497474144790245,0.5
2026-05-21 13:48:00,2026-05-21,2026-05,1,138.2,0.6158018151422309,0.527747548049509,0.4873980511585674,0.5
2026-05-21 14:06:00,2026-05-21,2026-05,0,-46.8,0.6583865398389979,0.5625574493835267,0.5029798863145252,0.5
2026-05-21 14:12:00,2026-05-21,2026-05,0,-81.8,0.5896461424961236,0.52558292236925,0.49911656593487286,0.5
2026-05-21 14:18:00,2026-05-21,2026-05,1,160.7,0.5549775936255747,0.5564090496046585,0.5125360770124617,0.5
2026-05-21 14:24:00,2026-05-21,2026-05,0,-226.8,0.546057464962567,0.5905148034631691,0.5278242802482006,0.5
2026-05-21 18:24:00,2026-05-21,2026-05,0,-106.8,0.538778142712314,0.49140254950159995,0.503384135143256,0.5
2026-05-22 07:06:00,2026-05-22,2026-05,0,-126.8,0.5232077341340787,0.5006389116868503,0.4868329464567736,0.45
2026-05-22 13:34:00,2026-05-22,2026-05,1,160.7,0.6544663899961182,0.5363594733432976,0.48237294941349007,0.45
2026-05-22 13:42:00,2026-05-22,2026-05,0,-109.3,0.5459826162083271,0.564231583814626,0.517183347789731,0.45
2026-05-22 14:16:00,2026-05-22,2026-05,0,-41.8,0.4965908268532753,0.5535970494230207,0.4864644208547481,0.45
2026-05-22 14:26:00,2026-05-22,2026-05,0,-46.8,0.4323351069248515,0.472875311106631,0.44716621034495796,0.45
2026-05-22 18:03:00,2026-05-22,2026-05,1,20.7,0.416530612389647,0.4637392580342008,0.3890020960300404,0.45
2026-05-22 18:08:00,2026-05-22,2026-05,1,38.2,0.45959259823884485,0.5289637212223491,0.4566522425687785,0.45
2026-05-22 18:33:00,2026-05-22,2026-05,1,48.2,0.4208079723001676,0.5276559541246325,0.48246357093637293,0.45
2026-05-22 18:54:00,2026-05-22,2026-05,1,48.2,0.47080661680987046,0.49322370985255976,0.4835336771922276,0.45
2026-05-26 14:05:00,2026-05-26,2026-05,1,25.7,0.4906970539147099,0.48518615664835946,0.4604280271851611,0.5
2026-05-26 14:52:00,2026-05-26,2026-05,1,135.7,0.47236410745280627,0.4799249708446958,0.5089271138561661,0.5
2026-05-26 18:03:00,2026-05-26,2026-05,0,-19.3,0.4655416454742365,0.4494376013570493,0.45004729854130776,0.5
2026-05-26 18:41:00,2026-05-26,2026-05,1,28.2,0.47476990025992966,0.44031462057873944,0.47612462314004717,0.5
2026-05-26 19:07:00,2026-05-26,2026-05,0,-11.8,0.38858704211216766,0.4460262809613102,0.4637597817547355,0.5
2026-05-29 14:07:00,2026-05-29,2026-05,1,18.2,0.39455104353904696,0.45858099090446086,0.4379873841755058,0.45
2026-05-29 14:13:00,2026-05-29,2026-05,1,38.2,0.39556173610991424,0.5100483304772137,0.46819752651823465,0.45
2026-05-29 14:29:00,2026-05-29,2026-05,1,153.2,0.5055410305851987,0.5684473118020273,0.5283845185199421,0.45
2026-05-29 14:51:00,2026-05-29,2026-05,0,-44.3,0.4335576353644602,0.4950911849463625,0.477257118359105,0.45
2026-06-01 13:31:00,2026-06-01,2026-06,1,43.2,0.6667114921305363,0.49374711564376633,0.523056278055904,0.5
2026-06-01 13:49:00,2026-06-01,2026-06,0,-94.3,0.6113006090697334,0.4956416648242376,0.5212858429453414,0.5
2026-06-01 14:08:00,2026-06-01,2026-06,1,45.7,0.6139767366296751,0.5044122935510473,0.5061262213083229,0.5
2026-06-01 14:11:00,2026-06-01,2026-06,1,93.2,0.5917492710640578,0.5134261516045197,0.504059377864371,0.5
2026-06-01 14:51:00,2026-06-01,2026-06,1,88.2,0.5821707347433716,0.4634755354375726,0.49673197952063564,0.5
2026-06-01 18:26:00,2026-06-01,2026-06,0,-64.3,0.48018504387780614,0.44380943979271126,0.5048580248470255,0.5
2026-06-03 13:39:00,2026-06-03,2026-06,1,195.7,0.5328645864780616,0.5356390129175918,0.49773059240219486,0.5
2026-06-03 13:53:00,2026-06-03,2026-06,0,-199.3,0.5526020728977101,0.5107555791669481,0.5336401702532547,0.5
2026-06-03 14:35:00,2026-06-03,2026-06,0,-106.8,0.5790939260236899,0.5156772756922545,0.5137315774653172,0.5
2026-06-03 15:00:00,2026-06-03,2026-06,0,-74.3,0.512202473994005,0.5354448961133539,0.4928556604703401,0.5
2026-06-03 18:36:00,2026-06-03,2026-06,0,-39.3,0.567808701900836,0.48706053912177133,0.500405175724295,0.5
2026-06-03 18:50:00,2026-06-03,2026-06,0,-16.8,0.5871546150368867,0.48980082362299265,0.5432374436526753,0.5
2026-06-04 07:03:00,2026-06-04,2026-06,0,-34.3,0.468529441751305,0.48006404532591435,0.4508130906939291,0.5
2026-06-04 07:07:00,2026-06-04,2026-06,0,-74.3,0.49028616904021904,0.5297966088918461,0.5405324957571466,0.5
2026-06-04 07:27:00,2026-06-04,2026-06,1,45.7,0.5116630998781817,0.47875766632626643,0.5430580407351056,0.5
2026-06-04 07:48:00,2026-06-04,2026-06,1,10.7,0.44351931867286737,0.47696085853553993,0.5123596807371021,0.5
2026-06-04 07:54:00,2026-06-04,2026-06,1,13.2,0.39714250817167707,0.47837310593994625,0.5026604084858013,0.5
2026-06-04 13:41:00,2026-06-04,2026-06,0,-44.3,0.7531044190029376,0.5392425340753869,0.5204994813322386,0.5
2026-06-04 14:00:00,2026-06-04,2026-06,0,-141.8,0.6028132403317504,0.5339448605035864,0.4899906274607397,0.5
2026-06-04 14:14:00,2026-06-04,2026-06,1,265.7,0.5684255735880147,0.547725746985498,0.5098670598445944,0.5
2026-06-04 18:18:00,2026-06-04,2026-06,1,28.2,0.5541690378764873,0.45145144438814616,0.5249150125366795,0.5
2026-06-04 18:21:00,2026-06-04,2026-06,0,-71.8,0.4401132209736972,0.5035859753366105,0.5078987151663783,0.5
2026-06-05 13:34:00,2026-06-05,2026-06,0,-159.3,0.5997656380062086,0.5281860204102262,0.4672487375540387,0.5
2026-06-05 14:05:00,2026-06-05,2026-06,0,-54.3,0.6106508613956274,0.5449127743534506,0.4556602866609025,0.5
2026-06-05 14:12:00,2026-06-05,2026-06,1,90.7,0.5936022004676359,0.546330743860683,0.4618825550415646,0.5
2026-06-05 14:18:00,2026-06-05,2026-06,1,78.2,0.5970829605297031,0.5577738491374862,0.4671444331836992,0.5
2026-06-05 14:45:00,2026-06-05,2026-06,1,83.2,0.6239691829718192,0.5465789992060879,0.4775499611300353,0.5
2026-06-09 14:02:00,2026-06-09,2026-06,1,165.7,0.5644343638460879,0.5325121335858197,0.44970664914171204,0.5
2026-06-09 14:24:00,2026-06-09,2026-06,1,170.7,0.5653611987030713,0.48814588712706614,0.5296324687847114,0.5
2026-06-09 14:55:00,2026-06-09,2026-06,1,278.2,0.5989028686157799,0.5067173664436032,0.5388230911067221,0.5
2026-06-09 18:11:00,2026-06-09,2026-06,1,120.7,0.7003152720105066,0.46354073618744007,0.4312770324003253,0.5
2026-06-09 18:28:00,2026-06-09,2026-06,0,-129.3,0.6021445846627215,0.45048750357999917,0.3979338536966303,0.5
2026-06-09 18:53:00,2026-06-09,2026-06,0,-74.3,0.5823695507083773,0.4460515859870797,0.39292213804752785,0.5
2026-06-09 19:01:00,2026-06-09,2026-06,1,183.2,0.6630023647740981,0.4687648511757244,0.45268876062818536,0.5
2026-06-10 18:21:00,2026-06-10,2026-06,1,68.2,0.5122932076994472,0.48879251831071785,0.4293440498327254,0.5
2026-06-10 18:40:00,2026-06-10,2026-06,1,215.7,0.5247863260533149,0.5406180503090874,0.5029048094330315,0.5
2026-06-11 13:39:00,2026-06-11,2026-06,1,253.2,0.6139621820863198,0.5629428150854927,0.5164816568449382,0.5
2026-06-11 13:50:00,2026-06-11,2026-06,1,290.7,0.64702237283552,0.5820096790188062,0.5568899590212681,0.5
2026-06-11 14:11:00,2026-06-11,2026-06,0,-94.3,0.7702752382243325,0.5920879057951605,0.5630736035086127,0.5
2026-06-11 18:09:00,2026-06-11,2026-06,0,-146.8,0.5487323961730034,0.523107105038072,0.43552349891574177,0.5
2026-06-11 18:23:00,2026-06-11,2026-06,1,278.2,0.6040740946956643,0.5265583233735881,0.5287747748155699,0.5
