strategy,venue,day_et,configuration_era,entry_order_id,exit_order_id,entry_fill_id,exit_fill_id,direction,size,entry_timestamp_utc,exit_timestamp_utc,entry_price,exit_price,broker_gross,complete_costs,costs,broker_net,modeled_gross,signed_difference,join_method,strategy_side_size_validated,causal_decomposition_available,record_only_error,attribution_status
MIM,ProjectX,2026-08-13,current_risk_mechanics,c3b1d2c8dfba93b59bc1,e60edf5e85edaa7e88d7,ac9fec851fbb9717abc9,8bb2e09e388c0e8d9bb2,1,1,2026-08-13T17:00:03.877460+00:00,2026-08-13T20:00:03.547819+00:00,30197.25,30196.0,-2.5,True,1.22,-3.7199999999999998,0.5,-3.0,exact_order_id,True,False,False,exact_orders_and_unique_local_trade
UNATTRIBUTED_SHARED_ACCOUNT,ProjectX,2026-08-14,current_risk_mechanics,cec157901282b91e5741,90399b5da0443426225b,d6cc74bd8cad9b140992,0369f3f80750931e4c46,-1,2,2026-08-14T16:21:45.525397+00:00,2026-08-14T17:22:41.910505+00:00,30091.75,30073.75,72.0,True,2.44,69.56,,,unmatched_broker_candidate,False,False,False,no_local_order_ids
UNATTRIBUTED_SHARED_ACCOUNT,ProjectX,2026-08-17,current_risk_mechanics,7929791a0d4840b512af,a67d4a47b7c305db8f94,1f73317e3f929dc29c74,81da11817d2d81d6859e,-1,2,2026-08-17T13:31:01.494718+00:00,2026-08-17T14:32:17.698322+00:00,30260.5,30201.75,235.0,True,2.44,232.56,,,unmatched_broker_candidate,False,False,False,no_local_order_ids
MIM,ProjectX,2026-08-24,current_risk_mechanics,3a9880768d186e99171f,bd43527c5bfa666ef4f7,64625fed4f4cadf9a3e2,818af8c203f94feef55c,-1,1,2026-08-24T14:00:04.094426+00:00,2026-08-24T20:00:03.202262+00:00,29015.5,29103.0,-175.0,True,1.22,-176.22,-154.0,-21.0,exact_order_id,True,False,False,exact_orders_and_unique_local_trade
MIM,ProjectX,2026-08-27,current_risk_mechanics,3e5e8a0d1b69d61e0735,c8cc3032617109ad808c,ea4de0cbae834dd8762e,7605ff68e0ea463f2689,1,1,2026-08-27T16:30:03.757173+00:00,2026-08-27T20:00:03.324739+00:00,29604.0,29693.0,178.0,True,1.22,176.78,175.5,2.5,exact_order_id,True,False,False,exact_orders_and_unique_local_trade
MIM,ProjectX,2026-08-28,current_risk_mechanics,18fc9e7f1c734eb8f427,23bd638bdd29cc14fc50,f302517496b78f0b6bec,5d4f398e49edf5e80106,1,1,2026-08-28T15:00:04.668493+00:00,2026-08-28T15:57:23.855124+00:00,29791.75,29547.0,-489.5,True,1.22,-490.72,-500.0,10.5,exact_order_id,True,False,False,exact_orders_and_unique_local_trade
MIM,ProjectX,2026-08-28,current_risk_mechanics,69331f42890f60e87f43,3edfb76e32610bb4bc79,154241080626a46162b6,804f1c26d654cb657ee7,-1,1,2026-08-28T16:30:04.472247+00:00,2026-08-28T20:00:02.925043+00:00,29497.25,29502.0,-9.5,True,1.22,-10.72,-14.5,5.0,exact_order_id,True,False,False,exact_orders_and_unique_local_trade
MIM,ProjectX,2026-06-11,initial_live,,,,,1,1,,,,,,False,,,740.5,,no_saved_broker_pair,False,False,False,local_reference_trade_only
MIM,ProjectX,2026-06-12,initial_live,,,,,1,1,,,,,,False,,,47.0,,no_saved_broker_pair,False,False,False,local_reference_trade_only
MIM,ProjectX,2026-06-24,initial_live,,,,,1,1,,,,,,False,,,-1000.0,,no_saved_broker_pair,False,False,False,local_reference_trade_only
MIM,ProjectX,2026-06-25,catstop250_dll500,,,,,-1,1,,,,,,False,,,-500.0,,no_saved_broker_pair,False,False,False,local_reference_trade_only
MIM,ProjectX,2026-06-29,catstop250_dll500,,,,,1,1,,,,,,False,,,260.5,,no_saved_broker_pair,False,False,False,local_reference_trade_only
MIM,ProjectX,2026-06-30,catstop250_dll500,,,,,1,1,,,,,,False,,,295.0,,no_saved_broker_pair,False,False,False,local_reference_trade_only
MIM,ProjectX,2026-07-02,catstop250_dll500,,,,,1,1,,,,,,False,,,-500.0,,no_saved_broker_pair,False,False,False,local_reference_trade_only
MIM,ProjectX,2026-07-06,catstop250_dll500,,,,,1,1,,,,,,False,,,-165.0,,no_saved_broker_pair,False,False,False,local_reference_trade_only
MIM,ProjectX,2026-07-07,dll1000_ops_hardening,,,,,-1,1,,,,,,False,,,-500.0,,no_saved_broker_pair,False,False,False,local_reference_trade_only
MIM,ProjectX,2026-07-13,dll1000_ops_hardening,,,,,-1,1,,,,,,False,,,-93.0,,no_saved_broker_pair,False,False,False,local_reference_trade_only
MIM,ProjectX,2026-07-15,dll1000_ops_hardening,,,,,-1,1,,,,,,False,,,-139.0,,no_saved_broker_pair,False,False,False,local_reference_trade_only
MIM,ProjectX,2026-07-16,dll1000_ops_hardening,,,,,-1,1,,,,,,False,,,-13.5,,no_saved_broker_pair,False,False,False,local_reference_trade_only
MIM,ProjectX,2026-07-23,dll1000_ops_hardening,,,,,-1,1,,,,,,False,,,-31.0,,no_saved_broker_pair,False,False,False,local_reference_trade_only
MIM,ProjectX,2026-07-29,current_risk_mechanics,,,,,-1,1,,,,,,False,,,749.0,,no_saved_broker_pair,False,False,False,local_reference_trade_only
MIM,ProjectX,2026-07-30,current_risk_mechanics,,,,,1,1,,,,,,False,,,158.0,,no_saved_broker_pair,False,False,False,local_reference_trade_only
MIM,ProjectX,2026-08-03,current_risk_mechanics,,,,,1,1,,,,,,False,,,554.5,,no_saved_broker_pair,False,False,False,local_reference_trade_only
MIM,ProjectX,2026-08-04,current_risk_mechanics,,,,,1,1,,,,,,False,,,818.0,,no_saved_broker_pair,False,False,False,local_reference_trade_only
MIM,ProjectX,2026-08-13,current_risk_mechanics,,,,,1,1,,,,,,False,,,7.5,,no_saved_broker_pair,False,False,False,local_reference_trade_only
MIM,ProjectX,2026-09-03,current_risk_mechanics,,,,,1,1,,,,,,False,,,397.0,,no_saved_broker_pair,False,False,False,local_reference_trade_only
MIM,ProjectX,2026-09-04,current_risk_mechanics,,,,,1,1,,,,,,False,,,-245.5,,no_saved_broker_pair,False,False,False,local_reference_trade_only
GAP,TradeStation_SIM,2026-07-09,pre_ledger_hardening,ad152c7a37f481bc2735,8cfa2c7db3dac26937b5,,,-1,1,,,29732.75,29897.75,-330.0,False,,,-297.0,-33.0,exact_order_id,True,False,False,exact_fill_log_ids_gross_only
GAP,TradeStation_SIM,2026-07-13,pre_ledger_hardening,d284aeca6dc62d7b93b5,711a4c2dca9e137aa38b,,,1,1,,,29705.0,29516.5,-377.0,False,,,-353.0,-24.0,exact_order_id,True,False,False,exact_fill_log_ids_gross_only
GAP,TradeStation_SIM,2026-07-14,pre_ledger_hardening,3121b83d28e94d38f343,5c68772e7a40d83d2e10,,,-1,1,,,29807.25,29823.5,-32.5,False,,,-30.5,-2.0,exact_order_id,True,False,False,exact_fill_log_ids_gross_only
GAP,TradeStation_SIM,2026-07-16,pre_ledger_hardening,8e466d013bf396a36cbc,0620abc8d65f0659bb79,,,1,1,,,29466.75,29337.5,-258.5,False,,,-234.5,-24.0,exact_order_id,True,False,False,exact_fill_log_ids_gross_only
GAP,TradeStation_SIM,2026-07-20,pre_ledger_hardening,2ebbb68055c7df71f6e3,4f2b24c3eff4818c3f70,,,-1,1,,,29025.25,28983.5,83.5,False,,,118.0,-34.5,exact_order_id,True,False,False,exact_fill_log_ids_gross_only
GAP,TradeStation_SIM,2026-07-21,pre_ledger_hardening,fbf04a89973749cc52c7,b17f323a33e9bbcdc07e,,,-1,1,,,29210.5,29336.25,-251.5,False,,,-257.5,6.0,exact_order_id,True,False,False,exact_fill_log_ids_gross_only
GAP,TradeStation_SIM,2026-07-22,pre_ledger_hardening,5178b4af7b342cae79b8,a3ae1ffddbb60f66bff1,,,1,1,,,29086.25,29335.5,498.5,False,,,499.5,-1.0,exact_order_id,True,False,False,exact_fill_log_ids_gross_only
GAP,TradeStation_SIM,2026-07-23,pre_ledger_hardening,3d5979d0a4a0f829f7a9,f4e087710a13219dc016,,,1,1,,,28709.75,28644.5,-130.5,False,,,-195.5,65.0,exact_order_id,True,False,False,exact_fill_log_ids_gross_only
GAP,TradeStation_SIM,2026-07-27,pre_ledger_hardening,cd82e4f19aa92f0d02a1,3f7973cae9dc75eed8b0,,,-1,1,,,28593.25,28268.75,649.0,False,,,657.0,-8.0,exact_order_id,True,False,False,exact_fill_log_ids_gross_only
GAP,TradeStation_SIM,2026-07-28,pre_ledger_hardening,68b33ed02861b511407f,841d0900d2487c08ea9a,,,1,1,,,27948.0,28056.25,216.5,False,,,217.5,-1.0,exact_order_id,True,False,False,exact_fill_log_ids_gross_only
GAP,TradeStation_SIM,2026-07-30,pre_ledger_hardening,3e0ee12228c95677f11b,1c41c7fd55fef6649d1f,,,-1,1,,,27866.0,28126.5,-521.0,False,,,-528.0,7.0,exact_order_id,True,False,False,exact_fill_log_ids_gross_only
GAP,TradeStation_SIM,2026-08-04,pre_ledger_hardening,75af29d05b8f45ccbc4d,89d19bf40893dfb91235,,,-1,1,,,29226.5,29738.0,-1023.0,False,,,-1032.0,9.0,exact_order_id,True,False,False,exact_fill_log_ids_gross_only
GAP,TradeStation_SIM,2026-08-12,pre_ledger_hardening,97ed3c26eda7b7b47312,9ef2d6ac1b16c7512455,,,-1,1,,,29982.5,29904.5,156.0,False,,,155.5,0.5,exact_order_id,True,False,False,exact_fill_log_ids_gross_only
GAP,TradeStation_SIM,2026-08-06,pre_ledger_hardening,77d3948cd0e17e869d2f,bbfbfa10a0537fa576c0,,,1,1,,,29368.0,29667.75,599.5,False,,,646.0,-46.5,exact_order_id,True,False,False,exact_fill_log_ids_gross_only
GAP,TradeStation_SIM,2026-08-18,pre_ledger_hardening,10d83a4f570cfc704d33,b4d72a0fed9cab8e4ab4,,,1,1,,,29695.5,29655.75,-79.5,False,,,-81.0,1.5,exact_order_id,True,False,False,exact_fill_log_ids_gross_only
GAP,TradeStation_SIM,2026-08-20,pre_ledger_hardening,101adf6cca0a2558e373,56385fc78c3399d7e8d1,,,1,1,,,29357.75,29376.0,36.5,False,,,39.0,-2.5,exact_order_id,True,False,False,exact_fill_log_ids_gross_only
GAP,TradeStation_SIM,2026-08-24,ledger_hardened,f6d2a9f1fe4dbf007be6,c7167f4647774ca77f21,,,1,1,,,29231.75,29174.0,-115.5,False,,,-121.0,5.5,exact_order_id,True,False,False,exact_fill_log_ids_gross_only
GAP,TradeStation_SIM,2026-08-25,ledger_hardened,19ee3171e00c8e71b48a,b9de2a67480d737017c9,,,-1,1,,,29303.5,29267.0,73.0,False,,,82.0,-9.0,exact_order_id,True,False,False,exact_fill_log_ids_gross_only
GAP,TradeStation_SIM,2026-08-27,ledger_hardened,5fd7e7abb9e52cf279be,40974989dd7c68f97c6f,,,-1,1,,,29531.75,29650.0,-236.5,False,,,-235.0,-1.5,exact_order_id,True,False,False,exact_fill_log_ids_gross_only
GAP,TradeStation_SIM,2026-09-01,ledger_hardened,9f2734b77229af38d349,cb53b6106e62680bc934,,,1,1,,,29117.75,29195.25,155.0,False,,,147.0,8.0,exact_order_id,True,False,False,exact_fill_log_ids_gross_only
GAP,TradeStation_SIM,2026-09-10,ledger_hardened,7c60d77d1234bfe96c70,3ac26f8cf0ceec46aad0,,,1,1,,,29083.75,29228.5,289.5,False,,,318.0,-28.5,exact_order_id,True,False,False,exact_fill_log_ids_gross_only
