group_dimension,group_value,metric,total_marks,observed_values,mean,sample_std,candidate_threshold,candidate_return_calculated,q000,q010,q020,q030,q040,q050,q060,q070,q080,q090,q100
all,ALL,position_age_minutes,6673,6673,158.4410310205305,90.03980521767623,,False,29.0,29.0,59.0,89.0,119.0,149.0,179.0,209.0,239.0,299.0,329.0
all,ALL,current_net,6673,6673,42.63146111194366,206.59237843777117,,False,-635.12,-187.12,-103.62,-50.12,-6.719999999999909,28.88,70.88,115.88,176.68000000000018,270.7800000000001,3207.38
all,ALL,mfe,6673,6673,171.48374044657575,186.17033788203233,,False,0.0,22.0,44.5,67.0,95.0,126.0,162.5999999999999,197.5,266.0,358.0,3321.0
all,ALL,mae,6673,6673,133.41150906638694,119.34508787300808,,False,0.0,15.5,33.0,48.0,73.5,99.5,129.0,164.0,223.0,312.0,658.5
all,ALL,giveback,6673,6673,127.7322793346321,130.9134047354325,,False,0.0,14.5,29.0,44.0,62.5,87.0,116.09999999999991,152.5,208.0,296.9000000000001,1678.5
all,ALL,prior_mark_net_change,6673,5898,5.660902000678196,90.9770424298324,,False,-610.0,-91.0,-50.0,-25.5,-8.5,6.999999999999998,22.0,39.0,61.80000000000018,97.15000000000009,1736.5
final_outcome,LOSS,position_age_minutes,2665,2665,154.74108818011257,89.7451374519136,,False,29.0,29.0,59.0,89.0,119.0,149.0,179.0,209.0,239.0,299.0,329.0
final_outcome,LOSS,current_net,2665,2665,-85.27478424015008,150.124835943057,,False,-522.62,-278.91999999999996,-201.12,-149.62,-112.12,-80.12,-50.62,-17.820000000000046,19.88,81.17999999999995,742.38
final_outcome,LOSS,mfe,2665,2665,105.18330206378987,115.13514419599353,,False,0.0,11.400000000000034,24.900000000000034,40.0,52.5,67.5,87.0,122.5,167.60000000000014,242.89999999999986,863.5
final_outcome,LOSS,mae,2665,2665,191.95028142589118,126.93771477299464,,False,0.5,38.20000000000002,79.0,107.19999999999993,143.5,163.5,206.0,248.89999999999998,292.0,384.89999999999986,556.0
final_outcome,LOSS,giveback,2665,2665,189.33808630393997,140.19368156211604,,False,0.0,39.5,69.5,97.0,125.0,155.5,191.69999999999993,239.5,291.5,384.29999999999995,1111.5
final_outcome,LOSS,prior_mark_net_change,2665,2336,-17.04559075342466,87.30311564866109,,False,-610.0,-117.75,-74.5,-46.5,-27.499999999999993,-12.0,2.5,22.0,42.0,74.0,387.5
final_outcome,WIN,position_age_minutes,4008,4008,160.9011976047904,90.16236480657949,,False,29.0,29.0,59.0,89.0,119.0,149.0,179.0,209.0,239.0,299.0,329.0
final_outcome,WIN,current_net,4008,4008,127.6789021956088,194.85158898701232,,False,-635.12,-49.12,0.3799999999999999,33.88,68.88,100.13,136.88,181.88,237.18000000000018,334.1800000000002,3207.38
final_outcome,WIN,mfe,4008,4008,215.5682385229541,209.8338791097664,,False,1.5,42.0,78.0,109.5,137.4000000000001,170.5,201.5,254.5,319.0,418.5,3321.0
final_outcome,WIN,mae,4008,4008,94.4878992015968,95.9638996873419,,False,0.0,10.0,22.0,34.0,45.0,64.25,87.0,111.5,151.30000000000018,214.5,658.5
final_outcome,WIN,giveback,4008,4008,86.76933632734531,106.14770623130237,,False,0.0,10.0,19.5,29.5,41.0,54.5,73.0,97.0,134.0,199.6500000000001,1678.5
final_outcome,WIN,prior_mark_net_change,4008,3562,20.552077484559238,90.2696031938599,,False,-598.0000000000001,-69.0,-31.999999999999993,-11.0,4.0,17.5,31.5,48.84999999999991,72.90000000000009,108.0,1736.5
direction,-1,position_age_minutes,3233,3233,158.5855242808537,90.17763788516051,,False,29.0,29.0,59.0,89.0,119.0,149.0,179.0,209.0,239.0,299.0,329.0
direction,-1,current_net,3233,3233,43.242820909372114,221.30518373387812,,False,-522.62,-203.12,-124.12,-72.62,-28.71999999999991,13.379999999999999,64.9799999999999,120.07999999999981,202.38,324.58000000000027,1503.88
direction,-1,mfe,3233,3233,202.2304361274358,208.93974103850306,,False,0.0,26.5,46.700000000000045,68.0,107.5,146.0,181.0,253.19999999999982,315.0,455.60000000000036,2011.5
direction,-1,mae,3233,3233,143.35740798020416,116.94539795586907,,False,0.0,19.0,37.5,58.5,90.5,115.0,148.0999999999999,178.0,239.30000000000018,312.0,545.0
direction,-1,giveback,3233,3233,157.86761521806372,145.5077640099104,,False,0.0,25.0,45.0,70.0,93.5,119.5,151.0,191.5,247.80000000000018,334.9000000000001,1678.5
direction,-1,prior_mark_net_change,3233,2857,5.042002100105005,96.95526553683364,,False,-598.0000000000001,-103.69999999999999,-61.5,-35.0,-15.0,3.5,24.0,45.0,70.5,116.0,534.5000000000001
direction,1,position_age_minutes,3440,3440,158.30523255813952,89.92297357433583,,False,29.0,29.0,59.0,89.0,119.0,149.0,179.0,209.0,239.0,299.0,329.0
direction,1,current_net,3440,3440,42.05688953488372,191.76941634949176,,False,-635.12,-168.67,-80.12,-26.26999999999998,10.379999999999999,40.38,74.38,113.38,161.48000000000013,235.88,3207.38
direction,1,mfe,3440,3440,142.5872093023256,156.4946665056832,,False,0.0,21.0,43.900000000000034,66.0,89.0,115.0,142.0,175.5,215.5,297.04999999999995,3321.0
direction,1,mae,3440,3440,124.0640988372093,120.83000624389537,,False,0.0,11.0,26.0,40.5,64.0,83.5,111.5,152.0,209.0,302.0,658.5
direction,1,giveback,3440,3440,99.41031976744186,108.14727108434887,,False,0.0,11.0,20.900000000000034,31.5,44.0,59.0,81.5,114.64999999999986,158.5,253.54999999999995,768.0
direction,1,prior_mark_net_change,3440,3041,6.242354488655048,84.99027495593916,,False,-610.0,-76.0,-39.0,-18.0,-4.5,8.5,21.0,35.0,54.0,81.0,1736.5
final_exit_reason,CAT_STOP,position_age_minutes,359,359,119.0,75.47614222184873,,False,29.0,29.0,59.0,59.0,89.0,119.0,119.0,149.0,179.0,239.0,329.0
final_exit_reason,CAT_STOP,current_net,359,359,-155.4083008356546,200.90712167249046,,False,-522.62,-406.12,-346.31999999999994,-280.42,-235.42,-180.62,-117.32000000000002,-35.52,15.780000000000033,91.67999999999995,693.88
final_exit_reason,CAT_STOP,mfe,359,359,150.0891364902507,160.34201528262867,,False,1.0,21.5,39.40000000000001,50.5,62.0,114.0,151.09999999999997,181.89999999999998,205.5,325.5,863.5
final_exit_reason,CAT_STOP,mae,359,359,262.9192200557103,153.42099542194836,,False,14.0,48.400000000000006,102.5,147.6,202.8,268.0,319.5,378.0,433.40000000000003,464.5,556.0
final_exit_reason,CAT_STOP,giveback,359,359,304.3774373259053,187.52418173482,,False,1.0,61.400000000000006,118.30000000000001,179.89999999999998,240.30000000000007,296.0,349.4,412.5,468.8000000000002,525.1,1111.5
final_exit_reason,CAT_STOP,prior_mark_net_change,359,292,-64.8082191780822,122.55478135891384,,False,-461.5,-205.75,-156.5,-113.7,-88.0,-64.0,-30.30000000000001,-5.0,30.00000000000003,81.25000000000009,286.0
final_exit_reason,EOD_CLOSE_PROXY,position_age_minutes,6274,6274,160.9301880777813,90.32605216329712,,False,29.0,29.0,59.0,89.0,119.0,149.0,179.0,209.0,239.0,299.0,329.0
final_exit_reason,EOD_CLOSE_PROXY,current_net,6274,6274,55.43371373924131,200.5560647762092,,False,-635.12,-160.12,-87.81999999999994,-36.62,2.38,37.88,78.38,123.38,184.88,277.2299999999999,3207.38
final_exit_reason,EOD_CLOSE_PROXY,mfe,6274,6274,173.34340133885877,187.8386569745741,,False,0.0,22.5,45.5,68.5,98.0,127.5,164.5,200.5,268.5,362.6999999999998,3321.0
final_exit_reason,EOD_CLOSE_PROXY,mae,6274,6274,125.44166401020082,112.36056924458543,,False,0.0,14.0,31.0,45.0,68.60000000000014,95.5,121.5,156.5,207.0,286.0,658.5
final_exit_reason,EOD_CLOSE_PROXY,giveback,6274,6274,116.78968759961747,118.50951833923669,,False,0.0,14.0,27.0,41.5,59.0,81.5,108.0,141.04999999999973,189.5,268.8499999999999,1678.5
final_exit_reason,EOD_CLOSE_PROXY,prior_mark_net_change,6274,5573,9.781805131885879,87.37011812048625,,False,-610.0,-82.0,-44.0,-22.0,-6.0,9.0,23.5,40.49999999999999,62.50000000000001,98.40000000000009,1736.5
final_exit_reason,REVERSAL,position_age_minutes,40,40,122.0,75.28407738487806,,False,29.0,29.0,59.0,59.0,89.0,119.0,130.99999999999994,149.0,185.00000000000009,239.0,299.0
final_exit_reason,REVERSAL,current_net,40,40,-187.99499999999998,139.64821874982866,,False,-428.62,-378.82,-317.62,-275.62,-235.32,-207.62,-112.32000000000002,-80.47,-54.619999999999976,-27.61999999999998,80.88
final_exit_reason,REVERSAL,mfe,40,40,71.8125,57.185672347143665,,False,9.0,9.0,9.0,45.0,51.90000000000002,56.5,70.29999999999995,91.0,112.9000000000002,168.5,168.5
final_exit_reason,REVERSAL,mae,40,40,221.15,132.11340311282305,,False,13.5,74.10000000000001,86.5,106.55,161.20000000000002,224.0,277.7,294.65,335.5,423.0,449.5
final_exit_reason,REVERSAL,giveback,40,40,258.6875,161.50064251281256,,False,13.5,59.15,108.80000000000001,138.8,210.2,242.75,284.0,318.9,413.70000000000016,479.70000000000005,588.5
final_exit_reason,REVERSAL,prior_mark_net_change,40,33,-66.72727272727273,76.24406646064037,,False,-363.5,-126.5,-104.8,-95.2,-73.29999999999998,-51.0,-43.7,-23.700000000000006,-17.299999999999994,3.3000000000000025,46.5
top_5pct_trade,False,position_age_minutes,6304,6304,158.13705583756345,89.95257232524803,,False,29.0,29.0,59.0,89.0,119.0,149.0,179.0,209.0,239.0,299.0,329.0
top_5pct_trade,False,current_net,6304,6304,24.458045685279192,174.75087392097686,,False,-522.62,-190.62,-109.12,-55.12,-13.120000000000001,21.13,60.279999999999866,102.38,157.38,238.38,1503.88
top_5pct_trade,False,mfe,6304,6304,154.27712563451777,150.13261225706853,,False,0.0,21.5,42.5,64.44999999999993,90.0,119.0,152.5,186.0,243.5,325.3499999999999,2011.5
top_5pct_trade,False,mae,6304,6304,133.2005076142132,116.89333653934511,,False,0.0,16.0,33.5,52.0,75.5,100.0,129.5,165.0,223.0,307.0,556.0
top_5pct_trade,False,giveback,6304,6304,128.69907994923858,131.47113581219025,,False,0.0,14.650000000000034,29.0,44.5,63.5,88.0,117.0,153.5,209.70000000000027,299.0,1678.5
top_5pct_trade,False,prior_mark_net_change,6304,5569,2.2485185850242413,82.71608060752216,,False,-610.0,-90.5,-50.5,-26.499999999999996,-9.5,5.0,20.5,36.0,56.20000000000027,89.5,534.5000000000001
top_5pct_trade,True,position_age_minutes,369,369,163.6341463414634,91.48496564766592,,False,29.0,29.0,59.0,89.0,119.0,149.0,179.0,209.0,269.0,299.0,329.0
top_5pct_trade,True,current_net,369,369,353.1062872628726,385.300081934359,,False,-635.12,6.580000000000006,131.08,193.57999999999998,259.48,334.88,382.28,459.37999999999977,554.98,652.78,3207.38
top_5pct_trade,True,mfe,369,369,465.44173441734415,388.0936318882352,,False,14.5,116.5,225.60000000000008,269.5,342.6,406.5,480.5,547.5,642.5,789.5,3321.0
top_5pct_trade,True,mae,369,369,137.01626016260164,155.52652421657424,,False,5.5,12.0,18.5,34.5,41.5,59.5,115.0,163.0,241.5,392.5,658.5
top_5pct_trade,True,giveback,369,369,111.21544715447155,119.95358162402931,,False,0.5,13.400000000000002,23.300000000000004,35.5,50.5,75.5,101.19999999999997,130.79999999999998,173.90000000000003,243.6,768.0
top_5pct_trade,True,prior_mark_net_change,369,329,63.422492401215806,170.6329659407004,,False,-532.5,-98.8,-41.79999999999996,2.8999999999999915,30.0,63.5,84.39999999999999,109.39999999999999,142.4000000000002,212.39999999999998,1736.5
