signal_ts,direction,entry,sl,tp,gap,fvg_top,fvg_bot,contracts,ml_proba,filled,session,switches_prev_1h,switches_prev_24h,sessions_since_interleaved,class
2025-05-22T12:00:00+00:00,SHORT,21121.0,21166.5,20939.0,22.75,21132.25,21109.5,5,0.5144983835230842,True,2025-05-22,0,0,48,clean
2025-05-27T00:24:00+00:00,SHORT,21217.25,21237.25,21137.25,10.0,21222.25,21212.25,5,0.5138484325471028,True,2025-05-27,0,0,51,clean
2025-05-28T18:53:00+00:00,SHORT,21463.0,21511.5,21269.0,24.25,21475.0,21450.75,5,0.5582918241338115,True,2025-05-28,0,0,52,clean
2025-05-28T19:52:00+00:00,SHORT,21408.0,21440.5,21278.0,16.25,21416.25,21400.0,5,0.4859114863782556,True,2025-05-28,0,0,52,clean
2025-06-16T22:49:00+00:00,SHORT,22085.75,22113.75,21973.75,14.0,22092.75,22078.75,5,0.4956356613063747,True,2025-06-17,0,0,2,within_5_sessions_after
2025-06-18T18:04:00+00:00,SHORT,22030.5,22068.5,21878.5,19.0,22040.0,22021.0,5,0.5050504101333793,True,2025-06-18,0,0,3,within_5_sessions_after
2025-06-20T15:02:00+00:00,SHORT,21805.5,21846.5,21641.5,20.5,21815.75,21795.25,1,0.5030344911368605,True,2025-06-20,0,0,5,within_5_sessions_after
2025-06-25T15:34:00+00:00,SHORT,22447.75,22463.75,22383.75,8.0,22451.75,22443.75,1,0.4238924301087169,True,2025-06-25,0,0,8,clean
2025-06-25T17:42:00+00:00,SHORT,22417.0,22451.5,22279.0,17.25,22425.5,22408.25,1,0.5242759301134161,True,2025-06-25,0,0,8,clean
2025-06-27T13:30:00+00:00,SHORT,22714.5,22731.0,22648.5,8.25,22718.5,22710.25,1,0.4692167344117219,True,2025-06-27,0,0,10,clean
2025-06-27T14:53:00+00:00,SHORT,22778.5,22808.5,22658.5,15.0,22786.0,22771.0,1,0.4897113577233041,True,2025-06-27,0,0,10,clean
2025-06-27T17:46:00+00:00,SHORT,22761.75,22801.75,22601.75,20.0,22771.75,22751.75,1,0.5006088000536945,True,2025-06-27,0,0,10,clean
2025-06-30T13:34:00+00:00,SHORT,22841.0,22867.0,22737.0,13.0,22847.5,22834.5,1,0.5526252204788443,True,2025-06-30,0,0,11,clean
2025-06-30T20:01:00+00:00,SHORT,22905.0,22933.5,22791.0,14.25,22912.0,22897.75,1,0.4792371394591941,True,2025-06-30,0,0,11,clean
2025-07-07T13:35:00+00:00,SHORT,22935.0,22963.5,22821.0,14.25,22942.25,22928.0,1,0.5446861800485217,True,2025-07-07,0,0,16,clean
2025-07-10T14:22:00+00:00,SHORT,22952.0,22978.5,22846.0,13.25,22958.5,22945.25,1,0.521181355784053,True,2025-07-10,0,0,19,clean
2025-07-11T00:24:00+00:00,SHORT,22935.5,22963.0,22825.5,13.75,22942.5,22928.75,1,0.5667853097495663,True,2025-07-11,0,0,20,clean
2025-07-16T15:21:00+00:00,SHORT,22957.5,23007.5,22757.5,25.0,22970.0,22945.0,1,0.5246570036741817,True,2025-07-16,0,0,23,clean
2025-07-24T14:11:00+00:00,SHORT,23346.25,23375.25,23230.25,14.5,23353.5,23339.0,1,0.5315798781922602,True,2025-07-24,0,0,29,clean
2025-07-30T19:01:00+00:00,SHORT,23422.75,23464.75,23254.75,21.0,23433.25,23412.25,1,0.5468569881366747,True,2025-07-30,0,0,33,clean
2025-07-30T19:24:00+00:00,SHORT,23411.5,23443.0,23285.5,15.75,23419.25,23403.5,1,0.5302751018304694,True,2025-07-30,0,0,33,clean
2025-08-07T13:44:00+00:00,SHORT,23623.25,23666.25,23451.25,21.5,23634.0,23612.5,1,0.4848417796787305,True,2025-08-07,0,0,39,clean
2025-08-07T14:26:00+00:00,SHORT,23579.5,23603.5,23483.5,12.0,23585.5,23573.5,1,0.493370810341683,True,2025-08-07,0,0,39,clean
2025-08-20T13:46:00+00:00,SHORT,23332.5,23366.0,23198.5,16.75,23341.0,23324.25,1,0.5452553067109127,False,2025-08-20,0,0,48,clean
2025-08-25T19:59:00+00:00,SHORT,23521.5,23551.5,23401.5,15.0,23529.0,23514.0,1,0.494801623881944,False,2025-08-25,0,0,51,clean
2025-09-19T20:01:00+00:00,SHORT,24870.0,24891.5,24784.0,10.75,24875.5,24864.75,1,0.4298321794100643,True,2025-09-19,0,0,5,within_5_sessions_after
2025-09-24T13:34:00+00:00,SHORT,24857.5,24876.0,24783.5,9.25,24862.0,24852.75,1,0.5824890570789739,False,2025-09-24,0,0,8,clean
2025-10-02T14:48:00+00:00,SHORT,25047.0,25066.0,24971.0,9.5,25051.75,25042.25,1,0.5263227868266432,True,2025-10-02,0,0,14,clean
2025-10-03T13:43:00+00:00,SHORT,25142.5,25187.0,24964.5,22.25,25153.75,25131.5,1,0.5261001516332633,True,2025-10-03,0,0,15,clean
2025-10-03T17:02:00+00:00,SHORT,25107.0,25151.0,24931.0,22.0,25118.0,25096.0,1,0.5014668658168484,False,2025-10-03,0,0,15,clean
2025-10-16T16:32:00+00:00,SHORT,24852.5,24908.0,24630.5,27.75,24866.5,24838.75,1,0.533045906732055,True,2025-10-16,0,0,24,clean
2025-10-16T18:14:00+00:00,SHORT,24729.0,24788.5,24491.0,29.75,24744.0,24714.25,1,0.5878396400125677,True,2025-10-16,0,0,24,clean
2025-11-06T14:42:00+00:00,SHORT,25633.0,25674.5,25467.0,20.75,25643.5,25622.75,1,0.540740495447035,True,2025-11-06,0,0,39,clean
2025-11-06T15:14:00+00:00,SHORT,25461.5,25503.0,25295.5,20.75,25471.75,25451.0,1,0.5310331531890906,True,2025-11-06,0,0,39,clean
2025-11-06T15:34:00+00:00,SHORT,25478.5,25526.5,25286.5,24.0,25490.5,25466.5,1,0.5598800173334741,False,2025-11-06,0,0,39,clean
2025-11-12T15:14:00+00:00,SHORT,25633.5,25668.0,25495.5,17.25,25642.25,25625.0,1,0.5574648978390015,True,2025-11-12,0,0,43,clean
2025-11-12T23:06:00+00:00,SHORT,25565.5,25613.0,25375.5,23.75,25577.25,25553.5,1,0.5018146008101702,True,2025-11-13,0,0,44,clean
2025-11-17T15:05:00+00:00,SHORT,25156.25,25208.25,24948.25,26.0,25169.25,25143.25,1,0.5808375634612761,True,2025-11-17,0,0,46,clean
2025-11-20T16:31:00+00:00,SHORT,24937.0,24992.0,24717.0,27.5,24950.75,24923.25,1,0.545501970211436,False,2025-11-20,0,0,49,clean
2025-11-27T14:38:00+00:00,SHORT,25305.5,25320.0,25247.5,7.25,25309.25,25302.0,1,0.4651393076691736,True,2025-11-27,0,0,54,clean
2025-12-17T15:27:00+00:00,SHORT,25306.0,25345.5,25148.0,19.75,25315.75,25296.0,1,0.5588567713448274,True,2025-12-17,0,0,3,within_5_sessions_after
2025-12-19T14:27:00+00:00,SHORT,25362.5,25397.0,25224.5,17.25,25371.25,25354.0,5,0.4783085273711444,True,2025-12-19,0,0,5,within_5_sessions_after
2025-12-24T15:24:00+00:00,SHORT,25824.5,25840.0,25762.5,7.75,25828.25,25820.5,5,0.4724280636739594,True,2025-12-24,0,0,8,clean
2026-01-02T14:22:00+00:00,SHORT,25895.0,25921.5,25789.0,13.25,25901.5,25888.25,5,0.4671165818450371,True,2026-01-02,0,0,13,back_month_2026
2026-01-02T14:41:00+00:00,SHORT,25889.0,25944.5,25667.0,27.75,25902.75,25875.0,5,0.4833116128284934,True,2026-01-02,0,0,13,back_month_2026
2026-01-07T10:35:00+00:00,SHORT,25964.5,25990.0,25862.5,12.75,25970.75,25958.0,5,0.4777790781889872,True,2026-01-07,0,0,16,back_month_2026
2026-01-07T20:15:00+00:00,SHORT,26110.0,26150.0,25950.0,20.0,26120.0,26100.0,5,0.4659783453495122,True,2026-01-07,0,0,16,back_month_2026
2026-01-08T05:34:00+00:00,SHORT,25980.0,26005.5,25878.0,12.75,25986.25,25973.5,5,0.504728374508547,True,2026-01-08,0,0,17,back_month_2026
2026-01-08T07:27:00+00:00,SHORT,26003.0,26044.0,25839.0,20.5,26013.25,25992.75,5,0.5157280115004259,True,2026-01-08,0,0,17,back_month_2026
2026-01-08T13:33:00+00:00,SHORT,26030.0,26074.0,25854.0,22.0,26041.0,26019.0,5,0.4680131381751644,False,2026-01-08,0,0,17,back_month_2026
2026-01-09T06:20:00+00:00,SHORT,25910.75,25947.75,25762.75,18.5,25920.0,25901.5,5,0.4568636158866588,True,2026-01-09,0,0,18,back_month_2026
2026-01-09T15:08:00+00:00,SHORT,25909.0,25946.5,25759.0,18.75,25918.25,25899.5,5,0.5472586200313561,True,2026-01-09,0,0,18,back_month_2026
2026-01-14T10:23:00+00:00,SHORT,26027.0,26064.5,25877.0,18.75,26036.25,26017.5,5,0.5025429335212581,True,2026-01-14,0,0,21,back_month_2026
2026-01-14T14:53:00+00:00,SHORT,25861.0,25888.5,25751.0,13.75,25868.0,25854.25,5,0.549297325438289,True,2026-01-14,0,0,21,back_month_2026
2026-01-14T15:01:00+00:00,SHORT,25818.5,25852.5,25682.5,17.0,25827.0,25810.0,1,0.594462453837496,True,2026-01-14,0,0,21,back_month_2026
2026-01-15T19:32:00+00:00,SHORT,26015.0,26075.0,25775.0,30.0,26030.0,26000.0,1,0.5253078093989355,True,2026-01-15,0,0,22,back_month_2026
2026-01-16T12:56:00+00:00,SHORT,26057.0,26086.0,25941.0,14.5,26064.25,26049.75,1,0.449056291227125,True,2026-01-16,0,0,23,back_month_2026
2026-01-16T15:01:00+00:00,SHORT,25970.0,25990.0,25890.0,10.0,25975.0,25965.0,1,0.5157192870074755,True,2026-01-16,0,0,23,back_month_2026
2026-01-16T15:11:00+00:00,SHORT,25979.0,26007.0,25867.0,14.0,25986.0,25972.0,1,0.5014973218464033,True,2026-01-16,0,0,23,back_month_2026
2026-01-16T15:37:00+00:00,SHORT,25876.0,25895.5,25798.0,9.75,25880.75,25871.0,1,0.5156785327212673,True,2026-01-16,0,0,23,back_month_2026
2026-01-16T16:04:00+00:00,SHORT,25906.5,25936.0,25788.5,14.75,25914.0,25899.25,1,0.5304668163695117,True,2026-01-16,0,0,23,back_month_2026
2026-01-16T16:35:00+00:00,SHORT,25958.25,25990.25,25830.25,16.0,25966.25,25950.25,1,0.5073023715462539,True,2026-01-16,0,0,23,back_month_2026
2026-01-16T20:31:00+00:00,SHORT,25944.5,25970.0,25842.5,12.75,25951.0,25938.25,1,0.5123477555908672,True,2026-01-16,0,0,23,back_month_2026
2026-01-18T23:44:00+00:00,SHORT,25668.0,25701.0,25536.0,16.5,25676.25,25659.75,1,0.4727360144378984,True,2026-01-19,0,0,24,back_month_2026
2026-01-20T00:30:00+00:00,SHORT,25565.5,25607.5,25397.5,21.0,25576.0,25555.0,1,0.4804525237091586,True,2026-01-20,0,0,25,back_month_2026
2026-01-20T04:59:00+00:00,SHORT,25606.5,25648.5,25438.5,21.0,25617.0,25596.0,1,0.4953057522669271,True,2026-01-20,0,0,25,back_month_2026
2026-01-21T09:25:00+00:00,SHORT,25423.0,25475.0,25215.0,26.0,25436.0,25410.0,1,0.474299299021831,True,2026-01-21,0,0,26,back_month_2026
2026-01-22T14:57:00+00:00,SHORT,25834.5,25892.5,25602.5,29.0,25849.0,25820.0,1,0.5555714802121214,True,2026-01-22,0,0,27,back_month_2026
2026-01-22T20:27:00+00:00,SHORT,25870.5,25928.5,25638.5,29.0,25885.0,25856.0,1,0.5329158790214686,True,2026-01-22,0,0,27,back_month_2026
2026-01-23T08:21:00+00:00,SHORT,25893.75,25946.75,25681.75,26.5,25907.0,25880.5,1,0.5581239699006793,True,2026-01-23,0,0,28,back_month_2026
2026-01-23T17:53:00+00:00,SHORT,25946.5,26000.0,25732.5,26.75,25959.75,25933.0,1,0.4697356312329733,True,2026-01-23,0,0,28,back_month_2026
2026-01-23T19:40:00+00:00,SHORT,25967.0,26001.5,25829.0,17.25,25975.5,25958.25,1,0.4464115200867155,True,2026-01-23,0,0,28,back_month_2026
2026-01-26T04:34:00+00:00,SHORT,25868.5,25914.5,25684.5,23.0,25880.0,25857.0,1,0.4803014271875819,True,2026-01-26,0,0,29,back_month_2026
2026-01-28T06:46:00+00:00,SHORT,26553.0,26604.5,26347.0,25.75,26566.0,26540.25,1,0.4761329125168482,True,2026-01-28,0,0,31,back_month_2026
2026-01-28T16:23:00+00:00,SHORT,26400.5,26438.5,26248.5,19.0,26410.0,26391.0,1,0.5386051901249002,True,2026-01-28,0,0,31,back_month_2026
2026-01-28T18:03:00+00:00,SHORT,26372.0,26417.0,26192.0,22.5,26383.25,26360.75,1,0.5580055160821464,True,2026-01-28,0,0,31,back_month_2026
2026-01-28T19:58:00+00:00,SHORT,26417.75,26455.75,26265.75,19.0,26427.25,26408.25,1,0.5391851732996051,True,2026-01-28,0,0,31,back_month_2026
2026-01-28T21:33:00+00:00,SHORT,26492.5,26522.5,26372.5,15.0,26500.0,26485.0,1,0.507908487568002,True,2026-01-28,0,0,31,back_month_2026
2026-01-29T01:19:00+00:00,SHORT,26373.5,26428.0,26155.5,27.25,26387.25,26360.0,1,0.5217748366873634,True,2026-01-29,0,0,32,back_month_2026
2026-01-29T14:04:00+00:00,SHORT,26413.0,26460.5,26223.0,23.75,26425.0,26401.25,1,0.5140704374558499,False,2026-01-29,0,0,32,back_month_2026
2026-02-04T10:40:00+00:00,SHORT,25678.25,25725.25,25490.25,23.5,25690.0,25666.5,1,0.47776535616997,True,2026-02-04,0,0,36,back_month_2026
2026-02-10T02:38:00+00:00,SHORT,25521.5,25567.5,25337.5,23.0,25533.0,25510.0,1,0.4964340328185762,True,2026-02-10,0,0,40,back_month_2026
2026-02-11T06:17:00+00:00,SHORT,25518.0,25577.0,25282.0,29.5,25532.75,25503.25,1,0.507679959005648,True,2026-02-11,0,0,41,back_month_2026
2026-02-11T15:51:00+00:00,SHORT,25376.0,25411.5,25234.0,17.75,25385.0,25367.25,1,0.4856685928739898,True,2026-02-11,0,0,41,back_month_2026
2026-02-11T16:27:00+00:00,SHORT,25478.25,25525.25,25290.25,23.5,25490.0,25466.5,1,0.469588963314787,True,2026-02-11,0,0,41,back_month_2026
2026-02-11T18:43:00+00:00,SHORT,25492.5,25540.0,25302.5,23.75,25504.25,25480.5,1,0.5266702884838724,True,2026-02-11,0,0,41,back_month_2026
2026-02-12T14:46:00+00:00,SHORT,25548.5,25594.0,25366.5,22.75,25560.0,25537.25,1,0.6245807731397689,False,2026-02-12,0,0,42,back_month_2026
2026-02-16T14:02:00+00:00,SHORT,25063.0,25088.5,24961.0,12.75,25069.5,25056.75,1,0.4978793355412533,False,2026-02-16,0,0,44,back_month_2026
2026-02-18T12:28:00+00:00,SHORT,25139.0,25176.0,24991.0,18.5,25148.25,25129.75,1,0.4616905847315496,True,2026-02-18,0,0,46,back_month_2026
2026-02-18T16:10:00+00:00,SHORT,25319.25,25362.25,25147.25,21.5,25330.0,25308.5,1,0.4692385915587094,True,2026-02-18,0,0,46,back_month_2026
2026-02-18T17:36:00+00:00,SHORT,25309.75,25346.75,25161.75,18.5,25319.0,25300.5,1,0.4512035580148464,True,2026-02-18,0,0,46,back_month_2026
2026-02-18T21:01:00+00:00,SHORT,25192.25,25243.25,24988.25,25.5,25205.0,25179.5,1,0.5418253839791655,True,2026-02-18,0,0,46,back_month_2026
2026-02-19T09:38:00+00:00,SHORT,25141.5,25195.0,24927.5,26.75,25155.0,25128.25,5,0.476414622106965,True,2026-02-19,0,0,47,back_month_2026
2026-02-19T16:29:00+00:00,SHORT,25129.0,25180.5,24923.0,25.75,25142.0,25116.25,5,0.490996953160265,True,2026-02-19,0,0,47,back_month_2026
2026-02-19T17:59:00+00:00,SHORT,25006.5,25063.0,24780.5,28.25,25020.5,24992.25,5,0.5336273341110206,True,2026-02-19,0,0,47,back_month_2026
2026-02-20T11:51:00+00:00,SHORT,25064.25,25115.25,24860.25,25.5,25077.0,25051.5,5,0.4674405840798889,True,2026-02-20,0,0,48,back_month_2026
2026-02-20T16:17:00+00:00,SHORT,25283.75,25341.75,25051.75,29.0,25298.25,25269.25,5,0.4898699789156642,True,2026-02-20,0,0,48,back_month_2026
2026-02-20T17:37:00+00:00,SHORT,25155.0,25214.0,24919.0,29.5,25169.75,25140.25,5,0.4850880375010235,True,2026-02-20,0,0,48,back_month_2026
2026-02-23T14:41:00+00:00,SHORT,25212.0,25257.5,25030.0,22.75,25223.25,25200.5,5,0.5587897213766575,False,2026-02-23,0,0,49,back_month_2026
2026-02-26T14:30:00+00:00,SHORT,25584.5,25608.0,25490.5,11.75,25590.5,25578.75,5,0.4820108788936705,False,2026-02-26,0,0,52,back_month_2026
2026-02-26T20:00:00+00:00,SHORT,25299.0,25343.5,25121.0,22.25,25310.25,25288.0,5,0.527243031680197,True,2026-02-26,0,0,52,back_month_2026
2026-02-27T17:43:00+00:00,SHORT,25169.0,25205.5,25023.0,18.25,25178.25,25160.0,5,0.4940873282702236,True,2026-02-27,0,0,53,back_month_2026
2026-02-27T19:10:00+00:00,SHORT,25145.0,25188.5,24971.0,21.75,25156.0,25134.25,5,0.4952860458327934,True,2026-02-27,0,0,53,back_month_2026
