timestamp,funding_rate
2024-11-01T00:00:00+00:00,0.00010005013507866054
2024-11-01T08:00:00+00:00,0.0001380247141253202
2024-11-01T16:00:00+00:00,0.00012733079665003448
2024-11-02T00:00:00+00:00,0.0001317604489384527
2024-11-02T08:00:00+00:00,-1.9419078446849096e-05
2024-11-02T16:00:00+00:00,-4.5925840581021474e-05
2024-11-03T00:00:00+00:00,0.0001524533735283236
2024-11-03T08:00:00+00:00,8.744415551338467e-05
2024-11-03T16:00:00+00:00,0.00014451287734441333
2024-11-04T00:00:00+00:00,0.00018427698542346725
2024-11-04T08:00:00+00:00,1.716291631608606e-05
2024-11-04T16:00:00+00:00,-2.6818239819303136e-06
2024-11-05T00:00:00+00:00,2.5546876632273475e-05
2024-11-05T08:00:00+00:00,-2.000483390221893e-05
2024-11-05T16:00:00+00:00,-0.00024311234656167833
2024-11-06T00:00:00+00:00,0.0003174617977632231
2024-11-06T08:00:00+00:00,0.00030831562363856714
2024-11-06T16:00:00+00:00,0.00030835327589879543
2024-11-07T00:00:00+00:00,0.0005955354917362662
2024-11-07T08:00:00+00:00,0.0005063554123321626
2024-11-07T16:00:00+00:00,-7.474768450659979e-05
2024-11-08T00:00:00+00:00,0.0002538314358470893
2024-11-08T08:00:00+00:00,0.0003431492550308834
2024-11-08T16:00:00+00:00,3.2811449325202406e-05
2024-11-09T00:00:00+00:00,0.00021244378003139
2024-11-09T08:00:00+00:00,0.00022752782754981008
2024-11-09T16:00:00+00:00,0.0003255975291261958
2024-11-10T00:00:00+00:00,0.0008614743982266865
2024-11-10T08:00:00+00:00,0.0008024090147671992
2024-11-10T16:00:00+00:00,0.0008097070046482018
2024-11-11T00:00:00+00:00,0.0004237257869713476
2024-11-11T08:00:00+00:00,0.00033516414175283467
2024-11-11T16:00:00+00:00,0.0007140839227929751
2024-11-12T00:00:00+00:00,0.0014224650114733498
2024-11-12T08:00:00+00:00,0.0021411379693637234
2024-11-12T16:00:00+00:00,0.0002943439701670212
2024-11-13T00:00:00+00:00,0.00029460679702399383
2024-11-13T08:00:00+00:00,0.0003775936095114619
2024-11-13T16:00:00+00:00,0.00042760248093197287
2024-11-14T00:00:00+00:00,0.0007557591368719397
2024-11-14T08:00:00+00:00,0.0006322181734029393
2024-11-14T16:00:00+00:00,0.0003562842955679559
2024-11-15T00:00:00+00:00,0.00040227569855246154
2024-11-15T08:00:00+00:00,0.0006074091667401618
2024-11-15T16:00:00+00:00,0.0004493261360035108
2024-11-16T00:00:00+00:00,0.0005293517531659134
2024-11-16T08:00:00+00:00,0.0006373929883406005
2024-11-16T16:00:00+00:00,0.0005758928768393445
2024-11-17T00:00:00+00:00,0.0006520407964193777
2024-11-17T08:00:00+00:00,0.0009074231723861642
2024-11-17T16:00:00+00:00,0.0007680791692318659
2024-11-18T00:00:00+00:00,0.0009370491877056189
2024-11-18T08:00:00+00:00,0.0009251287521055661
2024-11-18T16:00:00+00:00,0.0006383843394318871
2024-11-19T00:00:00+00:00,0.0007919780781260246
2024-11-19T08:00:00+00:00,0.0007618804783503808
2024-11-19T16:00:00+00:00,0.0003206711916426869
2024-11-20T00:00:00+00:00,0.00026849889272236233
2024-11-20T08:00:00+00:00,0.0004508933630461027
2024-11-20T16:00:00+00:00,4.021893843384348e-05
2024-11-21T00:00:00+00:00,0.00039714271516725366
2024-11-21T08:00:00+00:00,0.0004769285332551545
2024-11-21T16:00:00+00:00,0.0005003590251203987
2024-11-22T00:00:00+00:00,0.0008083841787952369
2024-11-22T08:00:00+00:00,0.0009296477645393365
2024-11-22T16:00:00+00:00,0.0002303541667186625
2024-11-23T00:00:00+00:00,0.00045854077172016993
2024-11-23T08:00:00+00:00,0.0005453102041895256
2024-11-23T16:00:00+00:00,0.0005574552833712437
2024-11-24T00:00:00+00:00,0.000674616156160495
2024-11-24T08:00:00+00:00,0.0008079014216376242
2024-11-24T16:00:00+00:00,0.000936105426935845
2024-11-25T00:00:00+00:00,0.0006699324820162706
2024-11-25T08:00:00+00:00,0.001056822608055785
2024-11-25T16:00:00+00:00,0.0006381461204691192
2024-11-26T00:00:00+00:00,0.0006185721713734939
2024-11-26T08:00:00+00:00,0.0006646900369331751
2024-11-26T16:00:00+00:00,0.0007675450257959783
2024-11-27T00:00:00+00:00,0.0007966348377025246
2024-11-27T08:00:00+00:00,0.0005076235855600311
2024-11-27T16:00:00+00:00,0.00023421405608829122
2024-11-28T00:00:00+00:00,0.00039435777108371464
2024-11-28T08:00:00+00:00,0.0004735361232331791
2024-11-28T16:00:00+00:00,0.0006098626146223262
2024-11-29T00:00:00+00:00,0.0006165805390435937
2024-11-29T08:00:00+00:00,0.000565856094117049
2024-11-29T16:00:00+00:00,0.00013882372677532031
2024-11-30T00:00:00+00:00,0.00046678589048381684
2024-11-30T08:00:00+00:00,0.00035063795706633525
2024-11-30T16:00:00+00:00,0.00044784687068008126
2024-12-01T00:00:00+00:00,0.00043354181059350363
2024-12-01T08:00:00+00:00,0.00032051838614186766
2024-12-01T16:00:00+00:00,0.0004966424975895693
2024-12-02T00:00:00+00:00,0.000550765916070606
2024-12-02T08:00:00+00:00,0.00041357644579230707
2024-12-02T16:00:00+00:00,0.0003314292280166759
2024-12-03T00:00:00+00:00,0.0006337840568181875
2024-12-03T08:00:00+00:00,0.0004908708323502594
2024-12-03T16:00:00+00:00,0.0005389958476218967
2024-12-04T00:00:00+00:00,0.0005882500148293154
2024-12-04T08:00:00+00:00,0.0007151234715966076
2024-12-04T16:00:00+00:00,0.0002434609843636427
2024-12-05T00:00:00+00:00,0.0019231863312376989
2024-12-05T08:00:00+00:00,0.0010344044661799955
2024-12-05T16:00:00+00:00,0.00014424250546252464
2024-12-06T00:00:00+00:00,9.715086051095227e-05
2024-12-06T08:00:00+00:00,8.684043919391923e-05
2024-12-06T16:00:00+00:00,0.00035888093137644435
2024-12-07T00:00:00+00:00,0.00032190207097764314
2024-12-07T08:00:00+00:00,0.0005827677971986361
2024-12-07T16:00:00+00:00,0.0005496051135597998
2024-12-08T00:00:00+00:00,0.0005305968794590734
2024-12-08T08:00:00+00:00,0.0004337954940790102
2024-12-08T16:00:00+00:00,0.0006848027991882984
2024-12-09T00:00:00+00:00,0.00046654651757497043
2024-12-09T08:00:00+00:00,0.0004364619910811478
2024-12-09T16:00:00+00:00,-7.667333237858282e-05
2024-12-10T00:00:00+00:00,-2.998067535275516e-05
2024-12-10T08:00:00+00:00,-3.299800899597959e-05
2024-12-10T16:00:00+00:00,-6.091212790269488e-05
2024-12-11T00:00:00+00:00,-0.0001030520216047723
2024-12-11T08:00:00+00:00,0.0001389643170564611
2024-12-11T16:00:00+00:00,-0.00019263167472958678
2024-12-12T00:00:00+00:00,4.4301643836390365e-05
2024-12-12T08:00:00+00:00,0.00014242460937178132
2024-12-12T16:00:00+00:00,0.00012277162518819397
2024-12-13T00:00:00+00:00,1.8577112820219887e-05
2024-12-13T08:00:00+00:00,0.0001934104377217578
2024-12-13T16:00:00+00:00,-2.537043323714065e-06
2024-12-14T00:00:00+00:00,0.0002138322930964696
2024-12-14T08:00:00+00:00,0.0002406522305459979
2024-12-14T16:00:00+00:00,6.960758194865743e-05
2024-12-15T00:00:00+00:00,0.00010714961335402543
2024-12-15T08:00:00+00:00,0.0002861031740848836
2024-12-15T16:00:00+00:00,0.00025616118128367603
2024-12-16T00:00:00+00:00,0.00028747187916577493
2024-12-16T08:00:00+00:00,0.0002981751139310552
2024-12-16T16:00:00+00:00,0.0001839537518048163
2024-12-17T00:00:00+00:00,0.00022787011528924606
2024-12-17T08:00:00+00:00,0.0003966009636329574
2024-12-17T16:00:00+00:00,0.00037212708878986113
2024-12-18T00:00:00+00:00,3.069519314248009e-05
2024-12-18T08:00:00+00:00,0.00014749960774663567
2024-12-18T16:00:00+00:00,-3.866796775693701e-06
2024-12-19T00:00:00+00:00,0.00018911098967489446
2024-12-19T08:00:00+00:00,0.0003186299425533143
2024-12-19T16:00:00+00:00,0.0001965014038729959
2024-12-20T00:00:00+00:00,0.00015341832477563393
2024-12-20T08:00:00+00:00,5.640276674453773e-05
2024-12-20T16:00:00+00:00,-0.00011666948679062971
2024-12-21T00:00:00+00:00,-0.0001616934280889368
2024-12-21T08:00:00+00:00,-0.0003164032814429446
2024-12-21T16:00:00+00:00,-0.0001930531925323858
2024-12-22T00:00:00+00:00,-0.0001679065818029572
2024-12-22T08:00:00+00:00,-2.9760396088398703e-05
2024-12-22T16:00:00+00:00,4.39760867149438e-06
2024-12-23T00:00:00+00:00,0.00010280314306116094
2024-12-23T08:00:00+00:00,0.00033380323470747956
2024-12-23T16:00:00+00:00,0.0002727974528045672
2024-12-24T00:00:00+00:00,4.374879699265445e-05
2024-12-24T08:00:00+00:00,-2.1079059610926048e-05
2024-12-24T16:00:00+00:00,-9.941310946383198e-05
2024-12-25T00:00:00+00:00,-8.310210125276356e-05
2024-12-25T08:00:00+00:00,0.0001188265199354409
2024-12-25T16:00:00+00:00,0.0001644552303447033
2024-12-26T00:00:00+00:00,7.852857646250762e-05
2024-12-26T08:00:00+00:00,-0.0001477973980676202
2024-12-26T16:00:00+00:00,5.325058067294488e-06
2024-12-27T00:00:00+00:00,0.00045206427309582716
2024-12-27T08:00:00+00:00,0.00043145146675288283
2024-12-27T16:00:00+00:00,0.00023344465943559657
2024-12-28T00:00:00+00:00,0.00011137844773598653
2024-12-28T08:00:00+00:00,-3.520998783240407e-05
2024-12-28T16:00:00+00:00,0.00011430676390715133
2024-12-29T00:00:00+00:00,0.00017412381506862833
2024-12-29T08:00:00+00:00,-8.065346004427072e-05
2024-12-29T16:00:00+00:00,-0.0001874277083445301
2024-12-30T00:00:00+00:00,4.6920953234774905e-05
2024-12-30T08:00:00+00:00,5.044889553260688e-05
2024-12-30T16:00:00+00:00,0.0003161828781785964
2024-12-31T00:00:00+00:00,0.00019567903516397282
2024-12-31T08:00:00+00:00,0.0004779198311492212
2024-12-31T16:00:00+00:00,0.0005095549336529189
2025-01-01T00:00:00+00:00,0.00037727680393226815
2025-01-01T08:00:00+00:00,0.0004646540371901133
2025-01-01T16:00:00+00:00,0.0005881339665578914
2025-01-02T00:00:00+00:00,0.000602766099943213
2025-01-02T08:00:00+00:00,0.0003541927489128106
2025-01-02T16:00:00+00:00,0.00039713813024089284
2025-01-03T00:00:00+00:00,0.00022848000275267893
2025-01-03T08:00:00+00:00,0.000163657165447248
2025-01-03T16:00:00+00:00,0.00012235738166491332
2025-01-04T00:00:00+00:00,0.00024248746771588376
2025-01-04T08:00:00+00:00,0.00023287501581887245
2025-01-04T16:00:00+00:00,0.00017845605922657068
2025-01-05T00:00:00+00:00,0.0001656314718124012
2025-01-05T08:00:00+00:00,-1.6909741520756992e-07
2025-01-05T16:00:00+00:00,0.0001264846609967992
2025-01-06T00:00:00+00:00,0.00020881475483982035
2025-01-06T08:00:00+00:00,0.00010036351380824645
2025-01-06T16:00:00+00:00,-0.00015243268200975025
2025-01-07T00:00:00+00:00,-0.00018999710818786935
2025-01-07T08:00:00+00:00,-2.5266353609550744e-05
2025-01-07T16:00:00+00:00,-0.0001526420523481529
2025-01-08T00:00:00+00:00,-0.00015850441749936373
2025-01-08T08:00:00+00:00,-0.0001708424761348161
2025-01-08T16:00:00+00:00,4.581604605809251e-08
2025-01-09T00:00:00+00:00,0.0001063376951356463
2025-01-09T08:00:00+00:00,-3.9027008427484524e-05
2025-01-09T16:00:00+00:00,-7.339297607825567e-05
2025-01-10T00:00:00+00:00,-8.35702195203854e-05
2025-01-10T08:00:00+00:00,-3.884692328811008e-05
2025-01-10T16:00:00+00:00,7.587881280463701e-06
2025-01-11T00:00:00+00:00,-5.479639327268211e-06
2025-01-11T08:00:00+00:00,-1.3737347428662106e-05
2025-01-11T16:00:00+00:00,0.00011162016518825751
2025-01-12T00:00:00+00:00,0.0001502405298611018
2025-01-12T08:00:00+00:00,4.267320871045394e-05
2025-01-12T16:00:00+00:00,2.675413259174942e-05
2025-01-13T00:00:00+00:00,-3.1272590817371976e-05
2025-01-13T08:00:00+00:00,5.923639263753148e-05
2025-01-13T16:00:00+00:00,5.026039287899549e-05
2025-01-14T00:00:00+00:00,0.0002531381954777805
2025-01-14T08:00:00+00:00,0.00022180154008119666
2025-01-14T16:00:00+00:00,5.672096270632305e-05
2025-01-15T00:00:00+00:00,8.544972220276478e-05
2025-01-15T08:00:00+00:00,0.00012076183621114284
2025-01-15T16:00:00+00:00,-0.00010898639888084452
2025-01-16T00:00:00+00:00,0.00010028437553291607
2025-01-16T08:00:00+00:00,0.00021112539602784948
2025-01-16T16:00:00+00:00,9.451978730522147e-05
2025-01-17T00:00:00+00:00,0.0003482333327092069
2025-01-17T08:00:00+00:00,0.0003668731877893967
2025-01-17T16:00:00+00:00,6.336496047563788e-05
2025-01-18T00:00:00+00:00,0.0002895252665965638
2025-01-18T08:00:00+00:00,0.0003999075123733301
2025-01-18T16:00:00+00:00,0.0004439211078921758
2025-01-19T00:00:00+00:00,0.0005353039262830648
2025-01-19T08:00:00+00:00,0.0006864813982848406
2025-01-19T16:00:00+00:00,0.00064404382748128
2025-01-20T00:00:00+00:00,0.0005279421260357285
2025-01-20T08:00:00+00:00,0.0008259819681002165
2025-01-20T16:00:00+00:00,0.0003143040001791348
2025-01-21T00:00:00+00:00,0.0002934380480196119
2025-01-21T08:00:00+00:00,0.00042578460448400686
2025-01-21T16:00:00+00:00,6.246336591021302e-05
2025-01-22T00:00:00+00:00,0.00016482924279355438
2025-01-22T08:00:00+00:00,0.0001678068460824545
2025-01-22T16:00:00+00:00,-6.810611842923845e-05
2025-01-23T00:00:00+00:00,2.3846234839675472e-05
2025-01-23T08:00:00+00:00,2.429844160914441e-05
2025-01-23T16:00:00+00:00,2.877802280120351e-05
2025-01-24T00:00:00+00:00,7.640000687558182e-05
2025-01-24T08:00:00+00:00,3.834025835321926e-05
2025-01-24T16:00:00+00:00,-1.4222175590408472e-05
2025-01-25T00:00:00+00:00,0.0002097277987222209
2025-01-25T08:00:00+00:00,0.0003676021341690049
2025-01-25T16:00:00+00:00,0.0004495617343930306
2025-01-26T00:00:00+00:00,0.00031549976682826707
2025-01-26T08:00:00+00:00,0.0003042625387985332
2025-01-26T16:00:00+00:00,0.0003498931654880732
2025-01-27T00:00:00+00:00,7.966675322505976e-05
2025-01-27T08:00:00+00:00,0.0002835377508923902
2025-01-27T16:00:00+00:00,0.00015463983145620947
2025-01-28T00:00:00+00:00,0.00027142521960740236
2025-01-28T08:00:00+00:00,0.00032115378738537356
2025-01-28T16:00:00+00:00,0.00038861414561893967
2025-01-29T00:00:00+00:00,0.0003492837027727109
2025-01-29T08:00:00+00:00,0.0001310911013514871
2025-01-29T16:00:00+00:00,0.0001672211744352049
2025-01-30T00:00:00+00:00,0.00038664487419794185
2025-01-30T08:00:00+00:00,0.0003469902692013538
2025-01-30T16:00:00+00:00,5.318020680773628e-05
2025-01-31T00:00:00+00:00,0.0001294384638404336
2025-01-31T08:00:00+00:00,0.00016047230989479937
2025-01-31T16:00:00+00:00,0.00027691669794830434
2025-02-01T00:00:00+00:00,0.00011694468351004496
2025-02-01T08:00:00+00:00,0.00019265559021993596
2025-02-01T16:00:00+00:00,0.0002444034363849518
2025-02-02T00:00:00+00:00,9.65461366786208e-05
2025-02-02T08:00:00+00:00,2.6566459493396177e-06
2025-02-02T16:00:00+00:00,0.00018609182489949544
2025-02-03T00:00:00+00:00,-0.00033030579547940823
2025-02-03T08:00:00+00:00,-0.00025737990636844077
2025-02-03T16:00:00+00:00,-0.00037188737982484394
2025-02-04T00:00:00+00:00,-0.00010707301751528059
2025-02-04T08:00:00+00:00,-1.3667841548310136e-05
2025-02-04T16:00:00+00:00,-0.00019175289275300653
2025-02-05T00:00:00+00:00,-0.00021943887678133067
2025-02-05T08:00:00+00:00,-2.719960522384064e-05
2025-02-05T16:00:00+00:00,6.787462183422142e-05
2025-02-06T00:00:00+00:00,3.9045774539793884e-05
2025-02-06T08:00:00+00:00,3.7911809080507625e-05
2025-02-06T16:00:00+00:00,0.00024567666318384373
2025-02-07T00:00:00+00:00,0.0001245501928666465
2025-02-07T08:00:00+00:00,8.660104044222683e-05
2025-02-07T16:00:00+00:00,-5.410160678433496e-06
2025-02-08T00:00:00+00:00,-3.954524285351512e-05
2025-02-08T08:00:00+00:00,0.00013166737480884937
2025-02-08T16:00:00+00:00,1.1978593882909236e-05
2025-02-09T00:00:00+00:00,3.069140763324864e-05
2025-02-09T08:00:00+00:00,8.386525300282958e-05
2025-02-09T16:00:00+00:00,4.670799738625438e-05
2025-02-10T00:00:00+00:00,0.0003356650008607439
2025-02-10T08:00:00+00:00,0.00028033975654635866
2025-02-10T16:00:00+00:00,0.0002603291529637383
2025-02-11T00:00:00+00:00,0.0002606994856419728
2025-02-11T08:00:00+00:00,0.0001497984331828472
2025-02-11T16:00:00+00:00,0.00013962455627579003
2025-02-12T00:00:00+00:00,0.00022892178140542028
2025-02-12T08:00:00+00:00,0.00012257212442994743
2025-02-12T16:00:00+00:00,0.00018962432478642686
2025-02-13T00:00:00+00:00,0.0001597926276986746
2025-02-13T08:00:00+00:00,0.00010697111579375524
2025-02-13T16:00:00+00:00,0.0002930635122690566
2025-02-14T00:00:00+00:00,0.00015566186844689285
2025-02-14T08:00:00+00:00,5.8810669149893144e-05
2025-02-14T16:00:00+00:00,2.4075976333759522e-05
2025-02-15T00:00:00+00:00,0.00017250721310776426
2025-02-15T08:00:00+00:00,0.00019065116822622954
2025-02-15T16:00:00+00:00,0.00019007040634510278
2025-02-16T00:00:00+00:00,0.00016697200365051225
2025-02-16T08:00:00+00:00,0.00015051112384103783
2025-02-16T16:00:00+00:00,-2.5454624181367438e-05
2025-02-17T00:00:00+00:00,-2.6352610754859584e-06
2025-02-17T08:00:00+00:00,6.656886327912886e-05
2025-02-17T16:00:00+00:00,7.436379019335517e-05
2025-02-18T00:00:00+00:00,0.00023275466195257706
2025-02-18T08:00:00+00:00,7.727425965925244e-05
2025-02-18T16:00:00+00:00,0.0001957689309068499
2025-02-19T00:00:00+00:00,0.00020302975676192073
2025-02-19T08:00:00+00:00,0.00011071692138650037
2025-02-19T16:00:00+00:00,0.0001631349345080627
2025-02-20T00:00:00+00:00,0.00013880160502944503
2025-02-20T08:00:00+00:00,6.070573536680749e-05
2025-02-20T16:00:00+00:00,-3.6980064725834354e-05
2025-02-21T00:00:00+00:00,8.053924351996923e-05
2025-02-21T08:00:00+00:00,6.589507152715625e-05
2025-02-21T16:00:00+00:00,0.0003758251258263885
2025-02-22T00:00:00+00:00,0.0003036239151773383
2025-02-22T08:00:00+00:00,0.0001746564333165326
2025-02-22T16:00:00+00:00,0.00019389236383627215
2025-02-23T00:00:00+00:00,0.00014438501869622617
2025-02-23T08:00:00+00:00,0.00023448651747725016
2025-02-23T16:00:00+00:00,0.00031090351999568975
2025-02-24T00:00:00+00:00,0.0003028137985988197
2025-02-24T08:00:00+00:00,0.00014904645540879133
2025-02-24T16:00:00+00:00,3.973389692431402e-05
2025-02-25T00:00:00+00:00,0.00012033468582091565
2025-02-25T08:00:00+00:00,8.460266214367346e-05
2025-02-25T16:00:00+00:00,-2.3864262874539553e-05
2025-02-26T00:00:00+00:00,-0.000170517373229859
2025-02-26T08:00:00+00:00,-5.7420487359163885e-05
2025-02-26T16:00:00+00:00,4.978314332722329e-05
2025-02-27T00:00:00+00:00,-0.00022238766247913098
2025-02-27T08:00:00+00:00,-0.0001518239698800563
2025-02-27T16:00:00+00:00,0.00041117289774347083
2025-02-28T00:00:00+00:00,-3.210852562462573e-05
2025-02-28T08:00:00+00:00,-0.0003019649523465273
2025-02-28T16:00:00+00:00,-0.0003613614699164736
2025-03-01T00:00:00+00:00,-0.0004774842635265072
2025-03-01T08:00:00+00:00,-0.0006261013590991768
2025-03-01T16:00:00+00:00,-0.00038008816291764736
2025-03-02T00:00:00+00:00,-0.0004295097674116117
2025-03-02T08:00:00+00:00,-0.0003943742806381879
2025-03-02T16:00:00+00:00,-0.0006578721855684739
2025-03-03T00:00:00+00:00,-0.00024038226648568427
2025-03-03T08:00:00+00:00,-8.393854384668799e-05
2025-03-03T16:00:00+00:00,0.0002534956710500071
2025-03-04T00:00:00+00:00,-9.225795881429335e-05
2025-03-04T08:00:00+00:00,-0.00010785128084070492
2025-03-04T16:00:00+00:00,-7.53056114559435e-05
2025-03-05T00:00:00+00:00,7.04437550224821e-05
2025-03-05T08:00:00+00:00,9.091227658578683e-05
2025-03-05T16:00:00+00:00,-8.240560812060557e-05
2025-03-06T00:00:00+00:00,-4.106669153927001e-06
2025-03-06T08:00:00+00:00,3.6905451070425145e-05
2025-03-06T16:00:00+00:00,8.711031971873482e-05
2025-03-07T00:00:00+00:00,-9.466433640004782e-05
2025-03-07T08:00:00+00:00,0.00011078545443333022
2025-03-07T16:00:00+00:00,0.00025405368309955995
2025-03-08T00:00:00+00:00,6.445622428403425e-05
2025-03-08T08:00:00+00:00,0.0001383427725105907
2025-03-08T16:00:00+00:00,0.00012140317743681764
2025-03-09T00:00:00+00:00,0.00011936794833964492
2025-03-09T08:00:00+00:00,6.230951612793561e-05
2025-03-09T16:00:00+00:00,-0.00016985156425526187
2025-03-10T00:00:00+00:00,-0.0001742952603991886
2025-03-10T08:00:00+00:00,7.466636141083008e-05
2025-03-10T16:00:00+00:00,7.934285626298615e-05
2025-03-11T00:00:00+00:00,-7.324804228295829e-05
2025-03-11T08:00:00+00:00,-6.277116271239319e-05
2025-03-11T16:00:00+00:00,-0.00019551929795354623
2025-03-12T00:00:00+00:00,-0.00016154595116890457
2025-03-12T08:00:00+00:00,-0.0001914629170730675
2025-03-12T16:00:00+00:00,-0.00019536363997282443
2025-03-13T00:00:00+00:00,-0.00010406036457786635
2025-03-13T08:00:00+00:00,-0.00016483474582691137
2025-03-13T16:00:00+00:00,-0.00013568686525190673
2025-03-14T00:00:00+00:00,-0.0001540652325286113
2025-03-14T08:00:00+00:00,4.5942605713312096e-05
2025-03-14T16:00:00+00:00,-0.0001624350391754861
2025-03-15T00:00:00+00:00,-0.00017442423195994462
2025-03-15T08:00:00+00:00,-5.799472629576268e-05
2025-03-15T16:00:00+00:00,-0.0001065670629242399
2025-03-16T00:00:00+00:00,-3.858487102428392e-05
2025-03-16T08:00:00+00:00,-4.287472593749637e-05
2025-03-16T16:00:00+00:00,6.899962202240721e-05
2025-03-17T00:00:00+00:00,0.00013528197262162195
2025-03-17T08:00:00+00:00,9.918050470095175e-05
2025-03-17T16:00:00+00:00,-2.6822295675847757e-05
2025-03-18T00:00:00+00:00,-5.2388685795018654e-05
2025-03-18T08:00:00+00:00,-8.013981666881843e-05
2025-03-18T16:00:00+00:00,-0.00010428170954917107
2025-03-19T00:00:00+00:00,-0.00011686102090175056
2025-03-19T08:00:00+00:00,5.906850697763528e-05
2025-03-19T16:00:00+00:00,3.99493950323297e-05
2025-03-20T00:00:00+00:00,0.00021336960645085208
2025-03-20T08:00:00+00:00,0.00015001059749627789
2025-03-20T16:00:00+00:00,5.300708347117566e-05
2025-03-21T00:00:00+00:00,7.575635373708076e-05
2025-03-21T08:00:00+00:00,2.1985284994958423e-05
2025-03-21T16:00:00+00:00,8.515516105808166e-06
2025-03-22T00:00:00+00:00,-5.0383461295620824e-05
2025-03-22T08:00:00+00:00,-2.713120058608619e-05
2025-03-22T16:00:00+00:00,-3.696831704408709e-06
2025-03-23T00:00:00+00:00,3.886236896594346e-06
2025-03-23T08:00:00+00:00,-1.6611342604968996e-05
2025-03-23T16:00:00+00:00,3.683036644969349e-05
2025-03-24T00:00:00+00:00,0.00010251780082490598
2025-03-24T08:00:00+00:00,8.855035556014052e-05
2025-03-24T16:00:00+00:00,-0.00012841058383923626
2025-03-25T00:00:00+00:00,9.825440729675127e-05
2025-03-25T08:00:00+00:00,5.267215047347888e-05
2025-03-25T16:00:00+00:00,-0.0001156597298135033
2025-03-26T00:00:00+00:00,0.0001389006877138815
2025-03-26T08:00:00+00:00,4.136039295566606e-05
2025-03-26T16:00:00+00:00,9.42482621443544e-06
2025-03-27T00:00:00+00:00,6.596891475857477e-05
2025-03-27T08:00:00+00:00,5.6474005601139366e-05
2025-03-27T16:00:00+00:00,0.00013812115463358082
2025-03-28T00:00:00+00:00,0.0001285139460764929
2025-03-28T08:00:00+00:00,0.00012295637050299945
2025-03-28T16:00:00+00:00,0.0008221430628168177
2025-03-29T00:00:00+00:00,0.0005112078947219651
2025-03-29T08:00:00+00:00,0.0003620181937522583
2025-03-29T16:00:00+00:00,0.00036200358993777166
2025-03-30T00:00:00+00:00,0.0003125294958889112
2025-03-30T08:00:00+00:00,0.00028489130587144553
2025-03-30T16:00:00+00:00,0.0003309330166106876
2025-03-31T00:00:00+00:00,0.0002607742367396443
2025-03-31T08:00:00+00:00,0.0002928281002245068
2025-03-31T16:00:00+00:00,0.00030979478132296326
2025-04-01T00:00:00+00:00,0.0003968862270364475
2025-04-01T08:00:00+00:00,0.0002851462539993266
2025-04-01T16:00:00+00:00,6.323105116665179e-05
2025-04-02T00:00:00+00:00,6.220752088656218e-05
2025-04-02T08:00:00+00:00,-6.618154278916729e-05
2025-04-02T16:00:00+00:00,0.0003263007622073857
2025-04-03T00:00:00+00:00,0.00028306648182485736
2025-04-03T08:00:00+00:00,0.00018335330426161789
2025-04-03T16:00:00+00:00,0.0002450957210694743
2025-04-04T00:00:00+00:00,7.818842543747997e-05
2025-04-04T08:00:00+00:00,7.476199376992938e-05
2025-04-04T16:00:00+00:00,0.00016247153181531083
2025-04-05T00:00:00+00:00,7.935243990408603e-05
2025-04-05T08:00:00+00:00,0.00012331438347302243
2025-04-05T16:00:00+00:00,0.00010429526323109562
2025-04-06T00:00:00+00:00,5.9993719796849064e-05
2025-04-06T08:00:00+00:00,9.147485279430522e-05
2025-04-06T16:00:00+00:00,-6.606655516834837e-05
2025-04-07T00:00:00+00:00,4.766862618219577e-05
2025-04-07T08:00:00+00:00,0.00020632981407047054
2025-04-07T16:00:00+00:00,-1.9084865185594065e-05
2025-04-08T00:00:00+00:00,3.164054376176037e-05
2025-04-08T08:00:00+00:00,0.00013849388038194167
2025-04-08T16:00:00+00:00,0.00029507580410289674
2025-04-09T00:00:00+00:00,-8.418864708772202e-05
2025-04-09T08:00:00+00:00,0.00011756785966985815
2025-04-09T16:00:00+00:00,0.00012291350403630862
2025-04-10T00:00:00+00:00,4.3045669718939294e-05
2025-04-10T08:00:00+00:00,2.1354209061820026e-05
2025-04-10T16:00:00+00:00,-4.7754673374376153e-05
2025-04-11T00:00:00+00:00,-3.532546567587637e-05
2025-04-11T08:00:00+00:00,9.761497029814458e-05
2025-04-11T16:00:00+00:00,0.0001877209816285218
2025-04-12T00:00:00+00:00,0.00014176052362242447
2025-04-12T08:00:00+00:00,0.00016892208676184096
2025-04-12T16:00:00+00:00,0.00016582742954362225
2025-04-13T00:00:00+00:00,0.00015339632742958833
2025-04-13T08:00:00+00:00,0.00015801191446475083
2025-04-13T16:00:00+00:00,8.42190700483359e-05
2025-04-14T00:00:00+00:00,0.00010012803624289715
2025-04-14T08:00:00+00:00,7.370665906296261e-05
2025-04-14T16:00:00+00:00,-3.8741609331202107e-05
2025-04-15T00:00:00+00:00,0.00010018278090647118
2025-04-15T08:00:00+00:00,0.00014754298331572606
2025-04-15T16:00:00+00:00,7.021669571790639e-05
2025-04-16T00:00:00+00:00,0.00012538434730689164
2025-04-16T08:00:00+00:00,4.007593270131567e-05
2025-04-16T16:00:00+00:00,4.8525608550571114e-05
2025-04-17T00:00:00+00:00,0.0002504818170530207
2025-04-17T08:00:00+00:00,0.00015790299561459
2025-04-17T16:00:00+00:00,-0.00011967998325321552
2025-04-18T00:00:00+00:00,-4.868353534353404e-05
2025-04-18T08:00:00+00:00,6.167829396502627e-05
2025-04-18T16:00:00+00:00,3.400301191630622e-05
2025-04-19T00:00:00+00:00,6.706806547114123e-05
2025-04-19T08:00:00+00:00,0.0001769156069627458
2025-04-19T16:00:00+00:00,0.00011610164624480144
2025-04-20T00:00:00+00:00,4.534594420062499e-05
2025-04-20T08:00:00+00:00,-2.6816762950887328e-05
2025-04-20T16:00:00+00:00,9.813639764205696e-05
2025-04-21T00:00:00+00:00,0.00023358760630575723
2025-04-21T08:00:00+00:00,8.989265193558333e-05
2025-04-21T16:00:00+00:00,0.00015578126826738052
2025-04-22T00:00:00+00:00,0.00014622477565742108
2025-04-22T08:00:00+00:00,5.746350203915087e-07
2025-04-22T16:00:00+00:00,-0.0002554397011819654
2025-04-23T00:00:00+00:00,0.00017865526283659798
2025-04-23T08:00:00+00:00,0.0001777462645467558
2025-04-23T16:00:00+00:00,-9.619553187872102e-05
2025-04-24T00:00:00+00:00,0.00010435613894045895
2025-04-24T08:00:00+00:00,0.00018005649804838042
2025-04-24T16:00:00+00:00,1.1751358408410594e-05
2025-04-25T00:00:00+00:00,9.139961585894251e-05
2025-04-25T08:00:00+00:00,0.000133726633018968
2025-04-25T16:00:00+00:00,-4.442971444256197e-05
2025-04-26T00:00:00+00:00,0.00014808332301207377
2025-04-26T08:00:00+00:00,0.00027010019672406163
2025-04-26T16:00:00+00:00,0.00016169665590593524
2025-04-27T00:00:00+00:00,0.00026817303801521405
2025-04-27T08:00:00+00:00,0.00014581674875434629
2025-04-27T16:00:00+00:00,0.0001643523485262062
2025-04-28T00:00:00+00:00,4.904246506958615e-05
2025-04-28T08:00:00+00:00,9.020024486903555e-05
2025-04-28T16:00:00+00:00,1.1590594948752291e-05
2025-04-29T00:00:00+00:00,4.315010768250251e-06
2025-04-29T08:00:00+00:00,5.839537423911609e-05
2025-04-29T16:00:00+00:00,5.4289283452942895e-05
2025-04-30T00:00:00+00:00,0.00014495533015425942
2025-04-30T08:00:00+00:00,5.9202888832698665e-05
2025-04-30T16:00:00+00:00,0.0001555945695020308
2025-05-01T00:00:00+00:00,0.0001774109470796604
2025-05-01T08:00:00+00:00,6.565163629115122e-05
2025-05-01T16:00:00+00:00,1.6634559425724515e-05
2025-05-02T00:00:00+00:00,6.463235550152662e-06
2025-05-02T08:00:00+00:00,0.000193926826054155
2025-05-02T16:00:00+00:00,9.673695184664996e-05
2025-05-03T00:00:00+00:00,0.00014245952381393445
2025-05-03T08:00:00+00:00,0.0001662568449953452
2025-05-03T16:00:00+00:00,0.00019111785081565727
2025-05-04T00:00:00+00:00,0.00016421457511384078
2025-05-04T08:00:00+00:00,0.00013399186603888516
2025-05-04T16:00:00+00:00,9.587197844579044e-05
2025-05-05T00:00:00+00:00,0.0001998542775783463
2025-05-05T08:00:00+00:00,8.019434786842776e-05
2025-05-05T16:00:00+00:00,5.78686808582432e-05
2025-05-06T00:00:00+00:00,0.0001463941744618632
2025-05-06T08:00:00+00:00,0.0001692716229762737
2025-05-06T16:00:00+00:00,0.00011482708192006711
2025-05-07T00:00:00+00:00,0.00028650634187900087
2025-05-07T08:00:00+00:00,0.0001873309965011135
2025-05-07T16:00:00+00:00,4.890905141298354e-05
2025-05-08T00:00:00+00:00,0.00025803593245472074
2025-05-08T08:00:00+00:00,0.00030599178913013096
2025-05-08T16:00:00+00:00,0.0003416077854391492
2025-05-09T00:00:00+00:00,0.0005217335277512917
2025-05-09T08:00:00+00:00,0.00037186024750758074
2025-05-09T16:00:00+00:00,0.00024051897274325607
2025-05-10T00:00:00+00:00,0.00038831125164363547
2025-05-10T08:00:00+00:00,0.00046254412606088423
2025-05-10T16:00:00+00:00,0.00039046684421584806
2025-05-11T00:00:00+00:00,0.0004158687864293789
2025-05-11T08:00:00+00:00,0.0003519642416990169
2025-05-11T16:00:00+00:00,0.00040252493807109115
2025-05-12T00:00:00+00:00,0.0005179778894487368
2025-05-12T08:00:00+00:00,0.0004020185591564114
2025-05-12T16:00:00+00:00,0.00022877092903235137
2025-05-13T00:00:00+00:00,0.0001967639758414352
2025-05-13T08:00:00+00:00,0.00012038072449060718
2025-05-13T16:00:00+00:00,0.00020963721952850425
2025-05-14T00:00:00+00:00,0.00025405143346740854
2025-05-14T08:00:00+00:00,4.40252439669762e-05
2025-05-14T16:00:00+00:00,3.4330281435573324e-05
2025-05-15T00:00:00+00:00,-2.8150099165642372e-05
2025-05-15T08:00:00+00:00,0.0001185513970456311
2025-05-15T16:00:00+00:00,0.0001501348610794872
2025-05-16T00:00:00+00:00,0.00010519788211844421
2025-05-16T08:00:00+00:00,0.00021803410434143665
2025-05-16T16:00:00+00:00,0.00027245463205459447
2025-05-17T00:00:00+00:00,0.0002507620605198774
2025-05-17T08:00:00+00:00,0.00018498817940681753
2025-05-17T16:00:00+00:00,0.00029067814941145657
2025-05-18T00:00:00+00:00,0.0002926007358961499
2025-05-18T08:00:00+00:00,0.00021038305456583034
2025-05-18T16:00:00+00:00,0.0001079656386195789
2025-05-19T00:00:00+00:00,3.680128613400319e-05
2025-05-19T08:00:00+00:00,0.0002599908002472997
2025-05-19T16:00:00+00:00,0.00025030202773088
2025-05-20T00:00:00+00:00,0.0001497557856859875
2025-05-20T08:00:00+00:00,0.00014435687323669302
2025-05-20T16:00:00+00:00,0.00012376704376036704
2025-05-21T00:00:00+00:00,0.00019477080742056864
2025-05-21T08:00:00+00:00,0.0001745340478102582
2025-05-21T16:00:00+00:00,0.0002439406783929956
2025-05-22T00:00:00+00:00,0.0005017052347391116
2025-05-22T08:00:00+00:00,0.0004986058298676111
2025-05-22T16:00:00+00:00,0.00044306323005659383
2025-05-23T00:00:00+00:00,0.000577738469973288
2025-05-23T08:00:00+00:00,0.00020971181839773886
2025-05-23T16:00:00+00:00,0.00021871840701749785
2025-05-24T00:00:00+00:00,0.00019733121400317057
2025-05-24T08:00:00+00:00,8.631120416230434e-05
2025-05-24T16:00:00+00:00,0.00021366776835477332
2025-05-25T00:00:00+00:00,0.00014340462328616874
2025-05-25T08:00:00+00:00,0.00010744831435829236
2025-05-25T16:00:00+00:00,0.00019696403227721402
2025-05-26T00:00:00+00:00,0.00029954096103475915
2025-05-26T08:00:00+00:00,0.0003237962192586809
2025-05-26T16:00:00+00:00,0.0004016777035458449
2025-05-27T00:00:00+00:00,0.00018895724182174957
2025-05-27T08:00:00+00:00,0.00022518997904574166
2025-05-27T16:00:00+00:00,0.00022883491138311158
2025-05-28T00:00:00+00:00,7.84183942337627e-05
2025-05-28T08:00:00+00:00,0.00019970509366632798
2025-05-28T16:00:00+00:00,0.00016192521298497972
2025-05-29T00:00:00+00:00,9.798535751674562e-05
2025-05-29T08:00:00+00:00,0.000302706944997237
2025-05-29T16:00:00+00:00,0.00015076649627542612
2025-05-30T00:00:00+00:00,9.91322624351979e-05
2025-05-30T08:00:00+00:00,0.00024312354663565402
2025-05-30T16:00:00+00:00,3.426759703839613e-05
2025-05-31T00:00:00+00:00,-1.1213945952470883e-05
2025-05-31T08:00:00+00:00,-5.18930556368486e-05
2025-05-31T16:00:00+00:00,-1.108545175212599e-05
2025-06-01T00:00:00+00:00,-2.4342627344256934e-05
2025-06-01T08:00:00+00:00,1.234686596128174e-05
2025-06-01T16:00:00+00:00,7.408349536476393e-05
2025-06-02T00:00:00+00:00,0.00016724804504267895
2025-06-02T08:00:00+00:00,6.208692878436135e-05
2025-06-02T16:00:00+00:00,2.104683395092825e-05
2025-06-03T00:00:00+00:00,0.00023068806761697894
2025-06-03T08:00:00+00:00,0.000109595040088292
2025-06-03T16:00:00+00:00,-6.08086539268255e-05
2025-06-04T00:00:00+00:00,-3.972469189862645e-05
2025-06-04T08:00:00+00:00,-5.991807002592381e-05
2025-06-04T16:00:00+00:00,-2.9109911112193052e-05
2025-06-05T00:00:00+00:00,8.579365772404626e-05
2025-06-05T08:00:00+00:00,5.802011773835174e-05
2025-06-05T16:00:00+00:00,-2.004696193701814e-07
2025-06-06T00:00:00+00:00,1.701673812588458e-05
2025-06-06T08:00:00+00:00,-0.0002284661036462339
2025-06-06T16:00:00+00:00,-0.00018925020425240236
2025-06-07T00:00:00+00:00,-0.0001670140179376952
2025-06-07T08:00:00+00:00,-0.0001403569639339036
2025-06-07T16:00:00+00:00,-0.00011927910467627727
2025-06-08T00:00:00+00:00,-8.284232727670196e-05
2025-06-08T08:00:00+00:00,-8.315897244273249e-05
2025-06-08T16:00:00+00:00,-8.719622303096247e-05
2025-06-09T00:00:00+00:00,-2.866387184062729e-05
2025-06-09T08:00:00+00:00,-2.3026666708437718e-05
2025-06-09T16:00:00+00:00,2.363524279311517e-05
2025-06-10T00:00:00+00:00,-3.9660130378534943e-05
2025-06-10T08:00:00+00:00,0.0001286078360718056
2025-06-10T16:00:00+00:00,8.762730710605145e-05
2025-06-11T00:00:00+00:00,0.00018978069658756133
2025-06-11T08:00:00+00:00,0.0002928741921294358
2025-06-11T16:00:00+00:00,0.0001448056752705607
2025-06-12T00:00:00+00:00,0.000342628999382298
2025-06-12T08:00:00+00:00,0.0002411813356738701
2025-06-12T16:00:00+00:00,-2.312014030025539e-05
2025-06-13T00:00:00+00:00,8.099770398672687e-05
2025-06-13T08:00:00+00:00,0.00016457921127988718
2025-06-13T16:00:00+00:00,0.00010291322317936351
2025-06-14T00:00:00+00:00,7.260695184734671e-05
2025-06-14T08:00:00+00:00,3.602027682400698e-05
2025-06-14T16:00:00+00:00,3.2206224620045765e-05
2025-06-15T00:00:00+00:00,0.00011968041096015297
2025-06-15T08:00:00+00:00,0.0003271304784108899
2025-06-15T16:00:00+00:00,0.0002544030278422533
2025-06-16T00:00:00+00:00,0.0002613996786514246
2025-06-16T08:00:00+00:00,0.0002480814233485605
2025-06-16T16:00:00+00:00,9.607964063494487e-05
2025-06-17T00:00:00+00:00,0.00014443060379440675
2025-06-17T08:00:00+00:00,0.00016390943028419077
2025-06-17T16:00:00+00:00,-1.5796677260713245e-06
2025-06-18T00:00:00+00:00,7.958466249874434e-05
2025-06-18T08:00:00+00:00,7.869843273588202e-05
2025-06-18T16:00:00+00:00,7.52261991257896e-05
2025-06-19T00:00:00+00:00,6.646080873610034e-05
2025-06-19T08:00:00+00:00,0.00011625662026698023
2025-06-19T16:00:00+00:00,0.0001571460273769653
2025-06-20T00:00:00+00:00,0.00011585718734837424
2025-06-20T08:00:00+00:00,0.00015347749563764923
2025-06-20T16:00:00+00:00,0.00015600614335567988
2025-06-21T00:00:00+00:00,6.760154805807896e-05
2025-06-21T08:00:00+00:00,8.528315137802486e-05
2025-06-21T16:00:00+00:00,7.726503988544117e-05
2025-06-22T00:00:00+00:00,-3.8133033677508165e-05
2025-06-22T08:00:00+00:00,-0.00010672109847618911
2025-06-22T16:00:00+00:00,-0.0002816852048689921
2025-06-23T00:00:00+00:00,-0.00024850372680012954
2025-06-23T08:00:00+00:00,-6.449611793065014e-05
2025-06-23T16:00:00+00:00,-2.424833539990009e-05
2025-06-24T00:00:00+00:00,8.18339803496342e-05
2025-06-24T08:00:00+00:00,7.857789685989544e-06
2025-06-24T16:00:00+00:00,7.310618036235614e-05
2025-06-25T00:00:00+00:00,0.00013293180254610092
2025-06-25T08:00:00+00:00,0.0001599021563685625
2025-06-25T16:00:00+00:00,-2.1744598853153292e-05
2025-06-26T00:00:00+00:00,0.00011637722525385677
2025-06-26T08:00:00+00:00,0.00016493717863292186
2025-06-26T16:00:00+00:00,8.339387582073288e-05
2025-06-27T00:00:00+00:00,7.349474112371013e-05
2025-06-27T08:00:00+00:00,0.0003064979188103813
2025-06-27T16:00:00+00:00,0.00047398641294551526
2025-06-28T00:00:00+00:00,0.0006095088538005591
2025-06-28T08:00:00+00:00,0.0006490419506092082
2025-06-28T16:00:00+00:00,0.0007841047832506183
2025-06-29T00:00:00+00:00,0.0008102222090868132
2025-06-29T08:00:00+00:00,0.0008807471472669363
2025-06-29T16:00:00+00:00,0.000864868707197833
2025-06-30T00:00:00+00:00,0.0008694444929638838
2025-06-30T08:00:00+00:00,0.0005413413388740978
2025-06-30T16:00:00+00:00,3.9726659695186525e-05
2025-07-01T00:00:00+00:00,0.00011281356039535492
2025-07-01T08:00:00+00:00,0.0002804589240893085
2025-07-01T16:00:00+00:00,0.00039794786840374475
2025-07-02T00:00:00+00:00,0.0005532827542046599
2025-07-02T08:00:00+00:00,0.00011353779278221208
2025-07-02T16:00:00+00:00,0.00010615963484923771
2025-07-03T00:00:00+00:00,0.00023835104985023696
2025-07-03T08:00:00+00:00,0.0003072855285176931
2025-07-03T16:00:00+00:00,0.00037656236932047106
2025-07-04T00:00:00+00:00,0.00014528667166192546
2025-07-04T08:00:00+00:00,3.674137883960473e-05
2025-07-04T16:00:00+00:00,8.578218508176847e-05
2025-07-05T00:00:00+00:00,-8.887781495901868e-05
2025-07-05T08:00:00+00:00,-0.0001454492823311331
2025-07-05T16:00:00+00:00,-0.00020437442516835954
2025-07-06T00:00:00+00:00,-0.0002252229049905288
2025-07-06T08:00:00+00:00,-4.76279270996177e-05
2025-07-06T16:00:00+00:00,5.7657391187893134e-05
2025-07-07T00:00:00+00:00,0.00014916131366423158
2025-07-07T08:00:00+00:00,0.00020568542254832025
2025-07-07T16:00:00+00:00,0.0002522766847393828
2025-07-08T00:00:00+00:00,0.00044534543318131464
2025-07-08T08:00:00+00:00,0.00015964132250316794
2025-07-08T16:00:00+00:00,0.0001541998568662514
2025-07-09T00:00:00+00:00,0.00020441646441555862
2025-07-09T08:00:00+00:00,0.00016341089781346911
2025-07-09T16:00:00+00:00,7.125578059063543e-05
2025-07-10T00:00:00+00:00,0.00021585314474534498
2025-07-10T08:00:00+00:00,7.521338071153814e-05
2025-07-10T16:00:00+00:00,0.00038140533211744495
2025-07-11T00:00:00+00:00,0.0003395286194869544
2025-07-11T08:00:00+00:00,0.000545553140226374
2025-07-11T16:00:00+00:00,0.00029045471677344273
2025-07-12T00:00:00+00:00,0.00028251451750832107
2025-07-12T08:00:00+00:00,0.0003412956460338593
2025-07-12T16:00:00+00:00,0.00035957970757171146
2025-07-13T00:00:00+00:00,0.0003526965272041329
2025-07-13T08:00:00+00:00,0.00041040571660739015
2025-07-13T16:00:00+00:00,0.00044483042150616364
2025-07-14T00:00:00+00:00,0.0006669242471284903
2025-07-14T08:00:00+00:00,0.0007498029641175446
2025-07-14T16:00:00+00:00,0.0006224659852244595
2025-07-15T00:00:00+00:00,0.000768998429268369
2025-07-15T08:00:00+00:00,0.0008106194810118498
2025-07-15T16:00:00+00:00,0.0006106073274972872
2025-07-16T00:00:00+00:00,0.0006443704086912747
2025-07-16T08:00:00+00:00,0.0005366207976648573
2025-07-16T16:00:00+00:00,0.00044207928892217455
2025-07-17T00:00:00+00:00,0.0003788686312585028
2025-07-17T08:00:00+00:00,0.0005492137871120241
2025-07-17T16:00:00+00:00,0.0004466578497139317
2025-07-18T00:00:00+00:00,0.0002831654577885529
2025-07-18T08:00:00+00:00,0.00048356364892787493
2025-07-18T16:00:00+00:00,0.0004167480225759629
2025-07-19T00:00:00+00:00,0.0003759411530716975
2025-07-19T08:00:00+00:00,0.0004628205276650644
2025-07-19T16:00:00+00:00,0.0005053867102311953
2025-07-20T00:00:00+00:00,0.0005499182725966889
2025-07-20T08:00:00+00:00,0.0006772453810403106
2025-07-20T16:00:00+00:00,0.00044751713632688764
2025-07-21T00:00:00+00:00,0.0004958234115021065
2025-07-21T08:00:00+00:00,0.000598533065939925
2025-07-21T16:00:00+00:00,0.0006082483315301548
2025-07-22T00:00:00+00:00,0.0005417486950386134
2025-07-22T08:00:00+00:00,0.0005923589563427933
2025-07-22T16:00:00+00:00,0.0006871952631049101
2025-07-23T00:00:00+00:00,0.0006333101924943116
2025-07-23T08:00:00+00:00,0.0005713679396658909
2025-07-23T16:00:00+00:00,0.0005130623641692632
2025-07-24T00:00:00+00:00,0.0004944504818302934
2025-07-24T08:00:00+00:00,0.0004954378749538475
2025-07-24T16:00:00+00:00,0.0004398936784318443
2025-07-25T00:00:00+00:00,0.0007195842036419114
2025-07-25T08:00:00+00:00,0.0007556683182407844
2025-07-25T16:00:00+00:00,0.0006561339983911842
2025-07-26T00:00:00+00:00,0.0004221038201766944
2025-07-26T08:00:00+00:00,0.000447944459410192
2025-07-26T16:00:00+00:00,0.0003675995844986425
2025-07-27T00:00:00+00:00,0.0003027542889135068
2025-07-27T08:00:00+00:00,0.00039985559549333174
2025-07-27T16:00:00+00:00,0.0005778334281741583
2025-07-28T00:00:00+00:00,0.000586977551111729
2025-07-28T08:00:00+00:00,0.0005312095572661086
2025-07-28T16:00:00+00:00,0.000584990962919821
2025-07-29T00:00:00+00:00,0.0004641392283587747
2025-07-29T08:00:00+00:00,0.0005693658698850564
2025-07-29T16:00:00+00:00,0.0006079893064912889
2025-07-30T00:00:00+00:00,0.0003952684553334306
2025-07-30T08:00:00+00:00,0.0003189990580958326
2025-07-30T16:00:00+00:00,0.00032836454847339326
2025-07-31T00:00:00+00:00,0.0002003674231502274
2025-07-31T08:00:00+00:00,0.00022665983536416953
2025-07-31T16:00:00+00:00,0.0004251733725060815
2025-08-01T00:00:00+00:00,0.00033684350979809125
2025-08-01T08:00:00+00:00,0.0003085855470270402
2025-08-01T16:00:00+00:00,0.00030558699157165264
2025-08-02T00:00:00+00:00,9.896489650506894e-05
2025-08-02T08:00:00+00:00,0.00020041979722419597
2025-08-02T16:00:00+00:00,0.00024699096444458793
2025-08-03T00:00:00+00:00,8.380690125024805e-05
2025-08-03T08:00:00+00:00,-4.16641552601697e-06
2025-08-03T16:00:00+00:00,0.00013013731180778638
2025-08-04T00:00:00+00:00,0.0001983044292155301
2025-08-04T08:00:00+00:00,0.0002508955664159102
2025-08-04T16:00:00+00:00,0.0004373638523456949
2025-08-05T00:00:00+00:00,0.0005069105504095247
2025-08-05T08:00:00+00:00,0.00043959943006698776
2025-08-05T16:00:00+00:00,0.0003911342990856907
2025-08-06T00:00:00+00:00,0.00028525565659036687
2025-08-06T08:00:00+00:00,0.000244879199342442
2025-08-06T16:00:00+00:00,0.00010754034843680308
2025-08-07T00:00:00+00:00,0.00026585574991330995
2025-08-07T08:00:00+00:00,0.0002542169610572386
2025-08-07T16:00:00+00:00,0.0002731428336873481
2025-08-08T00:00:00+00:00,0.00028770024471813806
2025-08-08T08:00:00+00:00,0.0005763723549565742
2025-08-08T16:00:00+00:00,0.000507584224164818
2025-08-09T00:00:00+00:00,0.0005168012876711444
2025-08-09T08:00:00+00:00,0.0005917608359338009
2025-08-09T16:00:00+00:00,0.0006353987595285709
2025-08-10T00:00:00+00:00,0.0006676141139646619
2025-08-10T08:00:00+00:00,0.0004626511579821155
2025-08-10T16:00:00+00:00,0.0005169583847567758
2025-08-11T00:00:00+00:00,0.0005262793520782636
2025-08-11T08:00:00+00:00,0.0007531625432464123
2025-08-11T16:00:00+00:00,0.0006075802449784035
2025-08-12T00:00:00+00:00,0.0004947687934031875
2025-08-12T08:00:00+00:00,0.0003411866517032296
2025-08-12T16:00:00+00:00,0.0002815088260038099
2025-08-13T00:00:00+00:00,0.0003896577718796953
2025-08-13T08:00:00+00:00,0.00036576479956761397
2025-08-13T16:00:00+00:00,0.00034834587776470485
2025-08-14T00:00:00+00:00,0.0005656776204607434
2025-08-14T08:00:00+00:00,0.00034687781094062774
2025-08-14T16:00:00+00:00,0.0001689655805522487
2025-08-15T00:00:00+00:00,0.00023597427001200103
2025-08-15T08:00:00+00:00,0.00023024391603174434
2025-08-15T16:00:00+00:00,0.00016144591266516837
2025-08-16T00:00:00+00:00,4.917672409203729e-05
2025-08-16T08:00:00+00:00,1.373180630987402e-05
2025-08-16T16:00:00+00:00,-1.261431424690428e-05
2025-08-17T00:00:00+00:00,-1.8262770821485934e-05
2025-08-17T08:00:00+00:00,-2.8439663913251e-05
2025-08-17T16:00:00+00:00,6.646047793613577e-05
2025-08-18T00:00:00+00:00,6.770740338929998e-05
2025-08-18T08:00:00+00:00,4.41965108112608e-05
2025-08-18T16:00:00+00:00,-6.203322579259738e-05
2025-08-19T00:00:00+00:00,4.1987934908761135e-05
2025-08-19T08:00:00+00:00,9.309875105976463e-05
2025-08-19T16:00:00+00:00,1.0415355435095352e-05
2025-08-20T00:00:00+00:00,1.7533506005448567e-05
2025-08-20T08:00:00+00:00,0.00010208481034914146
2025-08-20T16:00:00+00:00,0.0002113235322224556
2025-08-21T00:00:00+00:00,0.0001272786234459179
2025-08-21T08:00:00+00:00,0.0002678530746592018
2025-08-21T16:00:00+00:00,0.000254399683370432
2025-08-22T00:00:00+00:00,0.0003091961291807372
2025-08-22T08:00:00+00:00,0.00014068245221295626
2025-08-22T16:00:00+00:00,0.0002728744770250487
2025-08-23T00:00:00+00:00,0.0004626005415931178
2025-08-23T08:00:00+00:00,0.000525528462215664
2025-08-23T16:00:00+00:00,0.000579253047832034
2025-08-24T00:00:00+00:00,0.0006209414068025472
2025-08-24T08:00:00+00:00,0.0006496132610499403
2025-08-24T16:00:00+00:00,0.00046830651254428055
2025-08-25T00:00:00+00:00,0.00032476470378949045
2025-08-25T08:00:00+00:00,0.000268219475043476
2025-08-25T16:00:00+00:00,0.00017066354928401727
2025-08-26T00:00:00+00:00,0.0001146903147020763
2025-08-26T08:00:00+00:00,0.00028384455813641393
2025-08-26T16:00:00+00:00,0.0001821018455537168
2025-08-27T00:00:00+00:00,0.0002497155206114178
2025-08-27T08:00:00+00:00,0.00019584296355817175
2025-08-27T16:00:00+00:00,0.00014580705956468058
2025-08-28T00:00:00+00:00,0.0001359364765650769
2025-08-28T08:00:00+00:00,0.000176243472457663
2025-08-28T16:00:00+00:00,0.0002553958781944749
2025-08-29T00:00:00+00:00,0.00022492297827129333
2025-08-29T08:00:00+00:00,0.0001340679982074727
2025-08-29T16:00:00+00:00,8.512139870084682e-05
2025-08-30T00:00:00+00:00,0.00011554271598170361
2025-08-30T08:00:00+00:00,0.00013081718089550203
2025-08-30T16:00:00+00:00,3.0995959444343246e-05
2025-08-31T00:00:00+00:00,0.00011013207867176098
2025-08-31T08:00:00+00:00,0.00026506653976073253
2025-08-31T16:00:00+00:00,8.554406850769014e-05
2025-09-01T00:00:00+00:00,0.00019667103076049508
2025-09-01T08:00:00+00:00,0.0001715317941282687
2025-09-01T16:00:00+00:00,0.0001698101871821565
2025-09-02T00:00:00+00:00,0.0001701116780233789
2025-09-02T08:00:00+00:00,0.000141706076995807
2025-09-02T16:00:00+00:00,0.0001805124879914984
2025-09-03T00:00:00+00:00,0.0003492951464828728
2025-09-03T08:00:00+00:00,0.00023455325899685394
2025-09-03T16:00:00+00:00,0.0002195004073182691
2025-09-04T00:00:00+00:00,0.00023557097758736452
2025-09-04T08:00:00+00:00,0.00022781801913521847
2025-09-04T16:00:00+00:00,0.00014731257690526718
2025-09-05T00:00:00+00:00,0.00023196067203934694
2025-09-05T08:00:00+00:00,0.00030377861339468524
2025-09-05T16:00:00+00:00,5.0451798488959735e-05
2025-09-06T00:00:00+00:00,0.0001264144481441895
2025-09-06T08:00:00+00:00,1.795881121070349e-05
2025-09-06T16:00:00+00:00,2.53985622182519e-05
2025-09-07T00:00:00+00:00,0.00014364435622012966
2025-09-07T08:00:00+00:00,0.00017122543657919774
2025-09-07T16:00:00+00:00,0.0001424334522712066
2025-09-08T00:00:00+00:00,0.0001573459690278071
2025-09-08T08:00:00+00:00,0.0002213000239178773
2025-09-08T16:00:00+00:00,0.00012611187428660013
2025-09-09T00:00:00+00:00,0.00021477384246905011
2025-09-09T08:00:00+00:00,0.0002667648180470169
2025-09-09T16:00:00+00:00,0.0002032059272126271
2025-09-10T00:00:00+00:00,0.00019339082092406307
2025-09-10T08:00:00+00:00,0.00016813455117232177
2025-09-10T16:00:00+00:00,9.35516620123891e-05
2025-09-11T00:00:00+00:00,0.00010427133888170028
2025-09-11T08:00:00+00:00,0.00021501252409201224
2025-09-11T16:00:00+00:00,0.00011702903247274675
2025-09-12T00:00:00+00:00,0.00011233986574908742
2025-09-12T08:00:00+00:00,0.00047018628932830794
2025-09-12T16:00:00+00:00,-0.00012828940289160803
2025-09-13T00:00:00+00:00,0.00013992166812230617
2025-09-13T08:00:00+00:00,0.00018666662843795046
2025-09-13T16:00:00+00:00,0.00018540376730821978
2025-09-14T00:00:00+00:00,0.00016179686232564255
2025-09-14T08:00:00+00:00,0.0001483061711676173
2025-09-14T16:00:00+00:00,0.0002582759421750109
2025-09-15T00:00:00+00:00,0.0002068262133097934
2025-09-15T08:00:00+00:00,0.0002783891020200864
2025-09-15T16:00:00+00:00,0.00024046687434467896
2025-09-16T00:00:00+00:00,0.00013321118854893113
2025-09-16T08:00:00+00:00,0.00014724960571939956
2025-09-16T16:00:00+00:00,7.68331344895315e-05
2025-09-17T00:00:00+00:00,7.996357014761935e-05
2025-09-17T08:00:00+00:00,0.00029184564637430477
2025-09-17T16:00:00+00:00,0.00020017790580240263
2025-09-18T00:00:00+00:00,0.00020397535316278494
2025-09-18T08:00:00+00:00,9.56865319394272e-05
2025-09-18T16:00:00+00:00,6.777048297324431e-05
2025-09-19T00:00:00+00:00,5.133651510415069e-05
2025-09-19T08:00:00+00:00,0.0001610122847611341
2025-09-19T16:00:00+00:00,0.0003313617314344891
2025-09-20T00:00:00+00:00,0.00019523070116509662
2025-09-20T08:00:00+00:00,0.0001696761631382304
2025-09-20T16:00:00+00:00,0.0001954484704542444
2025-09-21T00:00:00+00:00,0.00024161277586193697
2025-09-21T08:00:00+00:00,0.00014949686539583018
2025-09-21T16:00:00+00:00,0.00034457355121792605
2025-09-22T00:00:00+00:00,0.00011035626838648125
2025-09-22T08:00:00+00:00,0.0002398168436891435
2025-09-22T16:00:00+00:00,0.00020671540961039316
2025-09-23T00:00:00+00:00,0.00022775781943902963
2025-09-23T08:00:00+00:00,0.00037752250051534036
2025-09-23T16:00:00+00:00,0.000491945532717841
2025-09-24T00:00:00+00:00,0.000409942927108047
2025-09-24T08:00:00+00:00,0.00040150307835122877
2025-09-24T16:00:00+00:00,0.00018219447276512593
2025-09-25T00:00:00+00:00,0.0004380098850041358
2025-09-25T08:00:00+00:00,0.0003056629346129499
2025-09-25T16:00:00+00:00,0.0002925513426777454
2025-09-26T00:00:00+00:00,0.00022313393063383132
2025-09-26T08:00:00+00:00,0.0001490636120695881
2025-09-26T16:00:00+00:00,0.00019879818684430509
2025-09-27T00:00:00+00:00,7.472850004321236e-05
2025-09-27T08:00:00+00:00,0.00022117770460360048
2025-09-27T16:00:00+00:00,0.00019346942382750953
2025-09-28T00:00:00+00:00,0.00015862186297145573
2025-09-28T08:00:00+00:00,0.00022860857356373236
2025-09-28T16:00:00+00:00,0.00022602116134609303
2025-09-29T00:00:00+00:00,0.0002554174838552233
2025-09-29T08:00:00+00:00,7.306230250560158e-05
2025-09-29T16:00:00+00:00,0.00010419692292441589
2025-09-30T00:00:00+00:00,0.00032781644218992653
2025-09-30T08:00:00+00:00,0.0004917774766756309
2025-09-30T16:00:00+00:00,0.00039397691082611227
2025-10-01T00:00:00+00:00,0.00038087174035250404
2025-10-01T08:00:00+00:00,0.00027317236684888544
2025-10-01T16:00:00+00:00,0.00035753047026506853
2025-10-02T00:00:00+00:00,0.0003238262057497013
2025-10-02T08:00:00+00:00,0.00042047783248383376
2025-10-02T16:00:00+00:00,0.000258973856047688
2025-10-03T00:00:00+00:00,0.0002684883331669579
2025-10-03T08:00:00+00:00,0.0005135555539688653
2025-10-03T16:00:00+00:00,0.00031992622437382074
2025-10-04T00:00:00+00:00,0.0005391435534799242
2025-10-04T08:00:00+00:00,0.0006155245601873778
2025-10-04T16:00:00+00:00,0.000632562456931772
2025-10-05T00:00:00+00:00,0.0007562628841473788
2025-10-05T08:00:00+00:00,0.0007147363925186722
2025-10-05T16:00:00+00:00,0.0006980970914803792
2025-10-06T00:00:00+00:00,0.0006506808437108196
2025-10-06T08:00:00+00:00,0.0005588280866974728
2025-10-06T16:00:00+00:00,0.0004544948303840041
2025-10-07T00:00:00+00:00,0.00036533051494311053
2025-10-07T08:00:00+00:00,0.0004614190402790544
2025-10-07T16:00:00+00:00,0.0005442561944269603
2025-10-08T00:00:00+00:00,0.0006154812549012571
2025-10-08T08:00:00+00:00,0.0005330698737264496
2025-10-08T16:00:00+00:00,0.0004000637884795491
2025-10-09T00:00:00+00:00,0.00045172182867607387
2025-10-09T08:00:00+00:00,0.0003974651195128097
2025-10-09T16:00:00+00:00,0.0003567542297851835
2025-10-10T00:00:00+00:00,0.00026048868041299127
2025-10-10T08:00:00+00:00,0.00028095604826540243
2025-10-10T16:00:00+00:00,-0.0001006019033113397
2025-10-11T00:00:00+00:00,0.0002408293487701861
2025-10-11T08:00:00+00:00,0.00016982554821444684
2025-10-11T16:00:00+00:00,0.00027621871442214336
2025-10-12T00:00:00+00:00,0.00013731433686077214
2025-10-12T08:00:00+00:00,0.00048548011123028496
2025-10-12T16:00:00+00:00,0.0001426362187717504
2025-10-13T00:00:00+00:00,0.00023525010317248312
2025-10-13T08:00:00+00:00,0.00018261277167203524
2025-10-13T16:00:00+00:00,0.0003298667838176956
2025-10-14T00:00:00+00:00,0.0003129552534403773
2025-10-14T08:00:00+00:00,0.0002587006620108583
2025-10-14T16:00:00+00:00,0.0002609831780613539
2025-10-15T00:00:00+00:00,0.00027489005898497393
2025-10-15T08:00:00+00:00,0.0001470346315721481
2025-10-15T16:00:00+00:00,6.655789781590919e-05
2025-10-16T00:00:00+00:00,-6.067897353353579e-05
2025-10-16T08:00:00+00:00,-5.155024581593802e-05
2025-10-16T16:00:00+00:00,0.00022648480294138
2025-10-17T00:00:00+00:00,0.00014110491045197794
2025-10-17T08:00:00+00:00,-1.9563120890791903e-05
2025-10-17T16:00:00+00:00,-0.0001416025842740115
2025-10-18T00:00:00+00:00,-6.838223263521991e-05
2025-10-18T08:00:00+00:00,1.6973210032741123e-05
2025-10-18T16:00:00+00:00,2.160853247645773e-05
2025-10-19T00:00:00+00:00,6.000143542769823e-05
2025-10-19T08:00:00+00:00,4.545200731422394e-05
2025-10-19T16:00:00+00:00,4.993066027064647e-05
2025-10-20T00:00:00+00:00,0.00017630174114757698
2025-10-20T08:00:00+00:00,0.00025501369580522236
2025-10-20T16:00:00+00:00,0.0002612565233401391
2025-10-21T00:00:00+00:00,0.000147224247312287
2025-10-21T08:00:00+00:00,0.00031296278539348757
2025-10-21T16:00:00+00:00,0.0001866666164864047
2025-10-22T00:00:00+00:00,0.00028466126062702654
2025-10-22T08:00:00+00:00,0.00028978733591929044
2025-10-22T16:00:00+00:00,0.000372699031449547
2025-10-23T00:00:00+00:00,0.0002024195488762276
2025-10-23T08:00:00+00:00,0.0002673937255316913
2025-10-23T16:00:00+00:00,8.634343091008245e-05
2025-10-24T00:00:00+00:00,0.00015027786614973704
2025-10-24T08:00:00+00:00,0.0005031713491008272
2025-10-24T16:00:00+00:00,0.00037447500629073576
2025-10-25T00:00:00+00:00,0.00036466687945730574
2025-10-25T08:00:00+00:00,0.0003178789227643307
2025-10-25T16:00:00+00:00,0.0005335465133354445
2025-10-26T00:00:00+00:00,0.00033896610240724686
2025-10-26T08:00:00+00:00,0.0004450907913755723
2025-10-26T16:00:00+00:00,0.0006880377228918381
2025-10-27T00:00:00+00:00,0.0007716404352252241
2025-10-27T08:00:00+00:00,8.035818514853715e-05
2025-10-27T16:00:00+00:00,0.00046589763090209093
2025-10-28T00:00:00+00:00,0.0003441923264388142
2025-10-28T08:00:00+00:00,0.00019130914496411492
2025-10-28T16:00:00+00:00,6.539600010426696e-05
2025-10-29T00:00:00+00:00,0.00017616648227408095
2025-10-29T08:00:00+00:00,0.0002670400731956775
2025-10-29T16:00:00+00:00,0.0007097044014457684
2025-10-30T00:00:00+00:00,0.0001881552067061141
2025-10-30T08:00:00+00:00,0.0007031190310578617
2025-10-30T16:00:00+00:00,-7.672086780147502e-05
2025-10-31T00:00:00+00:00,3.6267090647478364e-05
2025-10-31T08:00:00+00:00,0.00026207198847732246
2025-10-31T16:00:00+00:00,3.8422080455140745e-05
2025-11-01T00:00:00+00:00,0.00010598382587533877
2025-11-01T08:00:00+00:00,0.00029084867952474134
2025-11-01T16:00:00+00:00,0.0005708624976784922
2025-11-02T00:00:00+00:00,0.000108618511174769
2025-11-02T08:00:00+00:00,-0.00021960670173348787
2025-11-02T16:00:00+00:00,0.00010243647500714778
2025-11-03T00:00:00+00:00,0.0007641108839268689
2025-11-03T08:00:00+00:00,-5.192329753801459e-05
2025-11-03T16:00:00+00:00,-0.0002059216996205955
2025-11-04T00:00:00+00:00,8.440692980189865e-05
2025-11-04T08:00:00+00:00,0.0003014508435735669
2025-11-04T16:00:00+00:00,0.0005071601164348994
2025-11-05T00:00:00+00:00,0.00021271221038162542
2025-11-05T08:00:00+00:00,0.00044943154217873634
2025-11-05T16:00:00+00:00,-0.00021821798569768186
2025-11-06T00:00:00+00:00,-0.00018400657030838321
2025-11-06T08:00:00+00:00,-6.456539977720898e-05
2025-11-06T16:00:00+00:00,-0.00011998600871420128
2025-11-07T00:00:00+00:00,-4.0468459202547e-05
2025-11-07T08:00:00+00:00,-1.7083387817731758e-05
2025-11-07T16:00:00+00:00,0.00011753355665765466
2025-11-08T00:00:00+00:00,0.00030720729031735825
2025-11-08T08:00:00+00:00,0.000495415302780129
2025-11-08T16:00:00+00:00,0.0002154182488666515
2025-11-09T00:00:00+00:00,-9.028880979554094e-05
2025-11-09T08:00:00+00:00,-0.00011571911964913798
2025-11-09T16:00:00+00:00,-3.377754789685981e-05
2025-11-10T00:00:00+00:00,0.00012998775824486132
2025-11-10T08:00:00+00:00,-7.171811042042532e-05
2025-11-10T16:00:00+00:00,7.43879018455863e-06
2025-11-11T00:00:00+00:00,-0.00016772210116629299
2025-11-11T08:00:00+00:00,-2.800245803382141e-05
2025-11-11T16:00:00+00:00,0.0001017802222250664
2025-11-12T00:00:00+00:00,0.000300700963896026
2025-11-12T08:00:00+00:00,0.00036756638989595146
2025-11-12T16:00:00+00:00,8.228337394010524e-05
2025-11-13T00:00:00+00:00,-0.00021612911947628468
2025-11-13T08:00:00+00:00,-3.4960929018707074e-05
2025-11-13T16:00:00+00:00,2.1644228631851147e-05
2025-11-14T00:00:00+00:00,-8.740813643732223e-05
2025-11-14T08:00:00+00:00,-3.8219221829329436e-05
2025-11-14T16:00:00+00:00,-0.000277184831572387
2025-11-15T00:00:00+00:00,-0.00017543935434039706
2025-11-15T08:00:00+00:00,-0.00018801405974338943
2025-11-15T16:00:00+00:00,-0.00022046503590896825
2025-11-16T00:00:00+00:00,-0.00020893937395210154
2025-11-16T08:00:00+00:00,-0.0003742214671887564
2025-11-16T16:00:00+00:00,-4.023971930158088e-06
2025-11-17T00:00:00+00:00,1.0135665329498378e-06
2025-11-17T08:00:00+00:00,1.386884196705566e-05
2025-11-17T16:00:00+00:00,0.00022526642491915044
2025-11-18T00:00:00+00:00,9.241806688730034e-05
2025-11-18T08:00:00+00:00,-1.030302938941e-05
2025-11-18T16:00:00+00:00,-0.00015661476263895233
2025-11-19T00:00:00+00:00,-5.793933759001581e-07
2025-11-19T08:00:00+00:00,-0.0003535696041627826
2025-11-19T16:00:00+00:00,-0.00032501923688116156
2025-11-20T00:00:00+00:00,-6.409096002230742e-05
2025-11-20T08:00:00+00:00,4.969969264063476e-05
2025-11-20T16:00:00+00:00,0.0003037155199480166
2025-11-21T00:00:00+00:00,-3.0886509672682275e-05
2025-11-21T08:00:00+00:00,-0.00015038999068660086
2025-11-21T16:00:00+00:00,-0.0001991724312693448
2025-11-22T00:00:00+00:00,-0.00013588924098474197
2025-11-22T08:00:00+00:00,-0.0001058199510785412
2025-11-22T16:00:00+00:00,-0.00013870015711966283
2025-11-23T00:00:00+00:00,-0.0001999708400333335
2025-11-23T08:00:00+00:00,-0.0002039729920396725
2025-11-23T16:00:00+00:00,-0.0002267140424624097
2025-11-24T00:00:00+00:00,-0.00017695682168021774
2025-11-24T08:00:00+00:00,-9.463500101419387e-05
2025-11-24T16:00:00+00:00,-0.0004585493264715602
2025-11-25T00:00:00+00:00,-0.0002756938856397407
2025-11-25T08:00:00+00:00,-0.0001258164788343471
2025-11-25T16:00:00+00:00,-0.00020967439480164745
2025-11-26T00:00:00+00:00,-0.00014120957880160685
2025-11-26T08:00:00+00:00,-0.00022328171783728045
2025-11-26T16:00:00+00:00,-0.00014291959816848507
2025-11-27T00:00:00+00:00,-0.0002491844900365586
2025-11-27T08:00:00+00:00,-0.00011914529058338372
2025-11-27T16:00:00+00:00,-7.089400832599619e-05
2025-11-28T00:00:00+00:00,-8.319134130646978e-05
2025-11-28T08:00:00+00:00,-0.0001017650799146747
2025-11-28T16:00:00+00:00,-0.00010334472311707308
2025-11-29T00:00:00+00:00,-0.00014707169993330983
2025-11-29T08:00:00+00:00,-0.0001721682231352788
2025-11-29T16:00:00+00:00,-4.2291132103427974e-05
2025-11-30T00:00:00+00:00,-7.7508571900702e-05
2025-11-30T08:00:00+00:00,6.898454454093623e-05
2025-11-30T16:00:00+00:00,-1.1803155558255364e-05
2025-12-01T00:00:00+00:00,-2.6689050432300417e-05
2025-12-01T08:00:00+00:00,-0.0002291380837253705
2025-12-01T16:00:00+00:00,-0.0003053744830964766
2025-12-02T00:00:00+00:00,-0.0002494983532996145
2025-12-02T08:00:00+00:00,-0.0001580766626825282
2025-12-02T16:00:00+00:00,-0.0003550239506005763
2025-12-03T00:00:00+00:00,-0.00014542076001396528
2025-12-03T08:00:00+00:00,-0.00014454865737688964
2025-12-03T16:00:00+00:00,-0.00011882385455677893
2025-12-04T00:00:00+00:00,-9.29022093771433e-05
2025-12-04T08:00:00+00:00,-5.83760755044178e-05
2025-12-04T16:00:00+00:00,-0.0001483141156618602
2025-12-05T00:00:00+00:00,-0.00014718777826107837
2025-12-05T08:00:00+00:00,-0.00014688655248236115
2025-12-05T16:00:00+00:00,-0.0003434271333103791
2025-12-06T00:00:00+00:00,-0.0002379071956965874
2025-12-06T08:00:00+00:00,-0.0003631955681590778
2025-12-06T16:00:00+00:00,-0.0004969617556202976
2025-12-07T00:00:00+00:00,-0.0002495047622271515
2025-12-07T08:00:00+00:00,-0.00027707223111456515
2025-12-07T16:00:00+00:00,-0.00019128243495242778
2025-12-08T00:00:00+00:00,-0.0001496585686398414
2025-12-08T08:00:00+00:00,-0.0001837989685373305
2025-12-08T16:00:00+00:00,-0.000346382606103211
2025-12-09T00:00:00+00:00,-0.0003426578229898077
2025-12-09T08:00:00+00:00,-0.00022535059801454031
2025-12-09T16:00:00+00:00,-0.0006014955747265651
2025-12-10T00:00:00+00:00,-0.0008936628285655614
2025-12-10T08:00:00+00:00,-0.000360688156598014
2025-12-10T16:00:00+00:00,-0.0003597731945744757
2025-12-11T00:00:00+00:00,-0.00030704420154830525
2025-12-11T08:00:00+00:00,-0.00018600052087954636
2025-12-11T16:00:00+00:00,-0.00021675901743737385
2025-12-12T00:00:00+00:00,-0.0001596010306668217
2025-12-12T08:00:00+00:00,-0.0001406555412587422
2025-12-12T16:00:00+00:00,-0.00022118055202745865
2025-12-13T00:00:00+00:00,-4.7310297055555344e-05
2025-12-13T08:00:00+00:00,-0.00020693601923459364
2025-12-13T16:00:00+00:00,5.929319625340315e-05
2025-12-14T00:00:00+00:00,3.648388162108718e-05
2025-12-14T08:00:00+00:00,-0.00021199063026590534
2025-12-14T16:00:00+00:00,-0.00017221702548406856
2025-12-15T00:00:00+00:00,-0.0002117424643359795
2025-12-15T08:00:00+00:00,-0.0003134650482664092
2025-12-15T16:00:00+00:00,0.00013971276146859725
2025-12-16T00:00:00+00:00,-0.00010749207150470951
2025-12-16T08:00:00+00:00,-0.0001534080228320179
2025-12-16T16:00:00+00:00,-0.0003944575982998133
2025-12-17T00:00:00+00:00,-0.0002716257514687724
2025-12-17T08:00:00+00:00,-0.00012026885437904975
2025-12-17T16:00:00+00:00,4.6056485871012424e-05
2025-12-18T00:00:00+00:00,-0.0002076589613294934
2025-12-18T08:00:00+00:00,-0.0001516334315172718
2025-12-18T16:00:00+00:00,-1.655932139141086e-05
2025-12-19T00:00:00+00:00,-8.708945548531721e-05
2025-12-19T08:00:00+00:00,-0.00011526885738268611
2025-12-19T16:00:00+00:00,-0.00015574650491745215
2025-12-20T00:00:00+00:00,-0.00035050075551700514
2025-12-20T08:00:00+00:00,-0.00018229660498204236
2025-12-20T16:00:00+00:00,-6.303198457939237e-05
2025-12-21T00:00:00+00:00,-0.00011243065265486573
2025-12-21T08:00:00+00:00,-7.306159477171426e-05
2025-12-21T16:00:00+00:00,-0.00011016781946643288
2025-12-22T00:00:00+00:00,-0.00020289096842935413
2025-12-22T08:00:00+00:00,-0.00011804889862888786
2025-12-22T16:00:00+00:00,-3.5866694675276878e-06
2025-12-23T00:00:00+00:00,-0.00012169392635018046
2025-12-23T08:00:00+00:00,-0.00014823615398203347
2025-12-23T16:00:00+00:00,7.291700335182636e-05
2025-12-24T00:00:00+00:00,-0.00014379172421062614
2025-12-24T08:00:00+00:00,7.065302551336672e-05
2025-12-24T16:00:00+00:00,0.00012448434932609828
2025-12-25T00:00:00+00:00,-0.00019421187451948923
2025-12-25T08:00:00+00:00,-2.1709585961580488e-05
2025-12-25T16:00:00+00:00,-7.961473797780666e-05
2025-12-26T00:00:00+00:00,-0.00015085240428335054
2025-12-26T08:00:00+00:00,0.0004248093886684417
2025-12-26T16:00:00+00:00,0.0012472852051574458
2025-12-27T00:00:00+00:00,0.00033491815781800033
2025-12-27T08:00:00+00:00,0.0002749796079983512
2025-12-27T16:00:00+00:00,0.00044779548230854035
2025-12-28T00:00:00+00:00,0.0003907046098287876
2025-12-28T08:00:00+00:00,0.00021266399911652395
2025-12-28T16:00:00+00:00,0.000367937358414764
2025-12-29T00:00:00+00:00,0.00031930805971230707
2025-12-29T08:00:00+00:00,0.00036590186337979124
2025-12-29T16:00:00+00:00,0.0006657760755815872
2025-12-30T00:00:00+00:00,0.0003507699802963956
2025-12-30T08:00:00+00:00,0.00026671625418376617
2025-12-30T16:00:00+00:00,0.00038806012169968594
2025-12-31T00:00:00+00:00,0.00026572630279803375
2025-12-31T08:00:00+00:00,0.0003701959828596439
2025-12-31T16:00:00+00:00,0.0005637589427904682
2026-01-01T00:00:00+00:00,0.0009463870933340307
2026-01-01T08:00:00+00:00,0.0006522908761395755
2026-01-01T16:00:00+00:00,0.00042059084010023963
2026-01-02T00:00:00+00:00,0.0001804137139610676
2026-01-02T08:00:00+00:00,0.00017646600273452519
2026-01-02T16:00:00+00:00,0.0005220311552230757
2026-01-03T00:00:00+00:00,0.0001642229782222847
2026-01-03T08:00:00+00:00,0.0002564742281732626
2026-01-03T16:00:00+00:00,0.0003239165102042198
2026-01-04T00:00:00+00:00,0.0002949641609996226
2026-01-04T08:00:00+00:00,0.00016037086215653078
2026-01-04T16:00:00+00:00,0.00025788934708694016
2026-01-05T00:00:00+00:00,0.00020204019178782944
2026-01-05T08:00:00+00:00,0.00020215163304366506
2026-01-05T16:00:00+00:00,-0.00017259850910612273
2026-01-06T00:00:00+00:00,6.383801525798785e-05
2026-01-06T08:00:00+00:00,0.0002657358013393111
2026-01-06T16:00:00+00:00,0.0007175294676330552
2026-01-07T00:00:00+00:00,0.00059442638627788
2026-01-07T08:00:00+00:00,0.0013246976651658435
2026-01-07T16:00:00+00:00,0.0005248633048139697
2026-01-08T00:00:00+00:00,0.0002640713892822438
2026-01-08T08:00:00+00:00,0.00046119616639385137
2026-01-08T16:00:00+00:00,2.4148767500110823e-06
2026-01-09T00:00:00+00:00,0.0001950302630393894
2026-01-09T08:00:00+00:00,0.00047951436823403013
2026-01-09T16:00:00+00:00,0.00040853740981248846
2026-01-10T00:00:00+00:00,0.00033281758793290436
2026-01-10T08:00:00+00:00,0.0003960135626431823
2026-01-10T16:00:00+00:00,0.0002107148204998345
2026-01-11T00:00:00+00:00,0.0004642456543129924
2026-01-11T08:00:00+00:00,0.00022143910333242934
2026-01-11T16:00:00+00:00,0.0003773905270495447
2026-01-12T00:00:00+00:00,0.0003249923510187156
2026-01-12T08:00:00+00:00,0.00021481415355960136
2026-01-12T16:00:00+00:00,0.0001259381322849102
2026-01-13T00:00:00+00:00,0.0002560031358594994
2026-01-13T08:00:00+00:00,0.00024324828961334673
2026-01-13T16:00:00+00:00,-0.00020983412159966032
2026-01-14T00:00:00+00:00,0.00011032894525091457
2026-01-14T08:00:00+00:00,7.503484925219479e-05
2026-01-14T16:00:00+00:00,-0.00021213035349459331
2026-01-15T00:00:00+00:00,8.953014258532157e-05
2026-01-15T08:00:00+00:00,0.0002641339036684937
2026-01-15T16:00:00+00:00,3.3817342182900624e-05
2026-01-16T00:00:00+00:00,0.000180011217373043
2026-01-16T08:00:00+00:00,0.00016462447436119108
2026-01-16T16:00:00+00:00,0.0001897074197367436
2026-01-17T00:00:00+00:00,8.73208412543042e-05
2026-01-17T08:00:00+00:00,0.00014527782200213246
2026-01-17T16:00:00+00:00,2.307164387259952e-05
2026-01-18T00:00:00+00:00,0.00013287089013576752
2026-01-18T08:00:00+00:00,9.334125582266518e-05
2026-01-18T16:00:00+00:00,0.00016639217562105957
2026-01-19T00:00:00+00:00,4.71381330921533e-05
2026-01-19T08:00:00+00:00,0.00012922200949501598
2026-01-19T16:00:00+00:00,0.0001972544270684695
2026-01-20T00:00:00+00:00,0.00023949105668563778
2026-01-20T08:00:00+00:00,0.00041694652142444113
2026-01-20T16:00:00+00:00,0.0005083381514176061
2026-01-21T00:00:00+00:00,0.00030007790416732054
2026-01-21T08:00:00+00:00,0.0001729296736255675
2026-01-21T16:00:00+00:00,0.00030687212190659915
2026-01-22T00:00:00+00:00,0.00018399073136504023
2026-01-22T08:00:00+00:00,0.0002600251345373731
2026-01-22T16:00:00+00:00,0.00035084905123517065
2026-01-23T00:00:00+00:00,0.000272672222230428
2026-01-23T08:00:00+00:00,0.0002762045322197383
2026-01-23T16:00:00+00:00,0.00030933750096911013
2026-01-24T00:00:00+00:00,0.00030515773212052595
2026-01-24T08:00:00+00:00,0.0002841185202337365
2026-01-24T16:00:00+00:00,0.00020273037235824857
2026-01-25T00:00:00+00:00,0.0003068442208938379
2026-01-25T08:00:00+00:00,0.00045714831258587813
2026-01-25T16:00:00+00:00,0.0005136449015623973
2026-01-26T00:00:00+00:00,0.00014285279080735494
2026-01-26T08:00:00+00:00,0.00021757792767810414
2026-01-26T16:00:00+00:00,0.00032986877466837825
2026-01-27T00:00:00+00:00,0.00028722719780523793
2026-01-27T08:00:00+00:00,0.0004429583382538563
2026-01-27T16:00:00+00:00,0.00038626315361588257
2026-01-28T00:00:00+00:00,0.00029322556301988954
2026-01-28T08:00:00+00:00,0.00029486477929271563
2026-01-28T16:00:00+00:00,0.0005985991149172708
2026-01-29T00:00:00+00:00,0.00034202068424828434
2026-01-29T08:00:00+00:00,0.00038553814065617133
2026-01-29T16:00:00+00:00,0.00042092393426381103
2026-01-30T00:00:00+00:00,0.00011067341572604415
2026-01-30T08:00:00+00:00,0.0001717595892542561
2026-01-30T16:00:00+00:00,0.0008952042636478218
2026-01-31T00:00:00+00:00,0.0004098135272650089
2026-01-31T08:00:00+00:00,0.0004788456807219987
2026-01-31T16:00:00+00:00,0.00024274773571925242
2026-02-01T00:00:00+00:00,-2.1996053527966074e-05
2026-02-01T08:00:00+00:00,0.00012825126218878486
2026-02-01T16:00:00+00:00,0.00034528001729794216
2026-02-02T00:00:00+00:00,0.0003040015506249006
2026-02-02T08:00:00+00:00,0.0005409118968680824
2026-02-02T16:00:00+00:00,0.00011646442751193781
2026-02-03T00:00:00+00:00,0.00013661604778515782
2026-02-03T08:00:00+00:00,0.00018211362937338424
2026-02-03T16:00:00+00:00,0.00044566806182010066
2026-02-04T00:00:00+00:00,0.00022838718283524066
2026-02-04T08:00:00+00:00,1.2562912059324743e-05
2026-02-04T16:00:00+00:00,0.000597080601728571
2026-02-05T00:00:00+00:00,0.00020345699910015924
2026-02-05T08:00:00+00:00,0.0006023481285197819
2026-02-05T16:00:00+00:00,0.0001596047631186557
2026-02-06T00:00:00+00:00,-0.00015997519188105353
2026-02-06T08:00:00+00:00,-0.00030645899707549125
2026-02-06T16:00:00+00:00,-0.0005607204774125067
2026-02-07T00:00:00+00:00,-0.000297301338225437
2026-02-07T08:00:00+00:00,7.516919055542205e-05
2026-02-07T16:00:00+00:00,-5.8213645586136795e-05
2026-02-08T00:00:00+00:00,-7.36508625962753e-05
2026-02-08T08:00:00+00:00,-7.6340683817501e-05
2026-02-08T16:00:00+00:00,-5.544597472546551e-05
2026-02-09T00:00:00+00:00,-2.021148098655264e-06
2026-02-09T08:00:00+00:00,-5.909252538012097e-05
2026-02-09T16:00:00+00:00,-0.0002861940492575211
2026-02-10T00:00:00+00:00,-4.559220536763621e-05
2026-02-10T08:00:00+00:00,-0.0001509391338284926
2026-02-10T16:00:00+00:00,-8.778059341415185e-05
2026-02-11T00:00:00+00:00,-6.58384592346972e-05
2026-02-11T08:00:00+00:00,0.00015128306950097894
2026-02-11T16:00:00+00:00,0.00010864060806655982
2026-02-12T00:00:00+00:00,0.00012411253593527574
2026-02-12T08:00:00+00:00,-1.7761033104936627e-05
2026-02-12T16:00:00+00:00,-4.3673080602882584e-05
2026-02-13T00:00:00+00:00,-8.959577783093402e-05
2026-02-13T08:00:00+00:00,-0.00016181106431290858
2026-02-13T16:00:00+00:00,-0.00039461384114678394
2026-02-14T00:00:00+00:00,-0.0002613498646881026
2026-02-14T08:00:00+00:00,-0.00020419173841083334
2026-02-14T16:00:00+00:00,-6.405692233114302e-05
2026-02-15T00:00:00+00:00,-9.722175256737975e-05
2026-02-15T08:00:00+00:00,-0.00019041166533607527
2026-02-15T16:00:00+00:00,-4.8469898355560554e-05
2026-02-16T00:00:00+00:00,-8.839134604905644e-05
2026-02-16T08:00:00+00:00,-0.0001607661310150373
2026-02-16T16:00:00+00:00,-0.00010712945039674026
2026-02-17T00:00:00+00:00,-0.0001857113163962307
2026-02-17T08:00:00+00:00,-6.354762925468047e-05
2026-02-17T16:00:00+00:00,-1.6194357023125552e-06
2026-02-18T00:00:00+00:00,-8.214409910627182e-05
2026-02-18T08:00:00+00:00,-9.597729975631911e-05
2026-02-18T16:00:00+00:00,-4.502864183992288e-05
2026-02-19T00:00:00+00:00,2.774656606730489e-05
2026-02-19T08:00:00+00:00,5.6229788273648355e-05
2026-02-19T16:00:00+00:00,0.00014195793008827184
2026-02-20T00:00:00+00:00,9.357698146341697e-05
2026-02-20T08:00:00+00:00,-2.387527059908079e-05
2026-02-20T16:00:00+00:00,-2.0176585583095024e-06
2026-02-21T00:00:00+00:00,-5.40635450444415e-05
2026-02-21T08:00:00+00:00,-0.00010862705579818395
2026-02-21T16:00:00+00:00,-0.00018376052754742408
2026-02-22T00:00:00+00:00,-7.136118062866374e-05
2026-02-22T08:00:00+00:00,-5.430549034991854e-05
2026-02-22T16:00:00+00:00,2.75541333553099e-05
2026-02-23T00:00:00+00:00,-0.0002603827108370665
2026-02-23T08:00:00+00:00,-0.00017371062548655447
2026-02-23T16:00:00+00:00,3.196726142944336e-05
2026-02-24T00:00:00+00:00,-9.207429270362395e-05
2026-02-24T08:00:00+00:00,-0.00011921298834378847
2026-02-24T16:00:00+00:00,-0.0002478475545307585
2026-02-25T00:00:00+00:00,-0.00014304346298635138
2026-02-25T08:00:00+00:00,-0.00012458434660759566
2026-02-25T16:00:00+00:00,-0.00030606514855108246
2026-02-26T00:00:00+00:00,-7.196008628869072e-05
2026-02-26T08:00:00+00:00,-7.384393552578296e-05
2026-02-26T16:00:00+00:00,-0.00017333678685982936
2026-02-27T00:00:00+00:00,-0.0002639821659731286
2026-02-27T08:00:00+00:00,-0.00038987771622576886
2026-02-27T16:00:00+00:00,-0.00013283845705178355
2026-02-28T00:00:00+00:00,-0.00019048247379148956
2026-02-28T08:00:00+00:00,-0.000382679206846088
2026-02-28T16:00:00+00:00,-0.0002961335305033072
2026-03-01T00:00:00+00:00,-0.0002866028371003167
2026-03-01T08:00:00+00:00,-0.00030526808477914635
2026-03-01T16:00:00+00:00,-0.00016951540220834271
2026-03-02T00:00:00+00:00,-0.00019087246084245252
2026-03-02T08:00:00+00:00,-7.998904419279039e-05
2026-03-02T16:00:00+00:00,-0.00023398878003093364
2026-03-03T00:00:00+00:00,-6.510614277626466e-05
2026-03-03T08:00:00+00:00,-3.213017673464217e-05
2026-03-03T16:00:00+00:00,-0.0003154998854016637
2026-03-04T00:00:00+00:00,-0.00014408552130464974
2026-03-04T08:00:00+00:00,-0.0001531917502143021
2026-03-04T16:00:00+00:00,-0.0006754072546400821
2026-03-05T00:00:00+00:00,-0.0002642534041624887
2026-03-05T08:00:00+00:00,-0.000309820094756277
2026-03-05T16:00:00+00:00,-0.00020593223568608562
2026-03-06T00:00:00+00:00,-0.00024181985687786166
2026-03-06T08:00:00+00:00,-0.0002483006250785048
2026-03-06T16:00:00+00:00,-0.00017212542923737413
2026-03-07T00:00:00+00:00,-0.0001367009748012832
2026-03-07T08:00:00+00:00,-0.0003153156963729361
2026-03-07T16:00:00+00:00,-0.00035909791537389827
2026-03-08T00:00:00+00:00,-0.0002581105593051847
2026-03-08T08:00:00+00:00,-0.00029771240106955945
2026-03-08T16:00:00+00:00,-0.0002962481518118101
2026-03-09T00:00:00+00:00,-0.0003668997742357898
2026-03-09T08:00:00+00:00,-0.00043562572957819195
2026-03-09T16:00:00+00:00,-0.0005803103328890526
2026-03-10T00:00:00+00:00,-0.00036064947214883256
2026-03-10T08:00:00+00:00,-0.0005039228056238152
2026-03-10T16:00:00+00:00,-0.0006247444084971177
2026-03-11T00:00:00+00:00,-0.00045549939603850966
2026-03-11T08:00:00+00:00,-0.0005112190502970432
2026-03-11T16:00:00+00:00,-0.0006285122277805463
2026-03-12T00:00:00+00:00,-0.0004299175809897743
2026-03-12T08:00:00+00:00,-0.0005779700947657493
2026-03-12T16:00:00+00:00,-0.0005602832414270354
2026-03-13T00:00:00+00:00,-0.0003118430530190555
2026-03-13T08:00:00+00:00,-0.0006005746376926006
2026-03-13T16:00:00+00:00,-0.00026273942678476563
2026-03-14T00:00:00+00:00,-0.0002831878285089499
2026-03-14T08:00:00+00:00,-0.00039821763858402266
2026-03-14T16:00:00+00:00,-0.0003852492147817759
2026-03-15T00:00:00+00:00,-0.0003712556825147172
2026-03-15T08:00:00+00:00,-0.0003706343344673427
2026-03-15T16:00:00+00:00,-0.00033194868557644353
2026-03-16T00:00:00+00:00,-0.0002791394446327533
2026-03-16T08:00:00+00:00,-0.00023950663157099936
2026-03-16T16:00:00+00:00,-0.0002646126028302935
2026-03-17T00:00:00+00:00,-0.0002637597906064491
2026-03-17T08:00:00+00:00,-0.00030138259963483814
2026-03-17T16:00:00+00:00,-0.00043746799199426573
2026-03-18T00:00:00+00:00,-0.00028029038076401785
2026-03-18T08:00:00+00:00,-0.00018769198108328991
2026-03-18T16:00:00+00:00,-0.00018989961377418086
2026-03-19T00:00:00+00:00,-0.00020207595208090605
2026-03-19T08:00:00+00:00,-7.060825900577947e-05
2026-03-19T16:00:00+00:00,-0.00011533135530097955
2026-03-20T00:00:00+00:00,-0.00019074502859638427
2026-03-20T08:00:00+00:00,-0.00021869143159436663
2026-03-20T16:00:00+00:00,-0.0001424739989801735
2026-03-21T00:00:00+00:00,-0.0002709988416880033
2026-03-21T08:00:00+00:00,-0.0003091876227520241
2026-03-21T16:00:00+00:00,-0.00025066301198562173
2026-03-22T00:00:00+00:00,-0.0003440203678214553
2026-03-22T08:00:00+00:00,-0.0003803051130968247
2026-03-22T16:00:00+00:00,-0.00024029377855245502
2026-03-23T00:00:00+00:00,-0.00016622151099397967
2026-03-23T08:00:00+00:00,-0.00017198812081187622
2026-03-23T16:00:00+00:00,-0.0004094112085287453
2026-03-24T00:00:00+00:00,-0.00020673144654625333
2026-03-24T08:00:00+00:00,-0.00013110477951997642
2026-03-24T16:00:00+00:00,-0.00011877357410719651
2026-03-25T00:00:00+00:00,-0.0002120172020516134
2026-03-25T08:00:00+00:00,-0.00017163073552819397
2026-03-25T16:00:00+00:00,-0.00010965813518432178
2026-03-26T00:00:00+00:00,-0.000179199837499519
2026-03-26T08:00:00+00:00,-4.094301393750193e-05
2026-03-26T16:00:00+00:00,9.112001591616548e-05
2026-03-27T00:00:00+00:00,-0.00014496226344046554
2026-03-27T08:00:00+00:00,-0.0002529913257091093
2026-03-27T16:00:00+00:00,-3.1803295044056624e-05
2026-03-28T00:00:00+00:00,-0.0003328795766302525
2026-03-28T08:00:00+00:00,-0.00038292223776768564
2026-03-28T16:00:00+00:00,0.0001118763894706373
2026-03-29T00:00:00+00:00,0.00019635358701799505
2026-03-29T08:00:00+00:00,0.00010602097158257246
2026-03-29T16:00:00+00:00,4.694901885701886e-05
2026-03-30T00:00:00+00:00,-0.00011245282454097039
2026-03-30T08:00:00+00:00,-0.0004886092516549743
2026-03-30T16:00:00+00:00,0.00019845052758483687
2026-03-31T00:00:00+00:00,-0.0003832828882411039
2026-03-31T08:00:00+00:00,0.0006213742514095728
2026-03-31T16:00:00+00:00,-0.0008643064630494293
2026-04-01T00:00:00+00:00,-0.0008242509584375385
2026-04-01T08:00:00+00:00,-0.0007652617871203928
2026-04-01T16:00:00+00:00,-0.0007409045682869845
2026-04-02T00:00:00+00:00,-0.0004236699394627097
2026-04-02T08:00:00+00:00,-0.0002877645641131344
2026-04-02T16:00:00+00:00,-0.0006389073070662425
2026-04-03T00:00:00+00:00,-0.0003509340874634726
2026-04-03T08:00:00+00:00,-0.00029792603975713314
2026-04-03T16:00:00+00:00,-0.00010359267996056971
2026-04-04T00:00:00+00:00,-0.0002496138159365239
2026-04-04T08:00:00+00:00,-0.00022899687655891023
2026-04-04T16:00:00+00:00,0.00015975490343135885
2026-04-05T00:00:00+00:00,-0.0005581412204594238
2026-04-05T08:00:00+00:00,-0.00035878354745424713
2026-04-05T16:00:00+00:00,-0.0008975477420453466
2026-04-06T00:00:00+00:00,-0.0003112743423796135
2026-04-06T08:00:00+00:00,-0.0010308031527193982
2026-04-06T16:00:00+00:00,-0.0008682449363710988
2026-04-07T00:00:00+00:00,-0.0003089585624566714
2026-04-07T08:00:00+00:00,-0.00018924225997769343
2026-04-07T16:00:00+00:00,-0.000493328783229249
2026-04-08T00:00:00+00:00,-0.00020657124519058012
2026-04-08T08:00:00+00:00,-5.1140152037217466e-05
2026-04-08T16:00:00+00:00,-0.0004295638137081085
2026-04-09T00:00:00+00:00,-0.0003015418842412838
2026-04-09T08:00:00+00:00,-0.00024577748006646204
2026-04-09T16:00:00+00:00,-7.08220123297854e-05
2026-04-10T00:00:00+00:00,-0.00019512065764785554
2026-04-10T08:00:00+00:00,-9.989475922589974e-05
2026-04-10T16:00:00+00:00,-0.0002397121325029148
2026-04-11T00:00:00+00:00,-0.000610635440792022
2026-04-11T08:00:00+00:00,-0.00027379821628448567
2026-04-11T16:00:00+00:00,5.060978676965578e-05
2026-04-12T00:00:00+00:00,-0.00015815673954299692
2026-04-12T08:00:00+00:00,0.0001073289238730074
2026-04-12T16:00:00+00:00,0.00011492943687900206
2026-04-13T00:00:00+00:00,-5.4263163715711376e-05
2026-04-13T08:00:00+00:00,0.00013949098519633397
2026-04-13T16:00:00+00:00,0.0001427323395226039
2026-04-14T00:00:00+00:00,0.0002287763482093596
2026-04-14T08:00:00+00:00,0.00018374151848142266
2026-04-14T16:00:00+00:00,-4.684551580168544e-05
2026-04-15T00:00:00+00:00,0.00017597666653419058
2026-04-15T08:00:00+00:00,0.0003453939869887917
2026-04-15T16:00:00+00:00,0.0002255554653824938
2026-04-16T00:00:00+00:00,0.00026073924138348884
2026-04-16T08:00:00+00:00,0.0005358817497280573
2026-04-16T16:00:00+00:00,0.00048071400570712507
2026-04-17T00:00:00+00:00,0.00026229882927060434
2026-04-17T08:00:00+00:00,-0.00016126970203639757
2026-04-17T16:00:00+00:00,0.0004728475893233497
2026-04-18T00:00:00+00:00,5.6122125069721275e-06
2026-04-18T08:00:00+00:00,0.0002299039677116918
2026-04-18T16:00:00+00:00,0.00025519294390101546
2026-04-19T00:00:00+00:00,0.0005169310657330634
2026-04-19T08:00:00+00:00,0.0003023297817142798
2026-04-19T16:00:00+00:00,0.0003395799139059352
2026-04-20T00:00:00+00:00,0.0001973644453894383
2026-04-20T08:00:00+00:00,8.983989935678131e-05
2026-04-20T16:00:00+00:00,0.00015650204124618888
2026-04-21T00:00:00+00:00,0.0001022405760273105
2026-04-21T08:00:00+00:00,0.00016321574050364126
2026-04-21T16:00:00+00:00,-0.000410190196862804
2026-04-22T00:00:00+00:00,-0.00011164100159654115
2026-04-22T08:00:00+00:00,-0.00012894029823842072
2026-04-22T16:00:00+00:00,-0.00018555333791347127
2026-04-23T00:00:00+00:00,0.00011755860479342449
2026-04-23T08:00:00+00:00,7.2995762705785e-05
2026-04-23T16:00:00+00:00,0.00024482473439097516
2026-04-24T00:00:00+00:00,0.00016794146310118767
2026-04-24T08:00:00+00:00,9.28447489114973e-05
2026-04-24T16:00:00+00:00,0.0004855993359470711
2026-04-25T00:00:00+00:00,9.124225650880422e-05
2026-04-25T08:00:00+00:00,9.793317902922585e-05
2026-04-25T16:00:00+00:00,0.0003857546094899397
2026-04-26T00:00:00+00:00,0.00023017924546882992
2026-04-26T08:00:00+00:00,7.356628344200303e-05
2026-04-26T16:00:00+00:00,0.0006170285663124904
2026-04-27T00:00:00+00:00,0.00023179145884631586
2026-04-27T08:00:00+00:00,0.0006258889364596884
2026-04-27T16:00:00+00:00,0.0004811385398560094
2026-04-28T00:00:00+00:00,0.00011507347084076234
2026-04-28T08:00:00+00:00,0.00016537974616719414
2026-04-28T16:00:00+00:00,0.0007349598625416894
2026-04-29T00:00:00+00:00,0.0001922735712815496
2026-04-29T08:00:00+00:00,0.00015021658903611177
2026-04-29T16:00:00+00:00,0.0007933407390445445
2026-04-30T00:00:00+00:00,0.00017153251853554595
2026-04-30T08:00:00+00:00,0.00012380662177404706
2026-04-30T16:00:00+00:00,0.0006491365390578763
2026-05-01T00:00:00+00:00,0.0001376208444123554
2026-05-01T08:00:00+00:00,0.00045605982468277767
2026-05-01T16:00:00+00:00,0.00011457486268416455
2026-05-02T00:00:00+00:00,-4.187803618037648e-05
2026-05-02T08:00:00+00:00,7.754167792936734e-05
2026-05-02T16:00:00+00:00,0.0007575934563544936
2026-05-03T00:00:00+00:00,0.0011836803513312925
2026-05-03T08:00:00+00:00,0.0002957196154592044
2026-05-03T16:00:00+00:00,0.000124767392768448
2026-05-04T00:00:00+00:00,0.0002217967744601301
2026-05-04T08:00:00+00:00,0.00017868138830638214
2026-05-04T16:00:00+00:00,0.0004291552609875201
2026-05-05T00:00:00+00:00,3.23601067039741e-05
2026-05-05T08:00:00+00:00,-0.00032003240873517346
2026-05-05T16:00:00+00:00,0.00023126075066809664
2026-05-06T00:00:00+00:00,7.411426387901952e-05
2026-05-06T08:00:00+00:00,0.00012347548276594252
2026-05-06T16:00:00+00:00,0.00021820787181233556
2026-05-07T00:00:00+00:00,0.00019071967260704198
2026-05-07T08:00:00+00:00,0.00037818217657533017
2026-05-07T16:00:00+00:00,0.0005490293431839375
2026-05-08T00:00:00+00:00,0.00012881606801664166
2026-05-08T08:00:00+00:00,0.00036013055200167073
2026-05-08T16:00:00+00:00,0.0006570433368053612
2026-05-09T00:00:00+00:00,9.814835031210307e-08
2026-05-09T08:00:00+00:00,0.0005756160358775643
2026-05-09T16:00:00+00:00,0.00014496762753972987
2026-05-10T00:00:00+00:00,0.0002348649955735972
2026-05-10T08:00:00+00:00,0.000377441157770748
2026-05-10T16:00:00+00:00,0.00037828635120387835
2026-05-11T00:00:00+00:00,0.00037609155814278123
2026-05-11T08:00:00+00:00,0.0004894631350052464
2026-05-11T16:00:00+00:00,0.0006080685143220306
2026-05-12T00:00:00+00:00,0.00028693062253600286
2026-05-12T08:00:00+00:00,0.0003228131377620624
2026-05-12T16:00:00+00:00,0.00039693162157100636
2026-05-13T00:00:00+00:00,0.0003088520164584432
2026-05-13T08:00:00+00:00,0.00035637498504466683
2026-05-13T16:00:00+00:00,0.0007053018329612157
2026-05-14T00:00:00+00:00,0.00026469405568399387
2026-05-14T08:00:00+00:00,0.0008013291117405369
2026-05-14T16:00:00+00:00,-0.0003617015733638238
2026-05-15T00:00:00+00:00,0.0001286947884546166
2026-05-15T08:00:00+00:00,-5.612506127543121e-05
2026-05-15T16:00:00+00:00,0.0001792048486252
2026-05-16T00:00:00+00:00,5.724356544045869e-06
2026-05-16T08:00:00+00:00,3.368279085390953e-05
2026-05-16T16:00:00+00:00,0.00026037310845647974
2026-05-17T00:00:00+00:00,0.00013486484684189498
2026-05-17T08:00:00+00:00,0.00014584006080032834
2026-05-17T16:00:00+00:00,6.607630104895719e-05
2026-05-18T00:00:00+00:00,9.22018267382914e-05
2026-05-18T08:00:00+00:00,0.00011453524101410359
2026-05-18T16:00:00+00:00,-1.2864327523379016e-05
2026-05-19T00:00:00+00:00,-1.0039494086312852e-05
2026-05-19T08:00:00+00:00,-2.8015536595879552e-05
2026-05-19T16:00:00+00:00,3.8540727124933215e-05
2026-05-20T00:00:00+00:00,0.00011916620644127573
2026-05-20T08:00:00+00:00,0.00014304420337404414
2026-05-20T16:00:00+00:00,0.00043718370131363694
2026-05-21T00:00:00+00:00,2.6728314698355495e-05
2026-05-21T08:00:00+00:00,8.76155224323918e-06
2026-05-21T16:00:00+00:00,0.00031515352132748496
2026-05-22T00:00:00+00:00,-2.4181931423204523e-05
2026-05-22T08:00:00+00:00,7.288437625514851e-05
2026-05-22T16:00:00+00:00,7.009507889070958e-05
2026-05-23T00:00:00+00:00,-0.0001203387649817935
2026-05-23T08:00:00+00:00,-0.00010673194715032507
2026-05-23T16:00:00+00:00,0.00011883083184193087
2026-05-24T00:00:00+00:00,-0.000188215543343826
2026-05-24T08:00:00+00:00,-0.00015212371506177007
2026-05-24T16:00:00+00:00,0.0005426504549198882
2026-05-25T00:00:00+00:00,0.0014094880064064086
2026-05-25T08:00:00+00:00,0.0013469424874452541
2026-05-25T16:00:00+00:00,0.0012191240123871625
2026-05-26T00:00:00+00:00,0.0019020293971654496
2026-05-26T08:00:00+00:00,0.0022214827951174297
2026-05-26T16:00:00+00:00,0.0027280436328658516
2026-05-27T00:00:00+00:00,0.0007979324209354874
2026-05-27T08:00:00+00:00,0.0001572061897843188
2026-05-27T16:00:00+00:00,0.0005145925132249286
2026-05-28T00:00:00+00:00,0.00020826755881692697
2026-05-28T08:00:00+00:00,0.0002231701213369398
2026-05-28T16:00:00+00:00,0.0004298458343324066
2026-05-29T00:00:00+00:00,0.0001107867174293956
2026-05-29T08:00:00+00:00,7.338952719984198e-05
2026-05-29T16:00:00+00:00,3.41606579357397e-05
2026-05-30T00:00:00+00:00,1.7478834163520248e-05
2026-05-30T08:00:00+00:00,9.979260135624411e-05
2026-05-30T16:00:00+00:00,4.535321074257149e-05
2026-05-31T00:00:00+00:00,-5.2121141943267366e-05
2026-05-31T08:00:00+00:00,8.791746753277654e-05
2026-05-31T16:00:00+00:00,0.0004342785258044865
2026-06-01T00:00:00+00:00,-5.495256561319946e-05
2026-06-01T08:00:00+00:00,-6.636694309491661e-05
2026-06-01T16:00:00+00:00,0.0001429397741963745
2026-06-02T00:00:00+00:00,5.809107569032347e-05
2026-06-02T08:00:00+00:00,0.0003354340360406415
2026-06-02T16:00:00+00:00,-0.0003566349150388913
2026-06-03T00:00:00+00:00,-1.8259337718149374e-05
2026-06-03T08:00:00+00:00,-7.65966525581576e-05
2026-06-03T16:00:00+00:00,0.0004813485953516774
2026-06-04T00:00:00+00:00,5.51451277748694e-06
2026-06-04T08:00:00+00:00,0.0009354505580244487
2026-06-04T16:00:00+00:00,0.0006345750601130049
2026-06-05T00:00:00+00:00,0.000255094270471058
2026-06-05T08:00:00+00:00,0.0001439211585480479
2026-06-05T16:00:00+00:00,0.0008000333741280943
2026-06-06T00:00:00+00:00,-2.1478438944011835e-05
2026-06-06T08:00:00+00:00,-1.9462586948136515e-05
2026-06-06T16:00:00+00:00,0.00037283284821849926
2026-06-07T00:00:00+00:00,-6.606003871868851e-05
2026-06-07T08:00:00+00:00,2.060860183329093e-05
2026-06-07T16:00:00+00:00,0.0002421739445833519
2026-06-08T00:00:00+00:00,-3.688091193900207e-05
2026-06-08T08:00:00+00:00,0.0001588965875811368
2026-06-08T16:00:00+00:00,-0.00013700797698071806
2026-06-09T00:00:00+00:00,4.590715028813395e-06
2026-06-09T08:00:00+00:00,0.0003886055139332156
2026-06-09T16:00:00+00:00,0.00018049202221809553
2026-06-10T00:00:00+00:00,-1.7547273415171224e-06
2026-06-10T08:00:00+00:00,6.038376332534658e-05
2026-06-10T16:00:00+00:00,0.0006316845610985659
2026-06-11T00:00:00+00:00,-3.0920951620550424e-06
2026-06-11T08:00:00+00:00,0.00011673156583083853
2026-06-11T16:00:00+00:00,0.00035298265289043497
2026-06-12T00:00:00+00:00,-4.314320698226578e-05
2026-06-12T08:00:00+00:00,8.493988231207746e-06
2026-06-12T16:00:00+00:00,0.0003094564148817284
2026-06-13T00:00:00+00:00,1.992348537627789e-05
2026-06-13T08:00:00+00:00,-8.527163244556306e-05
2026-06-13T16:00:00+00:00,0.00018053182767287208
2026-06-14T00:00:00+00:00,-0.00012648057600148937
2026-06-14T08:00:00+00:00,-3.452972459358238e-05
2026-06-14T16:00:00+00:00,0.00024720403498273096
2026-06-15T00:00:00+00:00,-3.499130660268098e-06
2026-06-15T08:00:00+00:00,0.00013148209939607718
2026-06-15T16:00:00+00:00,0.00017188609651887094
2026-06-16T00:00:00+00:00,-0.0001337972287787695
2026-06-16T08:00:00+00:00,3.53709655389591e-05
2026-06-16T16:00:00+00:00,0.00025250609722177647
2026-06-17T00:00:00+00:00,2.017359220138593e-06
2026-06-17T08:00:00+00:00,-5.048941543229984e-06
2026-06-17T16:00:00+00:00,0.0006902283471539026
2026-06-18T00:00:00+00:00,3.5835554903628586e-05
2026-06-18T08:00:00+00:00,6.14074256679559e-06
2026-06-18T16:00:00+00:00,0.000143611940157391
2026-06-19T00:00:00+00:00,-7.898471888431438e-06
2026-06-19T08:00:00+00:00,-7.801365926876978e-05
2026-06-19T16:00:00+00:00,4.38629576607608e-05
2026-06-20T00:00:00+00:00,-0.0001066897265002225
2026-06-20T08:00:00+00:00,-0.00016282577812044803
2026-06-20T16:00:00+00:00,-0.0003084073445383556
2026-06-21T00:00:00+00:00,5.900525174698596e-05
