root,symbol,expiration_date,point_value,n_bars,first_date,last_date
MGC,MGCG20,2020-02-26T00:00:00Z,10,482,2018-03-28,2020-02-26
MGC,MGCJ20,2020-04-28T00:00:00Z,10,482,2018-05-30,2020-04-28
MGC,MGCM20,2020-06-26T00:00:00Z,10,503,2018-06-28,2020-06-26
MGC,MGCQ20,2020-08-27T00:00:00Z,10,483,2018-09-27,2020-08-27
MGC,MGCV20,2020-10-28T00:00:00Z,10,482,2018-11-29,2020-10-28
MGC,MGCZ20,2020-12-29T00:00:00Z,10,505,2018-12-28,2020-12-29
MGC,MGCG21,2021-02-24T00:00:00Z,10,482,2019-03-28,2021-02-24
MGC,MGCJ21,2021-04-28T00:00:00Z,10,483,2019-05-30,2021-04-28
MGC,MGCM21,2021-06-28T00:00:00Z,10,505,2019-06-27,2021-06-28
MGC,MGCQ21,2021-08-27T00:00:00Z,10,483,2019-09-30,2021-08-27
MGC,MGCV21,2021-10-27T00:00:00Z,10,483,2019-11-27,2021-10-27
MGC,MGCZ21,2021-12-29T00:00:00Z,10,505,2019-12-30,2021-12-29
MGC,MGCG22,2022-02-24T00:00:00Z,10,482,2020-03-30,2022-02-24
MGC,MGCJ22,2022-04-27T00:00:00Z,10,484,2020-05-28,2022-04-27
MGC,MGCM22,2022-06-28T00:00:00Z,10,513,2020-06-16,2022-06-28
MGC,MGCQ22,2022-08-29T00:00:00Z,10,483,2020-09-29,2022-08-29
MGC,MGCV22,2022-10-27T00:00:00Z,10,483,2020-11-27,2022-10-27
MGC,MGCZ22,2022-12-28T00:00:00Z,10,511,2020-12-17,2022-12-28
MGC,MGCG23,2023-02-24T00:00:00Z,10,480,2021-03-30,2023-02-23
MGC,MGCJ23,2023-04-26T00:00:00Z,10,482,2021-05-27,2023-04-26
MGC,MGCM23,2023-06-28T00:00:00Z,10,512,2021-06-16,2023-06-28
MGC,MGCQ23,2023-08-29T00:00:00Z,10,482,2021-09-29,2023-08-29
MGC,MGCV23,2023-10-27T00:00:00Z,10,482,2021-11-29,2023-10-27
MGC,MGCZ23,2023-12-27T00:00:00Z,10,509,2021-12-17,2023-12-27
MGC,MGCG24,2024-02-27T00:00:00Z,10,480,2022-03-30,2024-02-27
MGC,MGCJ24,2024-04-26T00:00:00Z,10,481,2022-05-27,2024-04-26
MGC,MGCM24,2024-06-26T00:00:00Z,10,509,2022-06-16,2024-06-26
MGC,MGCQ24,2024-08-28T00:00:00Z,10,481,2022-09-29,2024-08-28
MGC,MGCV24,2024-10-29T00:00:00Z,10,482,2022-11-29,2024-10-29
MGC,MGCZ24,2024-12-27T00:00:00Z,10,510,2022-12-16,2024-12-27
MGC,MGCG25,2025-02-26T00:00:00Z,10,422,2023-04-03,2025-02-26
MGC,MGCJ25,2025-04-28T00:00:00Z,10,481,2023-05-30,2025-04-28
MGC,MGCM25,2025-06-26T00:00:00Z,10,509,2023-06-16,2025-06-26
MGC,MGCQ25,2025-08-27T00:00:00Z,10,481,2023-09-28,2025-08-27
MGC,MGCV25,2025-10-29T00:00:00Z,10,482,2023-11-29,2025-10-29
MGC,MGCZ25,2025-12-29T00:00:00Z,10,511,2023-12-15,2025-12-29
MGC,MGCG26,2026-02-25T00:00:00Z,10,481,2024-03-27,2026-02-25
MGC,MGCJ26,2026-04-28T00:00:00Z,10,480,2024-05-30,2026-04-28
MGC,MGCM26,2026-06-26T00:00:00Z,10,510,2024-06-14,2026-06-26
MGC,MGCQ26,2026-08-27T00:00:00Z,10,440,2024-11-22,2026-08-27
MGC,MGCV26,2026-10-28T00:00:00Z,10,443,2024-11-27,2026-09-04
MGC,MGCZ26,2026-12-29T00:00:00Z,10,430,2024-12-17,2026-09-04
SIL,SILH20,2020-03-27T00:00:00Z,1000,253,2019-03-28,2020-03-27
SIL,SILK20,2020-05-27T00:00:00Z,1000,251,2019-05-30,2020-05-27
SIL,SILN20,2020-07-29T00:00:00Z,1000,253,2019-07-30,2020-07-29
SIL,SILU20,2020-09-28T00:00:00Z,1000,253,2019-09-27,2020-09-28
SIL,SILZ20,2020-12-29T00:00:00Z,1000,253,2019-12-30,2020-12-29
SIL,SILH21,2021-03-29T00:00:00Z,1000,252,2020-03-30,2021-03-29
SIL,SILK21,2021-05-26T00:00:00Z,1000,259,2020-05-18,2021-05-26
SIL,SILN21,2021-07-28T00:00:00Z,1000,260,2020-07-17,2021-07-28
SIL,SILU21,2021-09-28T00:00:00Z,1000,262,2020-09-16,2021-09-28
SIL,SILZ21,2021-12-29T00:00:00Z,1000,260,2020-12-17,2021-12-29
SIL,SILH22,2022-03-29T00:00:00Z,1000,262,2021-03-17,2022-03-29
SIL,SILK22,2022-05-26T00:00:00Z,1000,262,2021-05-14,2022-05-26
SIL,SILN22,2022-07-27T00:00:00Z,1000,260,2021-07-16,2022-07-27
SIL,SILU22,2022-09-28T00:00:00Z,1000,261,2021-09-16,2022-09-28
SIL,SILZ22,2022-12-28T00:00:00Z,1000,259,2021-12-17,2022-12-28
SIL,SILH23,2023-03-29T00:00:00Z,1000,260,2022-03-17,2023-03-29
SIL,SILK23,2023-05-26T00:00:00Z,1000,260,2022-05-16,2023-05-26
SIL,SILN23,2023-07-27T00:00:00Z,1000,260,2022-07-15,2023-07-27
SIL,SILU23,2023-09-27T00:00:00Z,1000,259,2022-09-16,2023-09-27
SIL,SILZ23,2023-12-27T00:00:00Z,1000,258,2022-12-16,2023-12-27
SIL,SILH24,2024-03-26T00:00:00Z,1000,258,2023-03-17,2024-03-26
SIL,SILK24,2024-05-29T00:00:00Z,1000,260,2023-05-17,2024-05-29
SIL,SILN24,2024-07-29T00:00:00Z,1000,261,2023-07-17,2024-07-29
SIL,SILU24,2024-09-26T00:00:00Z,1000,260,2023-09-15,2024-09-26
SIL,SILZ24,2024-12-27T00:00:00Z,1000,260,2023-12-15,2024-12-27
SIL,SILH25,2025-03-27T00:00:00Z,1000,261,2024-03-14,2025-03-27
SIL,SILK25,2025-05-28T00:00:00Z,1000,258,2024-05-17,2025-05-28
SIL,SILN25,2025-07-29T00:00:00Z,1000,260,2024-07-17,2025-07-29
SIL,SILU25,2025-09-26T00:00:00Z,1000,260,2024-09-16,2025-09-26
SIL,SILZ25,2025-12-29T00:00:00Z,1000,259,2024-12-17,2025-12-29
SIL,SILH26,2026-03-27T00:00:00Z,1000,260,2025-03-17,2026-03-27
SIL,SILK26,2026-05-27T00:00:00Z,1000,258,2025-05-16,2026-05-27
SIL,SILN26,2026-07-29T00:00:00Z,1000,261,2025-07-16,2026-07-29
SIL,SILU26,2026-09-28T00:00:00Z,1000,244,2025-09-16,2026-09-03
SIL,SILZ26,2026-12-29T00:00:00Z,1000,180,2025-12-17,2026-09-04
MHG,MHGM22,2022-05-26T00:00:00Z,2500,23,2022-04-26,2022-05-26
MHG,MHGN22,2022-06-28T00:00:00Z,2500,44,2022-04-26,2022-06-28
MHG,MHGQ22,2022-07-27T00:00:00Z,2500,64,2022-04-26,2022-07-27
MHG,MHGU22,2022-08-29T00:00:00Z,2500,87,2022-04-26,2022-08-29
MHG,MHGV22,2022-09-28T00:00:00Z,2500,108,2022-04-26,2022-09-28
MHG,MHGX22,2022-10-27T00:00:00Z,2500,129,2022-04-26,2022-10-27
MHG,MHGZ22,2022-11-28T00:00:00Z,2500,150,2022-04-26,2022-11-28
MHG,MHGF23,2022-12-28T00:00:00Z,2500,171,2022-04-26,2022-12-28
MHG,MHGG23,2023-01-27T00:00:00Z,2500,191,2022-04-26,2023-01-27
MHG,MHGH23,2023-02-24T00:00:00Z,2500,210,2022-04-26,2023-02-24
MHG,MHGJ23,2023-03-29T00:00:00Z,2500,233,2022-04-26,2023-03-29
MHG,MHGK23,2023-04-26T00:00:00Z,2500,252,2022-04-26,2023-04-26
MHG,MHGM23,2023-05-26T00:00:00Z,2500,274,2022-04-26,2023-05-26
MHG,MHGN23,2023-06-28T00:00:00Z,2500,295,2022-04-26,2023-06-28
MHG,MHGQ23,2023-07-27T00:00:00Z,2500,315,2022-04-26,2023-07-27
MHG,MHGU23,2023-08-29T00:00:00Z,2500,338,2022-04-26,2023-08-29
MHG,MHGV23,2023-09-27T00:00:00Z,2500,359,2022-04-26,2023-09-27
MHG,MHGX23,2023-10-27T00:00:00Z,2500,380,2022-04-26,2023-10-27
MHG,MHGZ23,2023-11-28T00:00:00Z,2500,401,2022-04-26,2023-11-28
MHG,MHGF24,2023-12-27T00:00:00Z,2500,421,2022-04-26,2023-12-27
MHG,MHGG24,2024-01-29T00:00:00Z,2500,442,2022-04-26,2024-01-29
MHG,MHGH24,2024-02-27T00:00:00Z,2500,462,2022-04-26,2024-02-27
MHG,MHGJ24,2024-03-26T00:00:00Z,2500,480,2022-04-28,2024-03-26
MHG,MHGK24,2024-04-26T00:00:00Z,2500,504,2022-04-26,2024-04-26
MHG,MHGM24,2024-05-29T00:00:00Z,2500,483,2022-06-28,2024-05-29
MHG,MHGN24,2024-06-26T00:00:00Z,2500,545,2022-04-26,2024-06-26
MHG,MHGQ24,2024-07-29T00:00:00Z,2500,480,2022-08-30,2024-07-29
MHG,MHGU24,2024-08-28T00:00:00Z,2500,589,2022-04-26,2024-08-28
MHG,MHGV24,2024-09-26T00:00:00Z,2500,479,2022-10-28,2024-09-26
MHG,MHGX24,2024-10-29T00:00:00Z,2500,482,2022-11-29,2024-10-29
MHG,MHGZ24,2024-11-26T00:00:00Z,2500,652,2022-04-26,2024-11-26
MHG,MHGF25,2024-12-27T00:00:00Z,2500,482,2023-01-30,2024-12-27
MHG,MHGG25,2025-01-29T00:00:00Z,2500,485,2023-02-27,2025-01-29
MHG,MHGH25,2025-02-26T00:00:00Z,2500,713,2022-04-26,2025-02-26
MHG,MHGJ25,2025-03-27T00:00:00Z,2500,483,2023-04-27,2025-03-27
MHG,MHGK25,2025-04-28T00:00:00Z,2500,755,2022-04-26,2025-04-28
MHG,MHGM25,2025-05-28T00:00:00Z,2500,482,2023-06-29,2025-05-28
MHG,MHGN25,2025-06-26T00:00:00Z,2500,797,2022-04-26,2025-06-26
MHG,MHGQ25,2025-07-29T00:00:00Z,2500,257,2024-07-19,2025-07-29
MHG,MHGU25,2025-08-27T00:00:00Z,2500,840,2022-04-26,2025-08-27
MHG,MHGV25,2025-09-26T00:00:00Z,2500,480,2023-10-30,2025-09-26
MHG,MHGX25,2025-10-29T00:00:00Z,2500,481,2023-11-29,2025-10-29
MHG,MHGZ25,2025-11-25T00:00:00Z,2500,900,2022-04-29,2025-11-25
MHG,MHGF26,2025-12-29T00:00:00Z,2500,481,2024-01-30,2025-12-29
MHG,MHGG26,2026-01-28T00:00:00Z,2500,482,2024-02-28,2026-01-28
MHG,MHGH26,2026-02-25T00:00:00Z,2500,900,2022-07-26,2026-02-25
MHG,MHGJ26,2026-03-27T00:00:00Z,2500,479,2024-04-29,2026-03-27
MHG,MHGK26,2026-04-28T00:00:00Z,2500,900,2022-09-23,2026-04-28
MHG,MHGM26,2026-05-27T00:00:00Z,2500,478,2024-06-27,2026-05-27
MHG,MHGN26,2026-06-26T00:00:00Z,2500,900,2022-11-22,2026-06-26
MHG,MHGQ26,2026-07-29T00:00:00Z,2500,477,2024-08-29,2026-07-29
MHG,MHGU26,2026-08-27T00:00:00Z,2500,900,2023-01-26,2026-08-27
MHG,MHGV26,2026-09-28T00:00:00Z,2500,461,2024-10-30,2026-09-03
MHG,MHGX26,2026-10-28T00:00:00Z,2500,442,2024-11-27,2026-09-03
MHG,MHGZ26,2026-11-25T00:00:00Z,2500,901,2023-02-02,2026-09-04
PL,PLF20,2020-01-29T00:00:00Z,50,314,2018-10-29,2020-01-29
PL,PLJ20,2020-04-28T00:00:00Z,50,315,2019-01-29,2020-04-28
PL,PLN20,2020-07-29T00:00:00Z,50,318,2019-04-26,2020-07-29
PL,PLV20,2020-10-28T00:00:00Z,50,318,2019-07-29,2020-10-28
PL,PLF21,2021-01-27T00:00:00Z,50,314,2019-10-29,2021-01-27
PL,PLJ21,2021-04-28T00:00:00Z,50,315,2020-01-29,2021-04-28
PL,PLN21,2021-07-28T00:00:00Z,50,316,2020-04-28,2021-07-28
PL,PLV21,2021-10-27T00:00:00Z,50,316,2020-07-29,2021-10-27
PL,PLF22,2022-01-27T00:00:00Z,50,315,2020-10-28,2022-01-27
PL,PLJ22,2022-04-27T00:00:00Z,50,316,2021-01-27,2022-04-27
PL,PLN22,2022-07-27T00:00:00Z,50,315,2021-04-28,2022-07-27
PL,PLV22,2022-10-27T00:00:00Z,50,317,2021-07-28,2022-10-27
PL,PLF23,2023-01-27T00:00:00Z,50,315,2021-10-27,2023-01-27
PL,PLJ23,2023-04-26T00:00:00Z,50,313,2022-01-27,2023-04-26
PL,PLN23,2023-07-27T00:00:00Z,50,314,2022-04-27,2023-07-27
PL,PLV23,2023-10-27T00:00:00Z,50,317,2022-07-27,2023-10-27
PL,PLF24,2024-01-29T00:00:00Z,50,314,2022-10-27,2024-01-29
PL,PLJ24,2024-04-26T00:00:00Z,50,314,2023-01-27,2024-04-26
PL,PLN24,2024-07-29T00:00:00Z,50,316,2023-04-26,2024-07-29
PL,PLV24,2024-10-29T00:00:00Z,50,327,2023-07-14,2024-10-29
PL,PLF25,2025-01-29T00:00:00Z,50,389,2023-07-14,2025-01-29
PL,PLJ25,2025-04-28T00:00:00Z,50,450,2023-07-14,2025-04-28
PL,PLN25,2025-07-29T00:00:00Z,50,513,2023-07-14,2025-07-29
PL,PLV25,2025-10-29T00:00:00Z,50,578,2023-07-14,2025-10-29
PL,PLF26,2026-01-28T00:00:00Z,50,639,2023-07-14,2026-01-28
PL,PLJ26,2026-04-28T00:00:00Z,50,700,2023-07-14,2026-04-28
PL,PLN26,2026-07-29T00:00:00Z,50,753,2023-07-27,2026-07-29
PL,PLV26,2026-10-28T00:00:00Z,50,713,2023-10-27,2026-09-03
MNQ,MNQH20,2020-03-20T00:00:00Z,2,223,2019-05-03,2020-03-20
MNQ,MNQM20,2020-06-19T00:00:00Z,2,286,2019-05-03,2020-06-19
MNQ,MNQU20,2020-09-18T00:00:00Z,2,316,2019-06-20,2020-09-18
MNQ,MNQZ20,2020-12-18T00:00:00Z,2,316,2019-09-19,2020-12-17
MNQ,MNQH21,2021-03-19T00:00:00Z,2,314,2019-12-19,2021-03-19
MNQ,MNQM21,2021-06-18T00:00:00Z,2,316,2020-03-19,2021-06-18
MNQ,MNQU21,2021-09-17T00:00:00Z,2,316,2020-06-18,2021-09-17
MNQ,MNQZ21,2021-12-17T00:00:00Z,2,317,2020-09-17,2021-12-17
MNQ,MNQH22,2022-03-18T00:00:00Z,2,314,2020-12-17,2022-03-17
MNQ,MNQM22,2022-06-17T00:00:00Z,2,317,2021-03-18,2022-06-17
MNQ,MNQU22,2022-09-16T00:00:00Z,2,299,2021-06-17,2022-09-16
MNQ,MNQZ22,2022-12-16T00:00:00Z,2,274,2021-09-16,2022-12-15
MNQ,MNQH23,2023-03-17T00:00:00Z,2,314,2021-12-16,2023-03-17
MNQ,MNQM23,2023-06-16T00:00:00Z,2,316,2022-03-17,2023-06-16
MNQ,MNQU23,2023-09-15T00:00:00Z,2,316,2022-06-15,2023-09-15
MNQ,MNQZ23,2023-12-15T00:00:00Z,2,324,2022-09-06,2023-12-15
MNQ,MNQH24,2024-03-15T00:00:00Z,2,315,2022-12-14,2024-03-15
MNQ,MNQM24,2024-06-21T00:00:00Z,2,320,2023-03-16,2024-06-21
MNQ,MNQU24,2024-09-20T00:00:00Z,2,320,2023-06-14,2024-09-20
MNQ,MNQZ24,2024-12-20T00:00:00Z,2,328,2023-09-05,2024-12-20
MNQ,MNQH25,2025-03-21T00:00:00Z,2,325,2023-12-04,2025-03-21
MNQ,MNQM25,2025-06-20T00:00:00Z,2,326,2024-03-04,2025-06-20
MNQ,MNQU25,2025-09-19T00:00:00Z,2,321,2024-06-10,2025-09-19
MNQ,MNQZ25,2025-12-19T00:00:00Z,2,323,2024-09-09,2025-12-19
MNQ,MNQH26,2026-03-20T00:00:00Z,2,320,2024-12-09,2026-03-20
MNQ,MNQM26,2026-06-18T00:00:00Z,2,322,2025-03-10,2026-06-18
MNQ,MNQU26,2026-09-18T00:00:00Z,2,313,2025-06-09,2026-09-04
MNQ,MNQZ26,2026-12-18T00:00:00Z,2,250,2025-09-08,2026-09-03
