date,time_et,event,tier,source
2026-09-16,14:00,FOMC,1,federalreserve.gov/monetarypolicy/fomccalendars.htm
2026-10-28,14:00,FOMC,1,federalreserve.gov/monetarypolicy/fomccalendars.htm
2026-12-09,14:00,FOMC,1,federalreserve.gov/monetarypolicy/fomccalendars.htm
2027-01-27,14:00,FOMC,1,federalreserve.gov/monetarypolicy/fomccalendars.htm
2027-03-17,14:00,FOMC,1,federalreserve.gov/monetarypolicy/fomccalendars.htm
2027-04-28,14:00,FOMC,1,federalreserve.gov/monetarypolicy/fomccalendars.htm
2027-06-09,14:00,FOMC,1,federalreserve.gov/monetarypolicy/fomccalendars.htm
2027-07-28,14:00,FOMC,1,federalreserve.gov/monetarypolicy/fomccalendars.htm
2027-09-15,14:00,FOMC,1,federalreserve.gov/monetarypolicy/fomccalendars.htm
2027-10-27,14:00,FOMC,1,federalreserve.gov/monetarypolicy/fomccalendars.htm
2027-12-08,14:00,FOMC,1,federalreserve.gov/monetarypolicy/fomccalendars.htm
